removed_filepath,filename,original_split,original_folder,target_class,md5,canonical_destination,removal_reason
E:\Mega project\MedvisionAi-\ML-Model\data\Train\Oral Cancer\CANCER\001.jpeg,001.jpeg,train,CANCER,CANCER,c720301019feb599f5cb6814b0047331,E:\Mega project\MedvisionAi-\ML-Model\cleaned_data\oral\Test\CANCER\oral_002.jpeg,Cross-split leakage copy (original split: train vs allocated: Test)
E:\Mega project\MedvisionAi-\ML-Model\data\Train\Oral Cancer\CANCER 1\003.jpeg,003.jpeg,train,CANCER 1,CANCER,7e70e2838bede63d52126dc19ef708c5,E:\Mega project\MedvisionAi-\ML-Model\cleaned_data\oral\Train\CANCER\oral_002.jpeg,Intra-split duplicate copy in folder CANCER 1
E:\Mega project\MedvisionAi-\ML-Model\data\Train\Oral Cancer\CANCER 1\004.jpeg,004.jpeg,train,CANCER 1,CANCER,baac62f53085c53ab46aefb4dbbf71f3,E:\Mega project\MedvisionAi-\ML-Model\cleaned_data\oral\Train\CANCER\oral_003.jpeg,Intra-split duplicate copy in folder CANCER 1
E:\Mega project\MedvisionAi-\ML-Model\data\Train\Oral Cancer\CANCER 1\005.jpeg,005.jpeg,train,CANCER 1,CANCER,a1cffd774c78f4437f7df4ab4ba2265d,E:\Mega project\MedvisionAi-\ML-Model\cleaned_data\oral\Train\CANCER\oral_004.jpeg,Intra-split duplicate copy in folder CANCER 1
E:\Mega project\MedvisionAi-\ML-Model\data\Train\Oral Cancer\CANCER\005.jpeg,005.jpeg,train,CANCER,CANCER,81ef65654a658afca3117541ca940a4b,E:\Mega project\MedvisionAi-\ML-Model\cleaned_data\oral\Validation\CANCER\oral_006.jpeg,Cross-split leakage copy (original split: train vs allocated: Validation)
E:\Mega project\MedvisionAi-\ML-Model\data\Train\Oral Cancer\CANCER 1\007.jpeg,007.jpeg,train,CANCER 1,CANCER,93c8c5eb572ec3b8bf2136e90a49ec4b,E:\Mega project\MedvisionAi-\ML-Model\cleaned_data\oral\Train\CANCER\oral_006.jpeg,Intra-split duplicate copy in folder CANCER 1
E:\Mega project\MedvisionAi-\ML-Model\data\Train\Oral Cancer\CANCER\007.jpeg,007.jpeg,train,CANCER,CANCER,2ee2f8ecce46365ccba91cdfe4344931,E:\Mega project\MedvisionAi-\ML-Model\cleaned_data\oral\Validation\CANCER\oral_008.jpeg,Cross-split leakage copy (original split: train vs allocated: Validation)
E:\Mega project\MedvisionAi-\ML-Model\data\Train\Oral Cancer\CANCER 1\009.jpeg,009.jpeg,train,CANCER 1,CANCER,7dbdb49c0f74005fea7e338bd3b555d7,E:\Mega project\MedvisionAi-\ML-Model\cleaned_data\oral\Train\CANCER\oral_008.jpeg,Intra-split duplicate copy in folder CANCER 1
E:\Mega project\MedvisionAi-\ML-Model\data\Train\Oral Cancer\CANCER 1\010.jpeg,010.jpeg,train,CANCER 1,CANCER,f1fd104db9252f7a208db73c45d89400,E:\Mega project\MedvisionAi-\ML-Model\cleaned_data\oral\Train\CANCER\oral_009.jpeg,Intra-split duplicate copy in folder CANCER 1
E:\Mega project\MedvisionAi-\ML-Model\data\Train\Oral Cancer\CANCER 1\011.jpeg,011.jpeg,train,CANCER 1,CANCER,dc9013b973d7a22c46e98a4cd5702c36,E:\Mega project\MedvisionAi-\ML-Model\cleaned_data\oral\Train\CANCER\oral_010.jpeg,Intra-split duplicate copy in folder CANCER 1
E:\Mega project\MedvisionAi-\ML-Model\data\Train\Oral Cancer\CANCER 1\014.jpeg,014.jpeg,train,CANCER 1,CANCER,284d8efc23b7f9584d617865ce60f2df,E:\Mega project\MedvisionAi-\ML-Model\cleaned_data\oral\Train\CANCER\oral_013.jpeg,Intra-split duplicate copy in folder CANCER 1
E:\Mega project\MedvisionAi-\ML-Model\data\Train\Oral Cancer\CANCER 1\015.jpeg,015.jpeg,train,CANCER 1,CANCER,8f093c551dc200597ffee54f81aada5d,E:\Mega project\MedvisionAi-\ML-Model\cleaned_data\oral\Train\CANCER\oral_014.jpeg,Intra-split duplicate copy in folder CANCER 1
E:\Mega project\MedvisionAi-\ML-Model\data\Train\Oral Cancer\CANCER 1\016.jpeg,016.jpeg,train,CANCER 1,CANCER,389afa06cc913c6c0288a4dfb0b26e29,E:\Mega project\MedvisionAi-\ML-Model\cleaned_data\oral\Train\CANCER\oral_015.jpeg,Intra-split duplicate copy in folder CANCER 1
E:\Mega project\MedvisionAi-\ML-Model\data\Train\Oral Cancer\CANCER\016.jpeg,016.jpeg,train,CANCER,CANCER,e067d0c50817357e4b7083a78f4b6664,E:\Mega project\MedvisionAi-\ML-Model\cleaned_data\oral\Test\CANCER\oral_017.jpeg,Cross-split leakage copy (original split: train vs allocated: Test)
E:\Mega project\MedvisionAi-\ML-Model\data\Train\Oral Cancer\CANCER 1\019.jpeg,019.jpeg,train,CANCER 1,CANCER,0597ce8de38ff2645f45669094c9a9f9,E:\Mega project\MedvisionAi-\ML-Model\cleaned_data\oral\Train\CANCER\oral_017.jpeg,Intra-split duplicate copy in folder CANCER 1
E:\Mega project\MedvisionAi-\ML-Model\data\Train\Oral Cancer\CANCER 1\020.jpeg,020.jpeg,train,CANCER 1,CANCER,21ce3e03898be3df58948df92271c229,E:\Mega project\MedvisionAi-\ML-Model\cleaned_data\oral\Train\CANCER\oral_018.jpeg,Intra-split duplicate copy in folder CANCER 1
E:\Mega project\MedvisionAi-\ML-Model\data\Train\Oral Cancer\CANCER 1\021.jpeg,021.jpeg,train,CANCER 1,CANCER,029623869bb171e6d7c81c7a802f888b,E:\Mega project\MedvisionAi-\ML-Model\cleaned_data\oral\Train\CANCER\oral_019.jpeg,Intra-split duplicate copy in folder CANCER 1
E:\Mega project\MedvisionAi-\ML-Model\data\Train\Oral Cancer\CANCER\020.jpeg,020.jpeg,train,CANCER,CANCER,b9a879fc004bafaa0cfc73132bac72f9,E:\Mega project\MedvisionAi-\ML-Model\cleaned_data\oral\Validation\CANCER\oral_022.jpeg,Cross-split leakage copy (original split: train vs allocated: Validation)
E:\Mega project\MedvisionAi-\ML-Model\data\Train\Oral Cancer\CANCER\021.jpeg,021.jpeg,train,CANCER,CANCER,721e5a042f0dee87a58f6635cb39ed04,E:\Mega project\MedvisionAi-\ML-Model\cleaned_data\oral\Test\CANCER\oral_023.jpeg,Cross-split leakage copy (original split: train vs allocated: Test)
E:\Mega project\MedvisionAi-\ML-Model\data\Train\Oral Cancer\CANCER 1\028.jpeg,028.jpeg,train,CANCER 1,CANCER,422f46da1a6da2ff72c995d34dc8dcef,E:\Mega project\MedvisionAi-\ML-Model\cleaned_data\oral\Train\CANCER\oral_022.jpeg,Intra-split duplicate copy in folder CANCER 1
E:\Mega project\MedvisionAi-\ML-Model\data\Train\Oral Cancer\CANCER 1\031.jpeg,031.jpeg,train,CANCER 1,CANCER,15b28dccc6631ad41861a075020f19b5,E:\Mega project\MedvisionAi-\ML-Model\cleaned_data\oral\Train\CANCER\oral_023.jpeg,Intra-split duplicate copy in folder CANCER 1
E:\Mega project\MedvisionAi-\ML-Model\data\Train\Oral Cancer\CANCER 1\032.jpeg,032.jpeg,train,CANCER 1,CANCER,c23eb2eee7e229605dc52352727c5e5a,E:\Mega project\MedvisionAi-\ML-Model\cleaned_data\oral\Train\CANCER\oral_024.jpeg,Intra-split duplicate copy in folder CANCER 1
E:\Mega project\MedvisionAi-\ML-Model\data\Train\Oral Cancer\CANCER 1\033.jpeg,033.jpeg,train,CANCER 1,CANCER,2eaa4c30f678b288a459a5a33b393c95,E:\Mega project\MedvisionAi-\ML-Model\cleaned_data\oral\Train\CANCER\oral_025.jpeg,Intra-split duplicate copy in folder CANCER 1
E:\Mega project\MedvisionAi-\ML-Model\data\Train\Oral Cancer\CANCER 1\035.jpeg,035.jpeg,train,CANCER 1,CANCER,2cbffc033d125a01419ea08b093efee2,E:\Mega project\MedvisionAi-\ML-Model\cleaned_data\oral\Train\CANCER\oral_027.jpeg,Intra-split duplicate copy in folder CANCER 1
E:\Mega project\MedvisionAi-\ML-Model\data\Train\Oral Cancer\CANCER 1\036.jpeg,036.jpeg,train,CANCER 1,CANCER,932f6233a72b0d18c0d0a62c873a515b,E:\Mega project\MedvisionAi-\ML-Model\cleaned_data\oral\Train\CANCER\oral_028.jpeg,Intra-split duplicate copy in folder CANCER 1
E:\Mega project\MedvisionAi-\ML-Model\data\Train\Oral Cancer\CANCER 1\037.jpeg,037.jpeg,train,CANCER 1,CANCER,2f1c944d615a2463e15742d0eda16b93,E:\Mega project\MedvisionAi-\ML-Model\cleaned_data\oral\Train\CANCER\oral_029.jpeg,Intra-split duplicate copy in folder CANCER 1
E:\Mega project\MedvisionAi-\ML-Model\data\Train\Oral Cancer\CANCER\030.jpeg,030.jpeg,train,CANCER,CANCER,1f53332594aae655b3fb3a097159b2e0,E:\Mega project\MedvisionAi-\ML-Model\cleaned_data\oral\Test\CANCER\oral_038.jpeg,Cross-split leakage copy (original split: train vs allocated: Test)
E:\Mega project\MedvisionAi-\ML-Model\data\Train\Oral Cancer\CANCER 1\039.jpeg,039.jpeg,train,CANCER 1,CANCER,c4dae698df305bd81fd5756f4608f9b8,E:\Mega project\MedvisionAi-\ML-Model\cleaned_data\oral\Train\CANCER\oral_031.jpeg,Intra-split duplicate copy in folder CANCER 1
E:\Mega project\MedvisionAi-\ML-Model\data\Train\Oral Cancer\CANCER 1\040.jpeg,040.jpeg,train,CANCER 1,CANCER,015824d3cda3634574c56b40a8925153,E:\Mega project\MedvisionAi-\ML-Model\cleaned_data\oral\Train\CANCER\oral_032.jpeg,Intra-split duplicate copy in folder CANCER 1
E:\Mega project\MedvisionAi-\ML-Model\data\Train\Oral Cancer\CANCER\033.jpeg,033.jpeg,train,CANCER,CANCER,769f77031f7310fd4596d8d46f4e5a3f,E:\Mega project\MedvisionAi-\ML-Model\cleaned_data\oral\Validation\CANCER\oral_041.jpeg,Cross-split leakage copy (original split: train vs allocated: Validation)
E:\Mega project\MedvisionAi-\ML-Model\data\Train\Oral Cancer\CANCER 1\043.jpeg,043.jpeg,train,CANCER 1,CANCER,b26a04726e692d10a4d84e46994ba94e,E:\Mega project\MedvisionAi-\ML-Model\cleaned_data\oral\Train\CANCER\oral_034.jpeg,Intra-split duplicate copy in folder CANCER 1
E:\Mega project\MedvisionAi-\ML-Model\data\Train\Oral Cancer\CANCER\035.jpeg,035.jpeg,train,CANCER,CANCER,436ab44120a8cc0ded4c74a08569f712,E:\Mega project\MedvisionAi-\ML-Model\cleaned_data\oral\Validation\CANCER\oral_044.jpeg,Cross-split leakage copy (original split: train vs allocated: Validation)
E:\Mega project\MedvisionAi-\ML-Model\data\Train\Oral Cancer\CANCER 1\045.jpeg,045.jpeg,train,CANCER 1,CANCER,00faf28779e8cd3efa4350c40a28b639,E:\Mega project\MedvisionAi-\ML-Model\cleaned_data\oral\Train\CANCER\oral_036.jpeg,Intra-split duplicate copy in folder CANCER 1
E:\Mega project\MedvisionAi-\ML-Model\data\Train\Oral Cancer\CANCER\037.jpeg,037.jpeg,train,CANCER,CANCER,db6c6d583ae98dc2d85535ab2199e6c2,E:\Mega project\MedvisionAi-\ML-Model\cleaned_data\oral\Test\CANCER\oral_046.jpeg,Cross-split leakage copy (original split: train vs allocated: Test)
E:\Mega project\MedvisionAi-\ML-Model\data\Train\Oral Cancer\CANCER 1\049.jpeg,049.jpeg,train,CANCER 1,CANCER,a2d7715f305399e6b6e81d5a7eccb340,E:\Mega project\MedvisionAi-\ML-Model\cleaned_data\oral\Train\CANCER\oral_038.jpeg,Intra-split duplicate copy in folder CANCER 1
E:\Mega project\MedvisionAi-\ML-Model\data\Train\Oral Cancer\CANCER 1\050.jpeg,050.jpeg,train,CANCER 1,CANCER,d041ecf179aad2d14da37c63de879c48,E:\Mega project\MedvisionAi-\ML-Model\cleaned_data\oral\Train\CANCER\oral_039.jpeg,Intra-split duplicate copy in folder CANCER 1
E:\Mega project\MedvisionAi-\ML-Model\data\Train\Oral Cancer\CANCER 1\051.jpeg,051.jpeg,train,CANCER 1,CANCER,36685be30465b516867c5ed197c8d183,E:\Mega project\MedvisionAi-\ML-Model\cleaned_data\oral\Train\CANCER\oral_040.jpeg,Intra-split duplicate copy in folder CANCER 1
E:\Mega project\MedvisionAi-\ML-Model\data\Train\Oral Cancer\CANCER 1\025.jpeg,025.jpeg,train,CANCER 1,CANCER,d180e5cf1bb53f73fca1ecaf76e91ba8,E:\Mega project\MedvisionAi-\ML-Model\cleaned_data\oral\Train\CANCER\oral_042.jpeg,Intra-split duplicate copy in folder CANCER 1
E:\Mega project\MedvisionAi-\ML-Model\data\Train\Oral Cancer\CANCER 1\029.jpeg,029.jpeg,train,CANCER 1,CANCER,bfc167697eca461b8f98478263a8f6f2,E:\Mega project\MedvisionAi-\ML-Model\cleaned_data\oral\Train\CANCER\oral_043.jpeg,Intra-split duplicate copy in folder CANCER 1
E:\Mega project\MedvisionAi-\ML-Model\data\Train\Oral Cancer\CANCER 1\030.jpeg,030.jpeg,train,CANCER 1,CANCER,dfceb7c94e154ac730c626f826e7e0f5,E:\Mega project\MedvisionAi-\ML-Model\cleaned_data\oral\Train\CANCER\oral_044.jpeg,Intra-split duplicate copy in folder CANCER 1
E:\Mega project\MedvisionAi-\ML-Model\data\Train\Oral Cancer\CANCER 1\061.jpeg,061.jpeg,train,CANCER 1,CANCER,24e35fc131729b0dbbfd090d4b6dc7ab,E:\Mega project\MedvisionAi-\ML-Model\cleaned_data\oral\Train\CANCER\oral_048.jpeg,Intra-split duplicate copy in folder CANCER 1
E:\Mega project\MedvisionAi-\ML-Model\data\Train\Oral Cancer\CANCER\051.jpeg,051.jpeg,train,CANCER,CANCER,6b33a7cf63d2007610af27644fb7fde3,E:\Mega project\MedvisionAi-\ML-Model\cleaned_data\oral\Validation\CANCER\oral_065.jpeg,Cross-split leakage copy (original split: train vs allocated: Validation)
E:\Mega project\MedvisionAi-\ML-Model\data\Train\Oral Cancer\CANCER 1\069.jpeg,069.jpeg,train,CANCER 1,CANCER,64686bec25a2f1591a096b92b7d03500,E:\Mega project\MedvisionAi-\ML-Model\cleaned_data\oral\Train\CANCER\oral_053.jpeg,Intra-split duplicate copy in folder CANCER 1
E:\Mega project\MedvisionAi-\ML-Model\data\Train\Oral Cancer\CANCER 1\070.jpeg,070.jpeg,train,CANCER 1,CANCER,6296e49ecd461224c1f84bb3e9de5914,E:\Mega project\MedvisionAi-\ML-Model\cleaned_data\oral\Train\CANCER\oral_054.jpeg,Intra-split duplicate copy in folder CANCER 1
E:\Mega project\MedvisionAi-\ML-Model\data\Train\Oral Cancer\CANCER 1\071.jpeg,071.jpeg,train,CANCER 1,CANCER,985c45e449d3501c44f76679ceded15f,E:\Mega project\MedvisionAi-\ML-Model\cleaned_data\oral\Train\CANCER\oral_055.jpeg,Intra-split duplicate copy in folder CANCER 1
E:\Mega project\MedvisionAi-\ML-Model\data\Train\Oral Cancer\CANCER 1\073.jpeg,073.jpeg,train,CANCER 1,CANCER,8dbe3a305de8f99991e85e53dbe12a87,E:\Mega project\MedvisionAi-\ML-Model\cleaned_data\oral\Train\CANCER\oral_057.jpeg,Intra-split duplicate copy in folder CANCER 1
E:\Mega project\MedvisionAi-\ML-Model\data\Train\Oral Cancer\CANCER 1\074.jpeg,074.jpeg,train,CANCER 1,CANCER,cf8ffc7b58a4589e361c69f2a329603c,E:\Mega project\MedvisionAi-\ML-Model\cleaned_data\oral\Train\CANCER\oral_058.jpeg,Intra-split duplicate copy in folder CANCER 1
E:\Mega project\MedvisionAi-\ML-Model\data\Train\Oral Cancer\CANCER\059.jpeg,059.jpeg,train,CANCER,CANCER,d784097e74cc946816b2f859e433c688,E:\Mega project\MedvisionAi-\ML-Model\cleaned_data\oral\Test\CANCER\oral_075.jpeg,Cross-split leakage copy (original split: train vs allocated: Test)
E:\Mega project\MedvisionAi-\ML-Model\data\Train\Oral Cancer\CANCER 1\081.jpeg,081.jpeg,train,CANCER 1,CANCER,305170e49b00db2c1badeae0dedf3b50,E:\Mega project\MedvisionAi-\ML-Model\cleaned_data\oral\Train\CANCER\oral_063.jpeg,Intra-split duplicate copy in folder CANCER 1
E:\Mega project\MedvisionAi-\ML-Model\data\Train\Oral Cancer\CANCER\065.jpeg,065.jpeg,train,CANCER,CANCER,30f6e65c6755e01bd2404712559a2186,E:\Mega project\MedvisionAi-\ML-Model\cleaned_data\oral\Test\CANCER\oral_083.jpeg,Cross-split leakage copy (original split: train vs allocated: Test)
E:\Mega project\MedvisionAi-\ML-Model\data\Train\Oral Cancer\CANCER\066.jpeg,066.jpeg,train,CANCER,CANCER,ae46ed737fe7ba1c6733105573347f6f,E:\Mega project\MedvisionAi-\ML-Model\cleaned_data\oral\Test\CANCER\oral_084.jpeg,Cross-split leakage copy (original split: train vs allocated: Test)
E:\Mega project\MedvisionAi-\ML-Model\data\Train\Oral Cancer\CANCER 1\085.jpeg,085.jpeg,train,CANCER 1,CANCER,f9ec7591b2e471a8555b2969aecedc1d,E:\Mega project\MedvisionAi-\ML-Model\cleaned_data\oral\Train\CANCER\oral_067.jpeg,Intra-split duplicate copy in folder CANCER 1
E:\Mega project\MedvisionAi-\ML-Model\data\Train\Oral Cancer\CANCER 1\086.jpeg,086.jpeg,train,CANCER 1,CANCER,fe17de62e2e493064423f6457384de64,E:\Mega project\MedvisionAi-\ML-Model\cleaned_data\oral\Train\CANCER\oral_068.jpeg,Intra-split duplicate copy in folder CANCER 1
E:\Mega project\MedvisionAi-\ML-Model\data\Train\Oral Cancer\CANCER 1\090.jpeg,090.jpeg,train,CANCER 1,CANCER,35ae2e854647f7c42b9f1ff4a1674c3a,E:\Mega project\MedvisionAi-\ML-Model\cleaned_data\oral\Train\CANCER\oral_072.jpeg,Intra-split duplicate copy in folder CANCER 1
E:\Mega project\MedvisionAi-\ML-Model\data\Train\Oral Cancer\CANCER\074.jpeg,074.jpeg,train,CANCER,CANCER,5076c11d1cadf4ef4264de5731adbb5d,E:\Mega project\MedvisionAi-\ML-Model\cleaned_data\oral\Validation\CANCER\oral_092.jpeg,Cross-split leakage copy (original split: train vs allocated: Validation)
E:\Mega project\MedvisionAi-\ML-Model\data\Train\Oral Cancer\CANCER 1\093.jpeg,093.jpeg,train,CANCER 1,CANCER,323e60f18d27bb846f5f11c4f50f0146,E:\Mega project\MedvisionAi-\ML-Model\cleaned_data\oral\Train\CANCER\oral_075.jpeg,Intra-split duplicate copy in folder CANCER 1
E:\Mega project\MedvisionAi-\ML-Model\data\Train\Oral Cancer\CANCER 1\067.jpeg,067.jpeg,train,CANCER 1,CANCER,a53523482fedb01cc37d26e68acc2d11,E:\Mega project\MedvisionAi-\ML-Model\cleaned_data\oral\Train\CANCER\oral_076.jpeg,Intra-split duplicate copy in folder CANCER 1
E:\Mega project\MedvisionAi-\ML-Model\data\Train\Oral Cancer\CANCER 1\105.jpeg,105.jpeg,train,CANCER 1,CANCER,7a06c6fcce87d5dd29f7c2b4b561c4e4,E:\Mega project\MedvisionAi-\ML-Model\cleaned_data\oral\Train\CANCER\oral_086.jpeg,Intra-split duplicate copy in folder CANCER 1
E:\Mega project\MedvisionAi-\ML-Model\data\Train\Oral Cancer\CANCER 1\106.jpeg,106.jpeg,train,CANCER 1,CANCER,d2c860cbdb0e584cf90f31f85b813056,E:\Mega project\MedvisionAi-\ML-Model\cleaned_data\oral\Train\CANCER\oral_087.jpeg,Intra-split duplicate copy in folder CANCER 1
E:\Mega project\MedvisionAi-\ML-Model\data\Train\Oral Cancer\CANCER 1\109.jpeg,109.jpeg,train,CANCER 1,CANCER,5291144908aa96cb92b2dd96463754b9,E:\Mega project\MedvisionAi-\ML-Model\cleaned_data\oral\Train\CANCER\oral_090.jpeg,Intra-split duplicate copy in folder CANCER 1
E:\Mega project\MedvisionAi-\ML-Model\data\Train\Oral Cancer\CANCER\092.jpeg,092.jpeg,train,CANCER,CANCER,bd8d4aff0a46df784c220406b1455baa,E:\Mega project\MedvisionAi-\ML-Model\cleaned_data\oral\Test\CANCER\oral_110.jpeg,Cross-split leakage copy (original split: train vs allocated: Test)
E:\Mega project\MedvisionAi-\ML-Model\data\Train\Oral Cancer\CANCER 1\112.jpeg,112.jpeg,train,CANCER 1,CANCER,15da192f210e49bd1304af53044e22b6,E:\Mega project\MedvisionAi-\ML-Model\cleaned_data\oral\Train\CANCER\oral_094.jpeg,Intra-split duplicate copy in folder CANCER 1
E:\Mega project\MedvisionAi-\ML-Model\data\Train\Oral Cancer\CANCER\095.jpeg,095.jpeg,train,CANCER,CANCER,e4f985efc03a8854439d6e8602e9f849,E:\Mega project\MedvisionAi-\ML-Model\cleaned_data\oral\Test\CANCER\oral_113.jpeg,Cross-split leakage copy (original split: train vs allocated: Test)
E:\Mega project\MedvisionAi-\ML-Model\data\Train\Oral Cancer\CANCER 1\115.jpeg,115.jpeg,train,CANCER 1,CANCER,a0af72dba9e5e771521eb5717343e63b,E:\Mega project\MedvisionAi-\ML-Model\cleaned_data\oral\Train\CANCER\oral_096.jpeg,Intra-split duplicate copy in folder CANCER 1
E:\Mega project\MedvisionAi-\ML-Model\data\Train\Oral Cancer\CANCER\097.jpeg,097.jpeg,train,CANCER,CANCER,f41a1160d98ea815b7011c19a473549d,E:\Mega project\MedvisionAi-\ML-Model\cleaned_data\oral\Validation\CANCER\oral_116.jpeg,Cross-split leakage copy (original split: train vs allocated: Validation)
E:\Mega project\MedvisionAi-\ML-Model\data\Train\Oral Cancer\CANCER 1\117.jpeg,117.jpeg,train,CANCER 1,CANCER,604c665dc4d6c47ff7c736e2fded68a9,E:\Mega project\MedvisionAi-\ML-Model\cleaned_data\oral\Train\CANCER\oral_098.jpeg,Intra-split duplicate copy in folder CANCER 1
E:\Mega project\MedvisionAi-\ML-Model\data\Train\Oral Cancer\CANCER 1\118.jpeg,118.jpeg,train,CANCER 1,CANCER,a49803dd166457283ad23925826b8ee1,E:\Mega project\MedvisionAi-\ML-Model\cleaned_data\oral\Train\CANCER\oral_099.jpeg,Intra-split duplicate copy in folder CANCER 1
E:\Mega project\MedvisionAi-\ML-Model\data\Train\Oral Cancer\CANCER 1\120.jpeg,120.jpeg,train,CANCER 1,CANCER,ea024fe86617fec4ff579dc3515807b1,E:\Mega project\MedvisionAi-\ML-Model\cleaned_data\oral\Train\CANCER\oral_102.jpeg,Intra-split duplicate copy in folder CANCER 1
E:\Mega project\MedvisionAi-\ML-Model\data\Train\Oral Cancer\CANCER 1\121.jpeg,121.jpeg,train,CANCER 1,CANCER,ea56a1304bb7c108bd6cfd2dfaad6549,E:\Mega project\MedvisionAi-\ML-Model\cleaned_data\oral\Train\CANCER\oral_103.jpeg,Intra-split duplicate copy in folder CANCER 1
E:\Mega project\MedvisionAi-\ML-Model\data\Train\Oral Cancer\CANCER\104.jpeg,104.jpeg,train,CANCER,CANCER,a4fe3c23774cf8d1ab7ac68e64324757,E:\Mega project\MedvisionAi-\ML-Model\cleaned_data\oral\Test\CANCER\oral_122.jpeg,Cross-split leakage copy (original split: train vs allocated: Test)
E:\Mega project\MedvisionAi-\ML-Model\data\Train\Oral Cancer\CANCER 1\123.jpeg,123.jpeg,train,CANCER 1,CANCER,daceef712dc9264cba7bd7ed90283933,E:\Mega project\MedvisionAi-\ML-Model\cleaned_data\oral\Train\CANCER\oral_105.jpeg,Intra-split duplicate copy in folder CANCER 1
E:\Mega project\MedvisionAi-\ML-Model\data\Train\Oral Cancer\CANCER 1\124.jpeg,124.jpeg,train,CANCER 1,CANCER,a36409093ffc64586b56dcb5ca2cb025,E:\Mega project\MedvisionAi-\ML-Model\cleaned_data\oral\Train\CANCER\oral_106.jpeg,Intra-split duplicate copy in folder CANCER 1
E:\Mega project\MedvisionAi-\ML-Model\data\Train\Oral Cancer\CANCER\108.jpeg,108.jpeg,train,CANCER,CANCER,801ad77c6dd4d1ee7ba0aca18f744922,E:\Mega project\MedvisionAi-\ML-Model\cleaned_data\oral\Validation\CANCER\oral_126.jpeg,Cross-split leakage copy (original split: train vs allocated: Validation)
E:\Mega project\MedvisionAi-\ML-Model\data\Train\Oral Cancer\CANCER 1\129.jpeg,129.jpeg,train,CANCER 1,CANCER,013c15493eb570ed597a3c29f0c73ee1,E:\Mega project\MedvisionAi-\ML-Model\cleaned_data\oral\Train\CANCER\oral_111.jpeg,Intra-split duplicate copy in folder CANCER 1
E:\Mega project\MedvisionAi-\ML-Model\data\Train\Oral Cancer\CANCER 1\131.jpeg,131.jpeg,train,CANCER 1,CANCER,d83f78a21767fae1e13e91694c1420f1,E:\Mega project\MedvisionAi-\ML-Model\cleaned_data\oral\Train\CANCER\oral_113.jpeg,Intra-split duplicate copy in folder CANCER 1
E:\Mega project\MedvisionAi-\ML-Model\data\Train\Oral Cancer\CANCER 1\133.jpeg,133.jpeg,train,CANCER 1,CANCER,ae12bf2d60f1eaf56ae6584c0e040b52,E:\Mega project\MedvisionAi-\ML-Model\cleaned_data\oral\Train\CANCER\oral_115.jpeg,Intra-split duplicate copy in folder CANCER 1
E:\Mega project\MedvisionAi-\ML-Model\data\Train\Oral Cancer\CANCER 1\136.jpeg,136.jpeg,train,CANCER 1,CANCER,65889758cea7b9b1c69ea148c5215932,E:\Mega project\MedvisionAi-\ML-Model\cleaned_data\oral\Train\CANCER\oral_117.jpeg,Intra-split duplicate copy in folder CANCER 1
E:\Mega project\MedvisionAi-\ML-Model\data\Train\Oral Cancer\CANCER 1\137.jpeg,137.jpeg,train,CANCER 1,CANCER,517e3d01a19ee667eb76e3520671ea6f,E:\Mega project\MedvisionAi-\ML-Model\cleaned_data\oral\Train\CANCER\oral_118.jpeg,Intra-split duplicate copy in folder CANCER 1
E:\Mega project\MedvisionAi-\ML-Model\data\Train\Oral Cancer\CANCER 1\138.jpeg,138.jpeg,train,CANCER 1,CANCER,f133b8507c4a8246604134e7bc0c612b,E:\Mega project\MedvisionAi-\ML-Model\cleaned_data\oral\Train\CANCER\oral_119.jpeg,Intra-split duplicate copy in folder CANCER 1
E:\Mega project\MedvisionAi-\ML-Model\data\Train\Oral Cancer\CANCER\122.jpeg,122.jpeg,train,CANCER,CANCER,bab00fd04f12a158fe25803d30a55a78,E:\Mega project\MedvisionAi-\ML-Model\cleaned_data\oral\Test\CANCER\oral_141.jpeg,Cross-split leakage copy (original split: train vs allocated: Test)
E:\Mega project\MedvisionAi-\ML-Model\data\Train\Oral Cancer\CANCER 1\145.jpeg,145.jpeg,train,CANCER 1,CANCER,d95cc311b842bdc1ed7b49cc21cfb39a,E:\Mega project\MedvisionAi-\ML-Model\cleaned_data\oral\Train\CANCER\oral_123.jpeg,Intra-split duplicate copy in folder CANCER 1
E:\Mega project\MedvisionAi-\ML-Model\data\Train\Oral Cancer\CANCER 1\146.jpeg,146.jpeg,train,CANCER 1,CANCER,51557e3e936bd42a813a9ccbbf70ce88,E:\Mega project\MedvisionAi-\ML-Model\cleaned_data\oral\Train\CANCER\oral_124.jpeg,Intra-split duplicate copy in folder CANCER 1
E:\Mega project\MedvisionAi-\ML-Model\data\Train\Oral Cancer\CANCER 1\147.jpeg,147.jpeg,train,CANCER 1,CANCER,7726c348a5f091bdf1b1a6efff70327a,E:\Mega project\MedvisionAi-\ML-Model\cleaned_data\oral\Train\CANCER\oral_125.jpeg,Intra-split duplicate copy in folder CANCER 1
E:\Mega project\MedvisionAi-\ML-Model\data\Train\Oral Cancer\CANCER 1\149.jpeg,149.jpeg,train,CANCER 1,CANCER,23fa78174e2ffb81cbe1ef0017c5a3b6,E:\Mega project\MedvisionAi-\ML-Model\cleaned_data\oral\Train\CANCER\oral_127.jpeg,Intra-split duplicate copy in folder CANCER 1
E:\Mega project\MedvisionAi-\ML-Model\data\Train\Oral Cancer\CANCER 1\151.jpeg,151.jpeg,train,CANCER 1,CANCER,9662eb67c254698d40fccc39ae417c59,E:\Mega project\MedvisionAi-\ML-Model\cleaned_data\oral\Train\CANCER\oral_131.jpeg,Intra-split duplicate copy in folder CANCER 1
E:\Mega project\MedvisionAi-\ML-Model\data\Train\Oral Cancer\CANCER\132.jpeg,132.jpeg,train,CANCER,CANCER,9cf6708ae8a466bf7ce282a1d305bfe4,E:\Mega project\MedvisionAi-\ML-Model\cleaned_data\oral\Test\CANCER\oral_152.jpeg,Cross-split leakage copy (original split: train vs allocated: Test)
E:\Mega project\MedvisionAi-\ML-Model\data\Train\Oral Cancer\CANCER 1\153.jpeg,153.jpeg,train,CANCER 1,CANCER,eeb00f61ce0c5612760b7b5f7d79629a,E:\Mega project\MedvisionAi-\ML-Model\cleaned_data\oral\Train\CANCER\oral_133.jpeg,Intra-split duplicate copy in folder CANCER 1
E:\Mega project\MedvisionAi-\ML-Model\data\Train\Oral Cancer\CANCER 1\155.jpeg,155.jpeg,train,CANCER 1,CANCER,afbcaf412b38dbb642037dc2f6c2cd62,E:\Mega project\MedvisionAi-\ML-Model\cleaned_data\oral\Train\CANCER\oral_134.jpeg,Intra-split duplicate copy in folder CANCER 1
E:\Mega project\MedvisionAi-\ML-Model\data\Train\Oral Cancer\CANCER\136.jpeg,136.jpeg,train,CANCER,CANCER,4d933bc448e8974bfd8162d0b9056e20,E:\Mega project\MedvisionAi-\ML-Model\cleaned_data\oral\Validation\CANCER\oral_157.jpeg,Cross-split leakage copy (original split: train vs allocated: Validation)
E:\Mega project\MedvisionAi-\ML-Model\data\Train\Oral Cancer\CANCER 1\159.jpeg,159.jpeg,train,CANCER 1,CANCER,cd32e94e545413617eaabb2264fbbce2,E:\Mega project\MedvisionAi-\ML-Model\cleaned_data\oral\Train\CANCER\oral_138.jpeg,Intra-split duplicate copy in folder CANCER 1
E:\Mega project\MedvisionAi-\ML-Model\data\Train\Oral Cancer\CANCER 1\160.jpeg,160.jpeg,train,CANCER 1,CANCER,56c75925b456e92c7393da6ff18401c1,E:\Mega project\MedvisionAi-\ML-Model\cleaned_data\oral\Train\CANCER\oral_140.jpeg,Intra-split duplicate copy in folder CANCER 1
E:\Mega project\MedvisionAi-\ML-Model\data\Train\Oral Cancer\CANCER 1\161.jpeg,161.jpeg,train,CANCER 1,CANCER,b29bd4d7ec73f835956b2ee248fbcd70,E:\Mega project\MedvisionAi-\ML-Model\cleaned_data\oral\Train\CANCER\oral_141.jpeg,Intra-split duplicate copy in folder CANCER 1
E:\Mega project\MedvisionAi-\ML-Model\data\Train\Oral Cancer\CANCER 1\163.jpeg,163.jpeg,train,CANCER 1,CANCER,b3d993ccc7c47b3ae2610587b66fa22d,E:\Mega project\MedvisionAi-\ML-Model\cleaned_data\oral\Train\CANCER\oral_142.jpeg,Intra-split duplicate copy in folder CANCER 1
E:\Mega project\MedvisionAi-\ML-Model\data\Train\Oral Cancer\CANCER\143.jpeg,143.jpeg,train,CANCER,CANCER,c4410cf95f6755839dbefee236f5e113,E:\Mega project\MedvisionAi-\ML-Model\cleaned_data\oral\Validation\CANCER\oral_164.jpeg,Cross-split leakage copy (original split: train vs allocated: Validation)
E:\Mega project\MedvisionAi-\ML-Model\data\Train\Oral Cancer\CANCER 1\165.jpeg,165.jpeg,train,CANCER 1,CANCER,137b4ae358a9f2b2bd39ebf3cab22b07,E:\Mega project\MedvisionAi-\ML-Model\cleaned_data\oral\Train\CANCER\oral_144.jpeg,Intra-split duplicate copy in folder CANCER 1
E:\Mega project\MedvisionAi-\ML-Model\data\Train\Oral Cancer\CANCER 1\166.jpeg,166.jpeg,train,CANCER 1,CANCER,d24f5f8a546a9495a9f50cfc808287b8,E:\Mega project\MedvisionAi-\ML-Model\cleaned_data\oral\Train\CANCER\oral_145.jpeg,Intra-split duplicate copy in folder CANCER 1
E:\Mega project\MedvisionAi-\ML-Model\data\Train\Oral Cancer\CANCER 1\167.jpeg,167.jpeg,train,CANCER 1,CANCER,ecc5093df40530af8e71eae8c8af4521,E:\Mega project\MedvisionAi-\ML-Model\cleaned_data\oral\Train\CANCER\oral_146.jpeg,Intra-split duplicate copy in folder CANCER 1
E:\Mega project\MedvisionAi-\ML-Model\data\Train\Oral Cancer\CANCER 1\169.jpeg,169.jpeg,train,CANCER 1,CANCER,e61128251cfc2877ffdc5e6e83f3b68e,E:\Mega project\MedvisionAi-\ML-Model\cleaned_data\oral\Train\CANCER\oral_148.jpeg,Intra-split duplicate copy in folder CANCER 1
E:\Mega project\MedvisionAi-\ML-Model\data\Train\Oral Cancer\CANCER\150.jpeg,150.jpeg,train,CANCER,CANCER,d640b08a78e5a1bbafd35952a2a04bb0,E:\Mega project\MedvisionAi-\ML-Model\cleaned_data\oral\Validation\CANCER\oral_170.jpeg,Cross-split leakage copy (original split: train vs allocated: Validation)
E:\Mega project\MedvisionAi-\ML-Model\data\Train\Oral Cancer\CANCER 1\171.jpeg,171.jpeg,train,CANCER 1,CANCER,4dbafb5dfad03825b87045441270b613,E:\Mega project\MedvisionAi-\ML-Model\cleaned_data\oral\Train\CANCER\oral_151.jpeg,Intra-split duplicate copy in folder CANCER 1
E:\Mega project\MedvisionAi-\ML-Model\data\Train\Oral Cancer\CANCER\153.jpeg,153.jpeg,train,CANCER,CANCER,40c826844225e353570bc907a5ed8770,E:\Mega project\MedvisionAi-\ML-Model\cleaned_data\oral\Validation\CANCER\oral_173.jpeg,Cross-split leakage copy (original split: train vs allocated: Validation)
E:\Mega project\MedvisionAi-\ML-Model\data\Train\Oral Cancer\CANCER 1\174.jpeg,174.jpeg,train,CANCER 1,CANCER,b04074b490f6da62865d43ccd9031147,E:\Mega project\MedvisionAi-\ML-Model\cleaned_data\oral\Train\CANCER\oral_154.jpeg,Intra-split duplicate copy in folder CANCER 1
E:\Mega project\MedvisionAi-\ML-Model\data\Train\Oral Cancer\CANCER\155.jpeg,155.jpeg,train,CANCER,CANCER,030d6d3b713d39b3cfa776accf8ffadc,E:\Mega project\MedvisionAi-\ML-Model\cleaned_data\oral\Test\CANCER\oral_175.jpeg,Cross-split leakage copy (original split: train vs allocated: Test)
E:\Mega project\MedvisionAi-\ML-Model\data\Train\Oral Cancer\CANCER 1\176.jpeg,176.jpeg,train,CANCER 1,CANCER,65c3b771bf30055503bf5f11bbea84c8,E:\Mega project\MedvisionAi-\ML-Model\cleaned_data\oral\Train\CANCER\oral_156.jpeg,Intra-split duplicate copy in folder CANCER 1
E:\Mega project\MedvisionAi-\ML-Model\data\Train\Oral Cancer\CANCER 1\178.jpeg,178.jpeg,train,CANCER 1,CANCER,683fc0d1710ff7746d54460d206696b0,E:\Mega project\MedvisionAi-\ML-Model\cleaned_data\oral\Train\CANCER\oral_158.jpeg,Intra-split duplicate copy in folder CANCER 1
E:\Mega project\MedvisionAi-\ML-Model\data\Train\Oral Cancer\CANCER\159.jpeg,159.jpeg,train,CANCER,CANCER,12f7939445718fc1f7993d010fb21e50,E:\Mega project\MedvisionAi-\ML-Model\cleaned_data\oral\Validation\CANCER\oral_179.jpeg,Cross-split leakage copy (original split: train vs allocated: Validation)
E:\Mega project\MedvisionAi-\ML-Model\data\Train\Oral Cancer\CANCER 1\180.jpeg,180.jpeg,train,CANCER 1,CANCER,a9faf01ab12e91d643996e650cc396cc,E:\Mega project\MedvisionAi-\ML-Model\cleaned_data\oral\Train\CANCER\oral_161.jpeg,Intra-split duplicate copy in folder CANCER 1
E:\Mega project\MedvisionAi-\ML-Model\data\Train\Oral Cancer\CANCER 1\181.jpeg,181.jpeg,train,CANCER 1,CANCER,99e1a77e424a9455df536c57a0063c64,E:\Mega project\MedvisionAi-\ML-Model\cleaned_data\oral\Train\CANCER\oral_162.jpeg,Intra-split duplicate copy in folder CANCER 1
E:\Mega project\MedvisionAi-\ML-Model\data\Train\Oral Cancer\CANCER\163.jpeg,163.jpeg,train,CANCER,CANCER,0f866928d36c6c43760c653d5e5dd1f7,E:\Mega project\MedvisionAi-\ML-Model\cleaned_data\oral\Test\CANCER\oral_182.jpeg,Cross-split leakage copy (original split: train vs allocated: Test)
E:\Mega project\MedvisionAi-\ML-Model\data\Train\Oral Cancer\CANCER 1\184.jpeg,184.jpeg,train,CANCER 1,CANCER,5ab05f0acf764bf94b253c4a8d7472b1,E:\Mega project\MedvisionAi-\ML-Model\cleaned_data\oral\Train\CANCER\oral_164.jpeg,Intra-split duplicate copy in folder CANCER 1
E:\Mega project\MedvisionAi-\ML-Model\data\Train\Oral Cancer\CANCER 1\185.jpeg,185.jpeg,train,CANCER 1,CANCER,af0e77b6e8fcc4f5479e0879f0c6f925,E:\Mega project\MedvisionAi-\ML-Model\cleaned_data\oral\Train\CANCER\oral_165.jpeg,Intra-split duplicate copy in folder CANCER 1
E:\Mega project\MedvisionAi-\ML-Model\data\Train\Oral Cancer\CANCER 1\186.jpeg,186.jpeg,train,CANCER 1,CANCER,5b7aaa38340c5431807b39e1895e0010,E:\Mega project\MedvisionAi-\ML-Model\cleaned_data\oral\Train\CANCER\oral_166.jpeg,Intra-split duplicate copy in folder CANCER 1
E:\Mega project\MedvisionAi-\ML-Model\data\Train\Oral Cancer\CANCER\167.jpeg,167.jpeg,train,CANCER,CANCER,9b3e9e52471aa27d17e6c327784b2e95,E:\Mega project\MedvisionAi-\ML-Model\cleaned_data\oral\Validation\CANCER\oral_187.jpeg,Cross-split leakage copy (original split: train vs allocated: Validation)
E:\Mega project\MedvisionAi-\ML-Model\data\Train\Oral Cancer\CANCER 1\189.jpeg,189.jpeg,train,CANCER 1,CANCER,70d8bca804cb5f71710362d846219c79,E:\Mega project\MedvisionAi-\ML-Model\cleaned_data\oral\Train\CANCER\oral_169.jpeg,Intra-split duplicate copy in folder CANCER 1
E:\Mega project\MedvisionAi-\ML-Model\data\Train\Oral Cancer\CANCER 1\192.jpeg,192.jpeg,train,CANCER 1,CANCER,1a112bf6dc7228b3ca41cb31d4fa0b7c,E:\Mega project\MedvisionAi-\ML-Model\cleaned_data\oral\Train\CANCER\oral_173.jpeg,Intra-split duplicate copy in folder CANCER 1
E:\Mega project\MedvisionAi-\ML-Model\data\Train\Oral Cancer\CANCER 1\193.jpeg,193.jpeg,train,CANCER 1,CANCER,7f5ae2f426eb47e9d45f6b67c957e54c,E:\Mega project\MedvisionAi-\ML-Model\cleaned_data\oral\Train\CANCER\oral_174.jpeg,Intra-split duplicate copy in folder CANCER 1
E:\Mega project\MedvisionAi-\ML-Model\data\Train\Oral Cancer\CANCER 1\195.jpeg,195.jpeg,train,CANCER 1,CANCER,1cd67562d07cf6f76ce9864a1638bb5b,E:\Mega project\MedvisionAi-\ML-Model\cleaned_data\oral\Train\CANCER\oral_176.jpeg,Intra-split duplicate copy in folder CANCER 1
E:\Mega project\MedvisionAi-\ML-Model\data\Train\Oral Cancer\CANCER 1\196.jpeg,196.jpeg,train,CANCER 1,CANCER,c6a6de178173b7ca6e3ed54352769c67,E:\Mega project\MedvisionAi-\ML-Model\cleaned_data\oral\Train\CANCER\oral_177.jpeg,Intra-split duplicate copy in folder CANCER 1
E:\Mega project\MedvisionAi-\ML-Model\data\Train\Oral Cancer\CANCER 1\197.jpeg,197.jpeg,train,CANCER 1,CANCER,38b8b23e550bac83357d2031fe0ce3b3,E:\Mega project\MedvisionAi-\ML-Model\cleaned_data\oral\Train\CANCER\oral_178.jpeg,Intra-split duplicate copy in folder CANCER 1
E:\Mega project\MedvisionAi-\ML-Model\data\Train\Oral Cancer\CANCER 1\198.jpeg,198.jpeg,train,CANCER 1,CANCER,23265ac8d8b267bd5b4f973692665e1e,E:\Mega project\MedvisionAi-\ML-Model\cleaned_data\oral\Train\CANCER\oral_179.jpeg,Intra-split duplicate copy in folder CANCER 1
E:\Mega project\MedvisionAi-\ML-Model\data\Train\Oral Cancer\CANCER 1\202.jpeg,202.jpeg,train,CANCER 1,CANCER,14c62557dd2fbbd9d190efea5e765d48,E:\Mega project\MedvisionAi-\ML-Model\cleaned_data\oral\Train\CANCER\oral_182.jpeg,Intra-split duplicate copy in folder CANCER 1
E:\Mega project\MedvisionAi-\ML-Model\data\Train\Oral Cancer\CANCER 1\203.jpeg,203.jpeg,train,CANCER 1,CANCER,7577dcf027b87aa4ead9750037f0284d,E:\Mega project\MedvisionAi-\ML-Model\cleaned_data\oral\Train\CANCER\oral_183.jpeg,Intra-split duplicate copy in folder CANCER 1
E:\Mega project\MedvisionAi-\ML-Model\data\Train\Oral Cancer\CANCER 1\206.jpeg,206.jpeg,train,CANCER 1,CANCER,a8571afad0a78221d9c9083b180d418e,E:\Mega project\MedvisionAi-\ML-Model\cleaned_data\oral\Train\CANCER\oral_185.jpeg,Intra-split duplicate copy in folder CANCER 1
E:\Mega project\MedvisionAi-\ML-Model\data\Train\Oral Cancer\CANCER 1\207.jpeg,207.jpeg,train,CANCER 1,CANCER,d7b32901dd6a44b60461ee6ff2729ccc,E:\Mega project\MedvisionAi-\ML-Model\cleaned_data\oral\Train\CANCER\oral_186.jpeg,Intra-split duplicate copy in folder CANCER 1
E:\Mega project\MedvisionAi-\ML-Model\data\Train\Oral Cancer\CANCER 1\209.jpeg,209.jpeg,train,CANCER 1,CANCER,24846db78f594eb7c2d8f6a44a04fdb7,E:\Mega project\MedvisionAi-\ML-Model\cleaned_data\oral\Train\CANCER\oral_188.jpeg,Intra-split duplicate copy in folder CANCER 1
E:\Mega project\MedvisionAi-\ML-Model\data\Train\Oral Cancer\CANCER\190.jpeg,190.jpeg,train,CANCER,CANCER,e8b5bea5ba0b8c70737890f9baf5466b,E:\Mega project\MedvisionAi-\ML-Model\cleaned_data\oral\Validation\CANCER\oral_210.jpeg,Cross-split leakage copy (original split: train vs allocated: Validation)
E:\Mega project\MedvisionAi-\ML-Model\data\Train\Oral Cancer\CANCER 1\211.jpeg,211.jpeg,train,CANCER 1,CANCER,4133d3889443d0e25b061883af3ba8b8,E:\Mega project\MedvisionAi-\ML-Model\cleaned_data\oral\Train\CANCER\oral_191.jpeg,Intra-split duplicate copy in folder CANCER 1
E:\Mega project\MedvisionAi-\ML-Model\data\Train\Oral Cancer\CANCER 1\212.jpeg,212.jpeg,train,CANCER 1,CANCER,9044557664c4c5066e9dadb5d6028c70,E:\Mega project\MedvisionAi-\ML-Model\cleaned_data\oral\Train\CANCER\oral_192.jpeg,Intra-split duplicate copy in folder CANCER 1
E:\Mega project\MedvisionAi-\ML-Model\data\Train\Oral Cancer\CANCER 1\213.jpeg,213.jpeg,train,CANCER 1,CANCER,f45d40dcd900a2e0ff658191097b087a,E:\Mega project\MedvisionAi-\ML-Model\cleaned_data\oral\Train\CANCER\oral_193.jpeg,Intra-split duplicate copy in folder CANCER 1
E:\Mega project\MedvisionAi-\ML-Model\data\Train\Oral Cancer\CANCER\194.jpeg,194.jpeg,train,CANCER,CANCER,4c2b642611ae55f85076bebf55d733ba,E:\Mega project\MedvisionAi-\ML-Model\cleaned_data\oral\Test\CANCER\oral_214.jpeg,Cross-split leakage copy (original split: train vs allocated: Test)
E:\Mega project\MedvisionAi-\ML-Model\data\Train\Oral Cancer\CANCER 1\216.jpeg,216.jpeg,train,CANCER 1,CANCER,dcc0b88b5f59595fb7d788ca21c60249,E:\Mega project\MedvisionAi-\ML-Model\cleaned_data\oral\Train\CANCER\oral_196.jpeg,Intra-split duplicate copy in folder CANCER 1
E:\Mega project\MedvisionAi-\ML-Model\data\Train\Oral Cancer\CANCER 1\217.jpeg,217.jpeg,train,CANCER 1,CANCER,df1bfdf8f888bd73dfa320dec97f53dd,E:\Mega project\MedvisionAi-\ML-Model\cleaned_data\oral\Train\CANCER\oral_197.jpeg,Intra-split duplicate copy in folder CANCER 1
E:\Mega project\MedvisionAi-\ML-Model\data\Train\Oral Cancer\CANCER 1\219.jpeg,219.jpeg,train,CANCER 1,CANCER,f3bbcd244d5122323399455a6cc21075,E:\Mega project\MedvisionAi-\ML-Model\cleaned_data\oral\Train\CANCER\oral_199.jpeg,Intra-split duplicate copy in folder CANCER 1
E:\Mega project\MedvisionAi-\ML-Model\data\Train\Oral Cancer\CANCER\201.jpeg,201.jpeg,train,CANCER,CANCER,4d65376f315d88ab119f43dd5557c284,E:\Mega project\MedvisionAi-\ML-Model\cleaned_data\oral\Validation\CANCER\oral_220.jpeg,Cross-split leakage copy (original split: train vs allocated: Validation)
E:\Mega project\MedvisionAi-\ML-Model\data\Train\Oral Cancer\CANCER 1\222.jpeg,222.jpeg,train,CANCER 1,CANCER,0b6dfae67e5e686312001d6a40b9f0a6,E:\Mega project\MedvisionAi-\ML-Model\cleaned_data\oral\Train\CANCER\oral_203.jpeg,Intra-split duplicate copy in folder CANCER 1
E:\Mega project\MedvisionAi-\ML-Model\data\Train\Oral Cancer\CANCER 1\223.jpeg,223.jpeg,train,CANCER 1,CANCER,13d24de63f1d571e69098bb760123fc4,E:\Mega project\MedvisionAi-\ML-Model\cleaned_data\oral\Train\CANCER\oral_204.jpeg,Intra-split duplicate copy in folder CANCER 1
E:\Mega project\MedvisionAi-\ML-Model\data\Train\Oral Cancer\CANCER\206.jpeg,206.jpeg,train,CANCER,CANCER,0b3a5ddde57f1f5323fad8f06c5f9c40,E:\Mega project\MedvisionAi-\ML-Model\cleaned_data\oral\Validation\CANCER\oral_226.jpeg,Cross-split leakage copy (original split: train vs allocated: Validation)
E:\Mega project\MedvisionAi-\ML-Model\data\Train\Oral Cancer\CANCER 1\227.jpeg,227.jpeg,train,CANCER 1,CANCER,89a3cd0087fed4ef51b3836a7fc30625,E:\Mega project\MedvisionAi-\ML-Model\cleaned_data\oral\Train\CANCER\oral_207.jpeg,Intra-split duplicate copy in folder CANCER 1
E:\Mega project\MedvisionAi-\ML-Model\data\Train\Oral Cancer\CANCER 1\228.jpeg,228.jpeg,train,CANCER 1,CANCER,103d0e5025ab12e7000f6d3a458319e7,E:\Mega project\MedvisionAi-\ML-Model\cleaned_data\oral\Train\CANCER\oral_208.jpeg,Intra-split duplicate copy in folder CANCER 1
E:\Mega project\MedvisionAi-\ML-Model\data\Train\Oral Cancer\CANCER\209.jpeg,209.jpeg,train,CANCER,CANCER,4c474227e490466b65a8c94b62d0fe27,E:\Mega project\MedvisionAi-\ML-Model\cleaned_data\oral\Test\CANCER\oral_229.jpeg,Cross-split leakage copy (original split: train vs allocated: Test)
E:\Mega project\MedvisionAi-\ML-Model\data\Train\Oral Cancer\CANCER 1\231.jpeg,231.jpeg,train,CANCER 1,CANCER,7144d805aaaa6819f621d200811ebf3a,E:\Mega project\MedvisionAi-\ML-Model\cleaned_data\oral\Train\CANCER\oral_212.jpeg,Intra-split duplicate copy in folder CANCER 1
E:\Mega project\MedvisionAi-\ML-Model\data\Train\Oral Cancer\CANCER 1\232.jpeg,232.jpeg,train,CANCER 1,CANCER,69d156a8320166b1e2e36ddf843e6bd3,E:\Mega project\MedvisionAi-\ML-Model\cleaned_data\oral\Train\CANCER\oral_213.jpeg,Intra-split duplicate copy in folder CANCER 1
E:\Mega project\MedvisionAi-\ML-Model\data\Train\Oral Cancer\CANCER 1\233.jpeg,233.jpeg,train,CANCER 1,CANCER,fd528d42b35e6bb3cd653c0bdd69e0c7,E:\Mega project\MedvisionAi-\ML-Model\cleaned_data\oral\Train\CANCER\oral_214.jpeg,Intra-split duplicate copy in folder CANCER 1
E:\Mega project\MedvisionAi-\ML-Model\data\Train\Oral Cancer\CANCER 1\237.jpeg,237.jpeg,train,CANCER 1,CANCER,4796c4a2374c9006842c0d2a91e82e59,E:\Mega project\MedvisionAi-\ML-Model\cleaned_data\oral\Train\CANCER\oral_216.jpeg,Intra-split duplicate copy in folder CANCER 1
E:\Mega project\MedvisionAi-\ML-Model\data\Train\Oral Cancer\CANCER\217.jpeg,217.jpeg,train,CANCER,CANCER,f98b16d2e02f6455002dd41519b8de5b,E:\Mega project\MedvisionAi-\ML-Model\cleaned_data\oral\Validation\CANCER\oral_238.jpeg,Cross-split leakage copy (original split: train vs allocated: Validation)
E:\Mega project\MedvisionAi-\ML-Model\data\Train\Oral Cancer\CANCER 1\240.jpeg,240.jpeg,train,CANCER 1,CANCER,c3f238d0ba1a9f265f639e06d5ad5bf1,E:\Mega project\MedvisionAi-\ML-Model\cleaned_data\oral\Train\CANCER\oral_219.jpeg,Intra-split duplicate copy in folder CANCER 1
E:\Mega project\MedvisionAi-\ML-Model\data\Train\Oral Cancer\CANCER\220.jpeg,220.jpeg,train,CANCER,CANCER,90741d4c110df121ec79f388b07468c6,E:\Mega project\MedvisionAi-\ML-Model\cleaned_data\oral\Validation\CANCER\oral_241.jpeg,Cross-split leakage copy (original split: train vs allocated: Validation)
E:\Mega project\MedvisionAi-\ML-Model\data\Train\Oral Cancer\CANCER 1\245.jpeg,245.jpeg,train,CANCER 1,CANCER,03f4be816ac772bad6141d30d95518c8,E:\Mega project\MedvisionAi-\ML-Model\cleaned_data\oral\Train\CANCER\oral_223.jpeg,Intra-split duplicate copy in folder CANCER 1
E:\Mega project\MedvisionAi-\ML-Model\data\Train\Oral Cancer\CANCER\224.jpeg,224.jpeg,train,CANCER,CANCER,12868d37b915f7f755a62820a87972ee,E:\Mega project\MedvisionAi-\ML-Model\cleaned_data\oral\Validation\CANCER\oral_246.jpeg,Cross-split leakage copy (original split: train vs allocated: Validation)
E:\Mega project\MedvisionAi-\ML-Model\data\Train\Oral Cancer\CANCER 1\247.jpeg,247.jpeg,train,CANCER 1,CANCER,82a156e2cb9c7ad62a9ac627caa70f96,E:\Mega project\MedvisionAi-\ML-Model\cleaned_data\oral\Train\CANCER\oral_225.jpeg,Intra-split duplicate copy in folder CANCER 1
E:\Mega project\MedvisionAi-\ML-Model\data\Train\Oral Cancer\CANCER 1\248.jpeg,248.jpeg,train,CANCER 1,CANCER,a112534443ee8fc9ace0e785e428d118,E:\Mega project\MedvisionAi-\ML-Model\cleaned_data\oral\Train\CANCER\oral_226.jpeg,Intra-split duplicate copy in folder CANCER 1
E:\Mega project\MedvisionAi-\ML-Model\data\Train\Oral Cancer\CANCER\227.jpeg,227.jpeg,train,CANCER,CANCER,9259fbd8dfe17e2bdf0fe0bd70622039,E:\Mega project\MedvisionAi-\ML-Model\cleaned_data\oral\Test\CANCER\oral_249.jpeg,Cross-split leakage copy (original split: train vs allocated: Test)
E:\Mega project\MedvisionAi-\ML-Model\data\Train\Oral Cancer\CANCER\229.jpeg,229.jpeg,train,CANCER,CANCER,719eb789b8d2a1671b77498e30dbe60b,E:\Mega project\MedvisionAi-\ML-Model\cleaned_data\oral\Test\CANCER\oral_250.jpeg,Cross-split leakage copy (original split: train vs allocated: Test)
E:\Mega project\MedvisionAi-\ML-Model\data\Train\Oral Cancer\CANCER 1\251.jpeg,251.jpeg,train,CANCER 1,CANCER,daad29da98869bcc9d2eb670f94380db,E:\Mega project\MedvisionAi-\ML-Model\cleaned_data\oral\Train\CANCER\oral_230.jpeg,Intra-split duplicate copy in folder CANCER 1
E:\Mega project\MedvisionAi-\ML-Model\data\Train\Oral Cancer\CANCER 1\254.jpeg,254.jpeg,train,CANCER 1,CANCER,f73d363f0b95c4a81a02bf96a76f0984,E:\Mega project\MedvisionAi-\ML-Model\cleaned_data\oral\Train\CANCER\oral_232.jpeg,Intra-split duplicate copy in folder CANCER 1
E:\Mega project\MedvisionAi-\ML-Model\data\Train\Oral Cancer\CANCER\233.jpeg,233.jpeg,train,CANCER,CANCER,34fdbc05cb66e648e7e965d60c6833d3,E:\Mega project\MedvisionAi-\ML-Model\cleaned_data\oral\Validation\CANCER\oral_255.jpeg,Cross-split leakage copy (original split: train vs allocated: Validation)
E:\Mega project\MedvisionAi-\ML-Model\data\Train\Oral Cancer\CANCER 1\257.jpeg,257.jpeg,train,CANCER 1,CANCER,fd50fa4b36a4d0076af4af05e69e43e3,E:\Mega project\MedvisionAi-\ML-Model\cleaned_data\oral\Train\CANCER\oral_235.jpeg,Intra-split duplicate copy in folder CANCER 1
E:\Mega project\MedvisionAi-\ML-Model\data\Train\Oral Cancer\CANCER 1\258.jpeg,258.jpeg,train,CANCER 1,CANCER,e6c6966cbfc1a2aad0a0bdd06b686065,E:\Mega project\MedvisionAi-\ML-Model\cleaned_data\oral\Train\CANCER\oral_236.jpeg,Intra-split duplicate copy in folder CANCER 1
E:\Mega project\MedvisionAi-\ML-Model\data\Train\Oral Cancer\CANCER\237.jpeg,237.jpeg,train,CANCER,CANCER,75cdfbd77bf0a184531a620d60b8a427,E:\Mega project\MedvisionAi-\ML-Model\cleaned_data\oral\Test\CANCER\oral_259.jpeg,Cross-split leakage copy (original split: train vs allocated: Test)
E:\Mega project\MedvisionAi-\ML-Model\data\Train\Oral Cancer\CANCER 1\260.jpeg,260.jpeg,train,CANCER 1,CANCER,8cff29b5a5392c3ba8a30c9cbce9b02a,E:\Mega project\MedvisionAi-\ML-Model\cleaned_data\oral\Train\CANCER\oral_239.jpeg,Intra-split duplicate copy in folder CANCER 1
E:\Mega project\MedvisionAi-\ML-Model\data\Train\Oral Cancer\CANCER\240.jpeg,240.jpeg,train,CANCER,CANCER,cedbd00140a826c5c7ee889bde9fbf12,E:\Mega project\MedvisionAi-\ML-Model\cleaned_data\oral\Test\CANCER\oral_262.jpeg,Cross-split leakage copy (original split: train vs allocated: Test)
E:\Mega project\MedvisionAi-\ML-Model\data\Train\Oral Cancer\CANCER 1\264.jpeg,264.jpeg,train,CANCER 1,CANCER,3a511fde25fb440441794e96e926ac4d,E:\Mega project\MedvisionAi-\ML-Model\cleaned_data\oral\Train\CANCER\oral_241.jpeg,Intra-split duplicate copy in folder CANCER 1
E:\Mega project\MedvisionAi-\ML-Model\data\Train\Oral Cancer\CANCER 1\265.jpeg,265.jpeg,train,CANCER 1,CANCER,d725dfee538ca8ea3c9d2816090f6a47,E:\Mega project\MedvisionAi-\ML-Model\cleaned_data\oral\Train\CANCER\oral_242.jpeg,Intra-split duplicate copy in folder CANCER 1
E:\Mega project\MedvisionAi-\ML-Model\data\Train\Oral Cancer\CANCER 1\266.jpeg,266.jpeg,train,CANCER 1,CANCER,29ee9225c4771e21e7c3927331143fc6,E:\Mega project\MedvisionAi-\ML-Model\cleaned_data\oral\Train\CANCER\oral_243.jpeg,Intra-split duplicate copy in folder CANCER 1
E:\Mega project\MedvisionAi-\ML-Model\data\Train\Oral Cancer\CANCER 1\267.jpeg,267.jpeg,train,CANCER 1,CANCER,7003d5935521ab17a57a2bd58add2d55,E:\Mega project\MedvisionAi-\ML-Model\cleaned_data\oral\Train\CANCER\oral_244.jpeg,Intra-split duplicate copy in folder CANCER 1
E:\Mega project\MedvisionAi-\ML-Model\data\Train\Oral Cancer\CANCER 1\270.jpeg,270.jpeg,train,CANCER 1,CANCER,bac13997ec5a024dd69d8ff739366d6e,E:\Mega project\MedvisionAi-\ML-Model\cleaned_data\oral\Train\CANCER\oral_248.jpeg,Intra-split duplicate copy in folder CANCER 1
E:\Mega project\MedvisionAi-\ML-Model\data\Train\Oral Cancer\CANCER 1\272.jpeg,272.jpeg,train,CANCER 1,CANCER,c21c8bf03bc7bf32201d3b9acfd26dc6,E:\Mega project\MedvisionAi-\ML-Model\cleaned_data\oral\Train\CANCER\oral_250.jpeg,Intra-split duplicate copy in folder CANCER 1
E:\Mega project\MedvisionAi-\ML-Model\data\Train\Oral Cancer\CANCER 1\276.jpeg,276.jpeg,train,CANCER 1,CANCER,a74137afd36909e582ee90343679b51b,E:\Mega project\MedvisionAi-\ML-Model\cleaned_data\oral\Train\CANCER\oral_252.jpeg,Intra-split duplicate copy in folder CANCER 1
E:\Mega project\MedvisionAi-\ML-Model\data\Train\Oral Cancer\CANCER\253.jpeg,253.jpeg,train,CANCER,CANCER,97d8f51573e7bde246e99b8d38ec1099,E:\Mega project\MedvisionAi-\ML-Model\cleaned_data\oral\Test\CANCER\oral_277.jpeg,Cross-split leakage copy (original split: train vs allocated: Test)
E:\Mega project\MedvisionAi-\ML-Model\data\Train\Oral Cancer\CANCER 1\278.jpeg,278.jpeg,train,CANCER 1,CANCER,316b98bcbb37df20d25794e131729171,E:\Mega project\MedvisionAi-\ML-Model\cleaned_data\oral\Train\CANCER\oral_254.jpeg,Intra-split duplicate copy in folder CANCER 1
E:\Mega project\MedvisionAi-\ML-Model\data\Train\Oral Cancer\CANCER 1\280.jpeg,280.jpeg,train,CANCER 1,CANCER,abdf4de03fe509305cf3aeccc9a94be4,E:\Mega project\MedvisionAi-\ML-Model\cleaned_data\oral\Train\CANCER\oral_257.jpeg,Intra-split duplicate copy in folder CANCER 1
E:\Mega project\MedvisionAi-\ML-Model\data\Train\Oral Cancer\CANCER 1\284.jpeg,284.jpeg,train,CANCER 1,CANCER,7be65adb076701a0dfe18b4bad4fe2cf,E:\Mega project\MedvisionAi-\ML-Model\cleaned_data\oral\Train\CANCER\oral_261.jpeg,Intra-split duplicate copy in folder CANCER 1
E:\Mega project\MedvisionAi-\ML-Model\data\Train\Oral Cancer\CANCER 1\286.jpeg,286.jpeg,train,CANCER 1,CANCER,2ea4fd51c6ff23222b69db87fae7c329,E:\Mega project\MedvisionAi-\ML-Model\cleaned_data\oral\Train\CANCER\oral_263.jpeg,Intra-split duplicate copy in folder CANCER 1
E:\Mega project\MedvisionAi-\ML-Model\data\Train\Oral Cancer\CANCER\264.jpeg,264.jpeg,train,CANCER,CANCER,e46db8a61eaba0660deccb734358dbbc,E:\Mega project\MedvisionAi-\ML-Model\cleaned_data\oral\Validation\CANCER\oral_287.jpeg,Cross-split leakage copy (original split: train vs allocated: Validation)
E:\Mega project\MedvisionAi-\ML-Model\data\Train\Oral Cancer\CANCER 1\288.jpeg,288.jpeg,train,CANCER 1,CANCER,2a6460c54383b22e1a54d9f03e0fb7a6,E:\Mega project\MedvisionAi-\ML-Model\cleaned_data\oral\Train\CANCER\oral_265.jpeg,Intra-split duplicate copy in folder CANCER 1
E:\Mega project\MedvisionAi-\ML-Model\data\Train\Oral Cancer\CANCER 1\289.jpeg,289.jpeg,train,CANCER 1,CANCER,cc37feefb7527ef095a3d1d7172f1ef5,E:\Mega project\MedvisionAi-\ML-Model\cleaned_data\oral\Train\CANCER\oral_266.jpeg,Intra-split duplicate copy in folder CANCER 1
E:\Mega project\MedvisionAi-\ML-Model\data\Train\Oral Cancer\CANCER 1\290.jpeg,290.jpeg,train,CANCER 1,CANCER,e308bbd98dba2e3723dfc1fd47777ec6,E:\Mega project\MedvisionAi-\ML-Model\cleaned_data\oral\Train\CANCER\oral_268.jpeg,Intra-split duplicate copy in folder CANCER 1
E:\Mega project\MedvisionAi-\ML-Model\data\Train\Oral Cancer\CANCER 1\291.jpeg,291.jpeg,train,CANCER 1,CANCER,976e964ae87d73e69292436918b45364,E:\Mega project\MedvisionAi-\ML-Model\cleaned_data\oral\Train\CANCER\oral_269.jpeg,Intra-split duplicate copy in folder CANCER 1
E:\Mega project\MedvisionAi-\ML-Model\data\Train\Oral Cancer\CANCER 1\292.jpeg,292.jpeg,train,CANCER 1,CANCER,d3d5a4d7dbab91acc8910e2de26513cc,E:\Mega project\MedvisionAi-\ML-Model\cleaned_data\oral\Train\CANCER\oral_270.jpeg,Intra-split duplicate copy in folder CANCER 1
E:\Mega project\MedvisionAi-\ML-Model\data\Train\Oral Cancer\CANCER 1\294.jpeg,294.jpeg,train,CANCER 1,CANCER,10e7a14fdf8c34320b94b22d5bf232ae,E:\Mega project\MedvisionAi-\ML-Model\cleaned_data\oral\Train\CANCER\oral_271.jpeg,Intra-split duplicate copy in folder CANCER 1
E:\Mega project\MedvisionAi-\ML-Model\data\Train\Oral Cancer\CANCER 1\301.jpeg,301.jpeg,train,CANCER 1,CANCER,9840af42e2ebc8ad162a891ce56834e2,E:\Mega project\MedvisionAi-\ML-Model\cleaned_data\oral\Train\CANCER\oral_274.jpeg,Intra-split duplicate copy in folder CANCER 1
E:\Mega project\MedvisionAi-\ML-Model\data\Train\Oral Cancer\CANCER 1\302.jpeg,302.jpeg,train,CANCER 1,CANCER,e779e42e2ed6304416a5889a4a8cdcf7,E:\Mega project\MedvisionAi-\ML-Model\cleaned_data\oral\Train\CANCER\oral_275.jpeg,Intra-split duplicate copy in folder CANCER 1
E:\Mega project\MedvisionAi-\ML-Model\data\Train\Oral Cancer\CANCER 1\303.jpeg,303.jpeg,train,CANCER 1,CANCER,0243673c9a7e9f25fbe414f898c3eed5,E:\Mega project\MedvisionAi-\ML-Model\cleaned_data\oral\Train\CANCER\oral_276.jpeg,Intra-split duplicate copy in folder CANCER 1
E:\Mega project\MedvisionAi-\ML-Model\data\Train\Oral Cancer\CANCER\277.jpeg,277.jpeg,train,CANCER,CANCER,98aa82c48571075ab8b45141601fd419,E:\Mega project\MedvisionAi-\ML-Model\cleaned_data\oral\Validation\CANCER\oral_304.jpeg,Cross-split leakage copy (original split: train vs allocated: Validation)
E:\Mega project\MedvisionAi-\ML-Model\data\Train\Oral Cancer\CANCER 1\308.jpeg,308.jpeg,train,CANCER 1,CANCER,3727f12db1307b6cf74d73b4aca4ab89,E:\Mega project\MedvisionAi-\ML-Model\cleaned_data\oral\Train\CANCER\oral_279.jpeg,Intra-split duplicate copy in folder CANCER 1
E:\Mega project\MedvisionAi-\ML-Model\data\Train\Oral Cancer\CANCER\281.jpeg,281.jpeg,train,CANCER,CANCER,2da3a45f43758ebf049859b5d08fc548,E:\Mega project\MedvisionAi-\ML-Model\cleaned_data\oral\Test\CANCER\oral_311.jpeg,Cross-split leakage copy (original split: train vs allocated: Test)
E:\Mega project\MedvisionAi-\ML-Model\data\Train\Oral Cancer\CANCER 1\313.jpeg,313.jpeg,train,CANCER 1,CANCER,1c1ccc75c31afbff897266eec0b2c4c0,E:\Mega project\MedvisionAi-\ML-Model\cleaned_data\oral\Train\CANCER\oral_282.jpeg,Intra-split duplicate copy in folder CANCER 1
E:\Mega project\MedvisionAi-\ML-Model\data\Train\Oral Cancer\CANCER 1\314.jpeg,314.jpeg,train,CANCER 1,CANCER,01621a3eb8a41616d5ec24ed156541e5,E:\Mega project\MedvisionAi-\ML-Model\cleaned_data\oral\Train\CANCER\oral_283.jpeg,Intra-split duplicate copy in folder CANCER 1
E:\Mega project\MedvisionAi-\ML-Model\data\Train\Oral Cancer\CANCER 1\317.jpeg,317.jpeg,train,CANCER 1,CANCER,c3b3fc082b34ae221bde80b8c44a64eb,E:\Mega project\MedvisionAi-\ML-Model\cleaned_data\oral\Train\CANCER\oral_285.jpeg,Intra-split duplicate copy in folder CANCER 1
E:\Mega project\MedvisionAi-\ML-Model\data\Train\Oral Cancer\CANCER 1\318.jpeg,318.jpeg,train,CANCER 1,CANCER,10f40c6777c0c52a545e0c00231b1c38,E:\Mega project\MedvisionAi-\ML-Model\cleaned_data\oral\Train\CANCER\oral_286.jpeg,Intra-split duplicate copy in folder CANCER 1
E:\Mega project\MedvisionAi-\ML-Model\data\Train\Oral Cancer\CANCER 1\319.jpeg,319.jpeg,train,CANCER 1,CANCER,691f787b74341fb4e1b610e8d640da9f,E:\Mega project\MedvisionAi-\ML-Model\cleaned_data\oral\Train\CANCER\oral_287.jpeg,Intra-split duplicate copy in folder CANCER 1
E:\Mega project\MedvisionAi-\ML-Model\data\Train\Oral Cancer\CANCER 1\321.jpeg,321.jpeg,train,CANCER 1,CANCER,550a5a22bd881dcaeb9d9fa840dbdfd2,E:\Mega project\MedvisionAi-\ML-Model\cleaned_data\oral\Train\CANCER\oral_289.jpeg,Intra-split duplicate copy in folder CANCER 1
E:\Mega project\MedvisionAi-\ML-Model\data\Train\Oral Cancer\CANCER 1\322.jpeg,322.jpeg,train,CANCER 1,CANCER,b8a9022553797aa52389ce61d9ba94e9,E:\Mega project\MedvisionAi-\ML-Model\cleaned_data\oral\Train\CANCER\oral_290.jpeg,Intra-split duplicate copy in folder CANCER 1
E:\Mega project\MedvisionAi-\ML-Model\data\Train\Oral Cancer\CANCER\291.jpeg,291.jpeg,train,CANCER,CANCER,e0617c826dd266aaf61d688569f98c7e,E:\Mega project\MedvisionAi-\ML-Model\cleaned_data\oral\Test\CANCER\oral_329.jpeg,Cross-split leakage copy (original split: train vs allocated: Test)
E:\Mega project\MedvisionAi-\ML-Model\data\Train\Oral Cancer\CANCER 1\331.jpeg,331.jpeg,train,CANCER 1,CANCER,9baf776ec3be6bb808521f6e00c85e2f,E:\Mega project\MedvisionAi-\ML-Model\cleaned_data\oral\Train\CANCER\oral_293.jpeg,Intra-split duplicate copy in folder CANCER 1
E:\Mega project\MedvisionAi-\ML-Model\data\Train\Oral Cancer\CANCER 1\333.jpeg,333.jpeg,train,CANCER 1,CANCER,8fa2849a98a1c2b6c266dfd880750882,E:\Mega project\MedvisionAi-\ML-Model\cleaned_data\oral\Train\CANCER\oral_294.jpeg,Intra-split duplicate copy in folder CANCER 1
E:\Mega project\MedvisionAi-\ML-Model\data\Train\Oral Cancer\CANCER 1\334.jpeg,334.jpeg,train,CANCER 1,CANCER,b2e9bd740945d3c64ec3d58a2f855a4b,E:\Mega project\MedvisionAi-\ML-Model\cleaned_data\oral\Train\CANCER\oral_295.jpeg,Intra-split duplicate copy in folder CANCER 1
E:\Mega project\MedvisionAi-\ML-Model\data\Train\Oral Cancer\CANCER 1\335.jpeg,335.jpeg,train,CANCER 1,CANCER,348159973a4ae024e8d953aa96ada830,E:\Mega project\MedvisionAi-\ML-Model\cleaned_data\oral\Train\CANCER\oral_296.jpeg,Intra-split duplicate copy in folder CANCER 1
E:\Mega project\MedvisionAi-\ML-Model\data\Train\Oral Cancer\CANCER 1\337.jpeg,337.jpeg,train,CANCER 1,CANCER,b67b89e7f374f06eb754b3998cc5be1a,E:\Mega project\MedvisionAi-\ML-Model\cleaned_data\oral\Train\CANCER\oral_298.jpeg,Intra-split duplicate copy in folder CANCER 1
E:\Mega project\MedvisionAi-\ML-Model\data\Train\Oral Cancer\CANCER 1\338.jpeg,338.jpeg,train,CANCER 1,CANCER,2d8d52b475d1a3eccfaa5e992349313d,E:\Mega project\MedvisionAi-\ML-Model\cleaned_data\oral\Train\CANCER\oral_299.jpeg,Intra-split duplicate copy in folder CANCER 1
E:\Mega project\MedvisionAi-\ML-Model\data\Train\Oral Cancer\CANCER 1\339.jpeg,339.jpeg,train,CANCER 1,CANCER,f8166cdc59f6213a4d61c8b9393fd720,E:\Mega project\MedvisionAi-\ML-Model\cleaned_data\oral\Train\CANCER\oral_300.jpeg,Intra-split duplicate copy in folder CANCER 1
E:\Mega project\MedvisionAi-\ML-Model\data\Train\Oral Cancer\CANCER\303.jpeg,303.jpeg,train,CANCER,CANCER,cb6abfc0c99eac5f18674744afc43400,E:\Mega project\MedvisionAi-\ML-Model\cleaned_data\oral\Test\CANCER\oral_342.jpeg,Cross-split leakage copy (original split: train vs allocated: Test)
E:\Mega project\MedvisionAi-\ML-Model\data\Train\Oral Cancer\CANCER 1\343.jpeg,343.jpeg,train,CANCER 1,CANCER,d26ea3794dcbd0f99c6772c539ef3ce9,E:\Mega project\MedvisionAi-\ML-Model\cleaned_data\oral\Train\CANCER\oral_304.jpeg,Intra-split duplicate copy in folder CANCER 1
E:\Mega project\MedvisionAi-\ML-Model\data\Train\Oral Cancer\CANCER 1\345.jpeg,345.jpeg,train,CANCER 1,CANCER,bfde300837e2d4620c6a31fb308ad7ed,E:\Mega project\MedvisionAi-\ML-Model\cleaned_data\oral\Train\CANCER\oral_305.jpeg,Intra-split duplicate copy in folder CANCER 1
E:\Mega project\MedvisionAi-\ML-Model\data\Train\Oral Cancer\CANCER 1\346.jpeg,346.jpeg,train,CANCER 1,CANCER,a076a18251230dc605863b6e0512a054,E:\Mega project\MedvisionAi-\ML-Model\cleaned_data\oral\Train\CANCER\oral_306.jpeg,Intra-split duplicate copy in folder CANCER 1
E:\Mega project\MedvisionAi-\ML-Model\data\Train\Oral Cancer\CANCER\307.jpeg,307.jpeg,train,CANCER,CANCER,4c36aa04642e8637772967919deac4d9,E:\Mega project\MedvisionAi-\ML-Model\cleaned_data\oral\Test\CANCER\oral_348.jpeg,Cross-split leakage copy (original split: train vs allocated: Test)
E:\Mega project\MedvisionAi-\ML-Model\data\Train\Oral Cancer\CANCER\309.jpeg,309.jpeg,train,CANCER,CANCER,7bfcb2b17b37c75b913ad955d151e575,E:\Mega project\MedvisionAi-\ML-Model\cleaned_data\oral\Test\CANCER\oral_352.jpeg,Cross-split leakage copy (original split: train vs allocated: Test)
E:\Mega project\MedvisionAi-\ML-Model\data\Train\Oral Cancer\CANCER 1\353.jpeg,353.jpeg,train,CANCER 1,CANCER,cd222d877051a9a5ea88f3fe6c30efb1,E:\Mega project\MedvisionAi-\ML-Model\cleaned_data\oral\Train\CANCER\oral_310.jpeg,Intra-split duplicate copy in folder CANCER 1
E:\Mega project\MedvisionAi-\ML-Model\data\Train\Oral Cancer\CANCER 1\354.jpeg,354.jpeg,train,CANCER 1,CANCER,bd34a1b053d5f07643ccab1ce950952d,E:\Mega project\MedvisionAi-\ML-Model\cleaned_data\oral\Train\CANCER\oral_311.jpeg,Intra-split duplicate copy in folder CANCER 1
E:\Mega project\MedvisionAi-\ML-Model\data\Train\Oral Cancer\CANCER 1\355.jpeg,355.jpeg,train,CANCER 1,CANCER,a0c1520a7be13d7c7f75ac7f3ae4801f,E:\Mega project\MedvisionAi-\ML-Model\cleaned_data\oral\Train\CANCER\oral_312.jpeg,Intra-split duplicate copy in folder CANCER 1
E:\Mega project\MedvisionAi-\ML-Model\data\Train\Oral Cancer\CANCER 1\356.jpeg,356.jpeg,train,CANCER 1,CANCER,aa91719ed8bed632f178710bb2b6a377,E:\Mega project\MedvisionAi-\ML-Model\cleaned_data\oral\Train\CANCER\oral_313.jpeg,Intra-split duplicate copy in folder CANCER 1
E:\Mega project\MedvisionAi-\ML-Model\data\Train\Oral Cancer\CANCER 1\358.jpeg,358.jpeg,train,CANCER 1,CANCER,f782d98071058fa0d072f5cd9dfa80f3,E:\Mega project\MedvisionAi-\ML-Model\cleaned_data\oral\Train\CANCER\oral_315.jpeg,Intra-split duplicate copy in folder CANCER 1
E:\Mega project\MedvisionAi-\ML-Model\data\Train\Oral Cancer\CANCER 1\359.jpeg,359.jpeg,train,CANCER 1,CANCER,253922f0ef2bfc6b4f3c0c4843d9b078,E:\Mega project\MedvisionAi-\ML-Model\cleaned_data\oral\Train\CANCER\oral_316.jpeg,Intra-split duplicate copy in folder CANCER 1
E:\Mega project\MedvisionAi-\ML-Model\data\Train\Oral Cancer\CANCER 1\360.jpeg,360.jpeg,train,CANCER 1,CANCER,098890d3c2c0b786f7c8e0264ec20e15,E:\Mega project\MedvisionAi-\ML-Model\cleaned_data\oral\Train\CANCER\oral_318.jpeg,Intra-split duplicate copy in folder CANCER 1
E:\Mega project\MedvisionAi-\ML-Model\data\Train\Oral Cancer\CANCER 1\361.jpeg,361.jpeg,train,CANCER 1,CANCER,9d988524257da385c58814dd4c864c6b,E:\Mega project\MedvisionAi-\ML-Model\cleaned_data\oral\Train\CANCER\oral_319.jpeg,Intra-split duplicate copy in folder CANCER 1
E:\Mega project\MedvisionAi-\ML-Model\data\Train\Oral Cancer\CANCER 1\362.jpeg,362.jpeg,train,CANCER 1,CANCER,e929032f910069243cc93d4baad61b55,E:\Mega project\MedvisionAi-\ML-Model\cleaned_data\oral\Train\CANCER\oral_320.jpeg,Intra-split duplicate copy in folder CANCER 1
E:\Mega project\MedvisionAi-\ML-Model\data\Train\Oral Cancer\CANCER\321.jpeg,321.jpeg,train,CANCER,CANCER,4085b039a6f26df3aad738ba30d3460c,E:\Mega project\MedvisionAi-\ML-Model\cleaned_data\oral\Validation\CANCER\oral_363.jpeg,Cross-split leakage copy (original split: train vs allocated: Validation)
E:\Mega project\MedvisionAi-\ML-Model\data\Train\Oral Cancer\CANCER 1\364.jpeg,364.jpeg,train,CANCER 1,CANCER,ca92d44b9f37349bf244f03757b81f4e,E:\Mega project\MedvisionAi-\ML-Model\cleaned_data\oral\Train\CANCER\oral_322.jpeg,Intra-split duplicate copy in folder CANCER 1
E:\Mega project\MedvisionAi-\ML-Model\data\Train\Oral Cancer\CANCER 1\365.jpeg,365.jpeg,train,CANCER 1,CANCER,dc4e97f9c316934cfdfa3bb8c8b8c706,E:\Mega project\MedvisionAi-\ML-Model\cleaned_data\oral\Train\CANCER\oral_323.jpeg,Intra-split duplicate copy in folder CANCER 1
E:\Mega project\MedvisionAi-\ML-Model\data\Train\Oral Cancer\CANCER 1\367.jpeg,367.jpeg,train,CANCER 1,CANCER,eb6fc7b709dea78da0fe09113b431c47,E:\Mega project\MedvisionAi-\ML-Model\cleaned_data\oral\Train\CANCER\oral_325.jpeg,Intra-split duplicate copy in folder CANCER 1
E:\Mega project\MedvisionAi-\ML-Model\data\Train\Oral Cancer\CANCER\326.jpeg,326.jpeg,train,CANCER,CANCER,8a9763d92c5b930410e3f83ca7ba433f,E:\Mega project\MedvisionAi-\ML-Model\cleaned_data\oral\Validation\CANCER\oral_368.jpeg,Cross-split leakage copy (original split: train vs allocated: Validation)
E:\Mega project\MedvisionAi-\ML-Model\data\Train\Oral Cancer\CANCER 1\369.jpeg,369.jpeg,train,CANCER 1,CANCER,7f3c7a11f3013006a71f33d28a8fb12d,E:\Mega project\MedvisionAi-\ML-Model\cleaned_data\oral\Train\CANCER\oral_327.jpeg,Intra-split duplicate copy in folder CANCER 1
E:\Mega project\MedvisionAi-\ML-Model\data\Train\Oral Cancer\CANCER 1\371.jpeg,371.jpeg,train,CANCER 1,CANCER,9c6c94e4a3e1b2afcc8866aab28ab203,E:\Mega project\MedvisionAi-\ML-Model\cleaned_data\oral\Train\CANCER\oral_330.jpeg,Intra-split duplicate copy in folder CANCER 1
E:\Mega project\MedvisionAi-\ML-Model\data\Train\Oral Cancer\CANCER 1\373.jpeg,373.jpeg,train,CANCER 1,CANCER,8b5f0c1bf82ec5eb83bf1707fc14d88e,E:\Mega project\MedvisionAi-\ML-Model\cleaned_data\oral\Train\CANCER\oral_331.jpeg,Intra-split duplicate copy in folder CANCER 1
E:\Mega project\MedvisionAi-\ML-Model\data\Train\Oral Cancer\CANCER 1\374.jpeg,374.jpeg,train,CANCER 1,CANCER,2394b9117a2836c00f245067947ff5e4,E:\Mega project\MedvisionAi-\ML-Model\cleaned_data\oral\Train\CANCER\oral_332.jpeg,Intra-split duplicate copy in folder CANCER 1
E:\Mega project\MedvisionAi-\ML-Model\data\Train\Oral Cancer\CANCER\333.jpeg,333.jpeg,train,CANCER,CANCER,90c5f0c6b746230083386bd520846a72,E:\Mega project\MedvisionAi-\ML-Model\cleaned_data\oral\Validation\CANCER\oral_375.jpeg,Cross-split leakage copy (original split: train vs allocated: Validation)
E:\Mega project\MedvisionAi-\ML-Model\data\Train\Oral Cancer\CANCER 1\376.jpeg,376.jpeg,train,CANCER 1,CANCER,7a8030cd70e4a1cec6083eaf8da4e995,E:\Mega project\MedvisionAi-\ML-Model\cleaned_data\oral\Train\CANCER\oral_334.jpeg,Intra-split duplicate copy in folder CANCER 1
E:\Mega project\MedvisionAi-\ML-Model\data\Train\Oral Cancer\CANCER 1\377.jpeg,377.jpeg,train,CANCER 1,CANCER,a1a8bb1dca35d2ec229e18a84811184c,E:\Mega project\MedvisionAi-\ML-Model\cleaned_data\oral\Train\CANCER\oral_335.jpeg,Intra-split duplicate copy in folder CANCER 1
E:\Mega project\MedvisionAi-\ML-Model\data\Train\Oral Cancer\CANCER 1\378.jpeg,378.jpeg,train,CANCER 1,CANCER,154f75ed6db413cd23a0d53a1fe8f044,E:\Mega project\MedvisionAi-\ML-Model\cleaned_data\oral\Train\CANCER\oral_336.jpeg,Intra-split duplicate copy in folder CANCER 1
E:\Mega project\MedvisionAi-\ML-Model\data\Train\Oral Cancer\CANCER 1\379.jpeg,379.jpeg,train,CANCER 1,CANCER,b57e79d1b7b55a0749809383d7edc571,E:\Mega project\MedvisionAi-\ML-Model\cleaned_data\oral\Train\CANCER\oral_337.jpeg,Intra-split duplicate copy in folder CANCER 1
E:\Mega project\MedvisionAi-\ML-Model\data\Train\Oral Cancer\CANCER\339.jpeg,339.jpeg,train,CANCER,CANCER,6d8f3b733aa879845bc78ef947e138cb,E:\Mega project\MedvisionAi-\ML-Model\cleaned_data\oral\Test\CANCER\oral_380.jpeg,Cross-split leakage copy (original split: train vs allocated: Test)
E:\Mega project\MedvisionAi-\ML-Model\data\Train\Oral Cancer\CANCER 1\388.jpeg,388.jpeg,train,CANCER 1,CANCER,e6b95d2010d4c3774ee86e2ee8c47646,E:\Mega project\MedvisionAi-\ML-Model\cleaned_data\oral\Train\CANCER\oral_342.jpeg,Intra-split duplicate copy in folder CANCER 1
E:\Mega project\MedvisionAi-\ML-Model\data\Train\Oral Cancer\CANCER\343.jpeg,343.jpeg,train,CANCER,CANCER,59b96572adff6e3e7d2a0c6ee469a5fa,E:\Mega project\MedvisionAi-\ML-Model\cleaned_data\oral\Test\CANCER\oral_389.jpeg,Cross-split leakage copy (original split: train vs allocated: Test)
E:\Mega project\MedvisionAi-\ML-Model\data\Train\Oral Cancer\CANCER 1\395.jpeg,395.jpeg,train,CANCER 1,CANCER,8a662961ec45d49160effa2cdbec517b,E:\Mega project\MedvisionAi-\ML-Model\cleaned_data\oral\Train\CANCER\oral_346.jpeg,Intra-split duplicate copy in folder CANCER 1
E:\Mega project\MedvisionAi-\ML-Model\data\Train\Oral Cancer\CANCER 1\396.jpeg,396.jpeg,train,CANCER 1,CANCER,cce751b5a8afac21be96cb2cb9b0b4a0,E:\Mega project\MedvisionAi-\ML-Model\cleaned_data\oral\Train\CANCER\oral_347.jpeg,Intra-split duplicate copy in folder CANCER 1
E:\Mega project\MedvisionAi-\ML-Model\data\Train\Oral Cancer\CANCER\348.jpeg,348.jpeg,train,CANCER,CANCER,e4526f28d464ef71c58f7512e4c58676,E:\Mega project\MedvisionAi-\ML-Model\cleaned_data\oral\Validation\CANCER\oral_398.jpeg,Cross-split leakage copy (original split: train vs allocated: Validation)
E:\Mega project\MedvisionAi-\ML-Model\data\Train\Oral Cancer\CANCER\349.jpeg,349.jpeg,train,CANCER,CANCER,85a44755aa87b53427e80ed66160a309,E:\Mega project\MedvisionAi-\ML-Model\cleaned_data\oral\Test\CANCER\oral_399.jpeg,Cross-split leakage copy (original split: train vs allocated: Test)
E:\Mega project\MedvisionAi-\ML-Model\data\Train\Oral Cancer\CANCER 1\401.jpeg,401.jpeg,train,CANCER 1,CANCER,aa924e870e3e95c24e85490404465837,E:\Mega project\MedvisionAi-\ML-Model\cleaned_data\oral\Train\CANCER\oral_352.jpeg,Intra-split duplicate copy in folder CANCER 1
E:\Mega project\MedvisionAi-\ML-Model\data\Train\Oral Cancer\CANCER\353.jpeg,353.jpeg,train,CANCER,CANCER,75f7845ff3ba424f7f763a45b8653614,E:\Mega project\MedvisionAi-\ML-Model\cleaned_data\oral\Validation\CANCER\oral_402.jpeg,Cross-split leakage copy (original split: train vs allocated: Validation)
E:\Mega project\MedvisionAi-\ML-Model\data\Train\Oral Cancer\CANCER 1\403.jpeg,403.jpeg,train,CANCER 1,CANCER,7a875648c03d013e65a3f1ac152df4ab,E:\Mega project\MedvisionAi-\ML-Model\cleaned_data\oral\Train\CANCER\oral_354.jpeg,Intra-split duplicate copy in folder CANCER 1
E:\Mega project\MedvisionAi-\ML-Model\data\Train\Oral Cancer\CANCER 1\404.jpeg,404.jpeg,train,CANCER 1,CANCER,22a9df6240ff7c9a87bd736d4831d870,E:\Mega project\MedvisionAi-\ML-Model\cleaned_data\oral\Train\CANCER\oral_355.jpeg,Intra-split duplicate copy in folder CANCER 1
E:\Mega project\MedvisionAi-\ML-Model\data\Train\Oral Cancer\CANCER\358.jpeg,358.jpeg,train,CANCER,CANCER,3864f95b9259f15d20d1a19b698e76c7,E:\Mega project\MedvisionAi-\ML-Model\cleaned_data\oral\Validation\CANCER\oral_412.jpeg,Cross-split leakage copy (original split: train vs allocated: Validation)
E:\Mega project\MedvisionAi-\ML-Model\data\Train\Oral Cancer\CANCER 1\413.jpeg,413.jpeg,train,CANCER 1,CANCER,c5db5a3257ee8e4ff8f3f7fa1b984e7e,E:\Mega project\MedvisionAi-\ML-Model\cleaned_data\oral\Train\CANCER\oral_359.jpeg,Intra-split duplicate copy in folder CANCER 1
E:\Mega project\MedvisionAi-\ML-Model\data\Train\Oral Cancer\CANCER 1\420.jpeg,420.jpeg,train,CANCER 1,CANCER,bb74d6e885273a2492e6a8ba350a1a89,E:\Mega project\MedvisionAi-\ML-Model\cleaned_data\oral\Train\CANCER\oral_361.jpeg,Intra-split duplicate copy in folder CANCER 1
E:\Mega project\MedvisionAi-\ML-Model\data\Train\Oral Cancer\CANCER 1\421.jpeg,421.jpeg,train,CANCER 1,CANCER,aef38f1d18cbebabce997dd97a5f686f,E:\Mega project\MedvisionAi-\ML-Model\cleaned_data\oral\Train\CANCER\oral_362.jpeg,Intra-split duplicate copy in folder CANCER 1
E:\Mega project\MedvisionAi-\ML-Model\data\Train\Oral Cancer\CANCER 1\422.jpeg,422.jpeg,train,CANCER 1,CANCER,067101a6551931801424f2ca1ec3448f,E:\Mega project\MedvisionAi-\ML-Model\cleaned_data\oral\Train\CANCER\oral_363.jpeg,Intra-split duplicate copy in folder CANCER 1
E:\Mega project\MedvisionAi-\ML-Model\data\Train\Oral Cancer\CANCER 1\428.jpeg,428.jpeg,train,CANCER 1,CANCER,d6f0c5a8871184b0b9eae1b9bfa46918,E:\Mega project\MedvisionAi-\ML-Model\cleaned_data\oral\Train\CANCER\oral_364.jpeg,Intra-split duplicate copy in folder CANCER 1
E:\Mega project\MedvisionAi-\ML-Model\data\Train\Oral Cancer\CANCER 1\429.jpeg,429.jpeg,train,CANCER 1,CANCER,9f6c25e39e1e66b8dfb461b449859239,E:\Mega project\MedvisionAi-\ML-Model\cleaned_data\oral\Train\CANCER\oral_365.jpeg,Intra-split duplicate copy in folder CANCER 1
E:\Mega project\MedvisionAi-\ML-Model\data\Train\Oral Cancer\CANCER\367.jpeg,367.jpeg,train,CANCER,CANCER,89eb68e3ce9867a731f39d22a8322042,E:\Mega project\MedvisionAi-\ML-Model\cleaned_data\oral\Test\CANCER\oral_430.jpeg,Cross-split leakage copy (original split: train vs allocated: Test)
E:\Mega project\MedvisionAi-\ML-Model\data\Train\Oral Cancer\CANCER 1\435.jpeg,435.jpeg,train,CANCER 1,CANCER,4fa3f537a0d72892c1eb8aad57d17ac1,E:\Mega project\MedvisionAi-\ML-Model\cleaned_data\oral\Train\CANCER\oral_369.jpeg,Intra-split duplicate copy in folder CANCER 1
E:\Mega project\MedvisionAi-\ML-Model\data\Train\Oral Cancer\CANCER 1\436.jpeg,436.jpeg,train,CANCER 1,CANCER,848f37526e1f4e9bb1c64d0e31af3b3d,E:\Mega project\MedvisionAi-\ML-Model\cleaned_data\oral\Train\CANCER\oral_370.jpeg,Intra-split duplicate copy in folder CANCER 1
E:\Mega project\MedvisionAi-\ML-Model\data\Train\Oral Cancer\CANCER 1\437.jpeg,437.jpeg,train,CANCER 1,CANCER,53b0bcc33df26deafbc564f2d8b32358,E:\Mega project\MedvisionAi-\ML-Model\cleaned_data\oral\Train\CANCER\oral_371.jpeg,Intra-split duplicate copy in folder CANCER 1
E:\Mega project\MedvisionAi-\ML-Model\data\Train\Oral Cancer\CANCER 1\438.jpeg,438.jpeg,train,CANCER 1,CANCER,c6e59ac8d6c2be407f819a3a9b4845c4,E:\Mega project\MedvisionAi-\ML-Model\cleaned_data\oral\Train\CANCER\oral_372.jpeg,Intra-split duplicate copy in folder CANCER 1
E:\Mega project\MedvisionAi-\ML-Model\data\Train\Oral Cancer\CANCER 1\483.jpeg,483.jpeg,train,CANCER 1,CANCER,860f192c6b9a3b67a0ca08c2e58ca032,E:\Mega project\MedvisionAi-\ML-Model\cleaned_data\oral\Train\CANCER\oral_374.jpeg,Intra-split duplicate copy in folder CANCER 1
E:\Mega project\MedvisionAi-\ML-Model\data\Train\Oral Cancer\CANCER\377.jpeg,377.jpeg,train,CANCER,CANCER,94f3468233965cc6fa22934720ee99f3,E:\Mega project\MedvisionAi-\ML-Model\cleaned_data\oral\Validation\CANCER\oral_442.jpeg,Cross-split leakage copy (original split: train vs allocated: Validation)
E:\Mega project\MedvisionAi-\ML-Model\data\Train\Oral Cancer\CANCER 1\443.jpeg,443.jpeg,train,CANCER 1,CANCER,1925a4c198cff1e6bb24cd064b4946a1,E:\Mega project\MedvisionAi-\ML-Model\cleaned_data\oral\Train\CANCER\oral_378.jpeg,Intra-split duplicate copy in folder CANCER 1
E:\Mega project\MedvisionAi-\ML-Model\data\Train\Oral Cancer\CANCER 1\444.jpeg,444.jpeg,train,CANCER 1,CANCER,fd7e74a48fc5e9777467052f2125b2a1,E:\Mega project\MedvisionAi-\ML-Model\cleaned_data\oral\Train\CANCER\oral_379.jpeg,Intra-split duplicate copy in folder CANCER 1
E:\Mega project\MedvisionAi-\ML-Model\data\Train\Oral Cancer\CANCER 1\445.jpeg,445.jpeg,train,CANCER 1,CANCER,0eba28c6959ee67b8341ad017873c5cc,E:\Mega project\MedvisionAi-\ML-Model\cleaned_data\oral\Train\CANCER\oral_380.jpeg,Intra-split duplicate copy in folder CANCER 1
E:\Mega project\MedvisionAi-\ML-Model\data\Train\Oral Cancer\CANCER 1\446.jpeg,446.jpeg,train,CANCER 1,CANCER,aead7e292e60cfd04089febb84da2504,E:\Mega project\MedvisionAi-\ML-Model\cleaned_data\oral\Train\CANCER\oral_381.jpeg,Intra-split duplicate copy in folder CANCER 1
E:\Mega project\MedvisionAi-\ML-Model\data\Train\Oral Cancer\CANCER 1\447.jpeg,447.jpeg,train,CANCER 1,CANCER,4353c16a6f0f0e6a0463ee35dd9fb09a,E:\Mega project\MedvisionAi-\ML-Model\cleaned_data\oral\Train\CANCER\oral_382.jpeg,Intra-split duplicate copy in folder CANCER 1
E:\Mega project\MedvisionAi-\ML-Model\data\Train\Oral Cancer\CANCER 1\448.jpeg,448.jpeg,train,CANCER 1,CANCER,4c71bfedbc67211944666b3d9d33fc4f,E:\Mega project\MedvisionAi-\ML-Model\cleaned_data\oral\Train\CANCER\oral_383.jpeg,Intra-split duplicate copy in folder CANCER 1
E:\Mega project\MedvisionAi-\ML-Model\data\Train\Oral Cancer\CANCER 1\450.jpeg,450.jpeg,train,CANCER 1,CANCER,361403898ebc9537356689f338fbd938,E:\Mega project\MedvisionAi-\ML-Model\cleaned_data\oral\Train\CANCER\oral_386.jpeg,Intra-split duplicate copy in folder CANCER 1
E:\Mega project\MedvisionAi-\ML-Model\data\Train\Oral Cancer\CANCER\387.jpeg,387.jpeg,train,CANCER,CANCER,8326af63997384b8ad2cda4fad393620,E:\Mega project\MedvisionAi-\ML-Model\cleaned_data\oral\Validation\CANCER\oral_451.jpeg,Cross-split leakage copy (original split: train vs allocated: Validation)
E:\Mega project\MedvisionAi-\ML-Model\data\Train\Oral Cancer\CANCER 1\453.jpeg,453.jpeg,train,CANCER 1,CANCER,36a3fbd53fb6df334e9f59bb0cc7c51f,E:\Mega project\MedvisionAi-\ML-Model\cleaned_data\oral\Train\CANCER\oral_389.jpeg,Intra-split duplicate copy in folder CANCER 1
E:\Mega project\MedvisionAi-\ML-Model\data\Train\Oral Cancer\CANCER 1\454.jpeg,454.jpeg,train,CANCER 1,CANCER,48014ad7c64ad1436097dcfb34167d0a,E:\Mega project\MedvisionAi-\ML-Model\cleaned_data\oral\Train\CANCER\oral_390.jpeg,Intra-split duplicate copy in folder CANCER 1
E:\Mega project\MedvisionAi-\ML-Model\data\Train\Oral Cancer\CANCER 1\455.jpeg,455.jpeg,train,CANCER 1,CANCER,eb6102037a4d268f22c3233b75f4ed7a,E:\Mega project\MedvisionAi-\ML-Model\cleaned_data\oral\Train\CANCER\oral_391.jpeg,Intra-split duplicate copy in folder CANCER 1
E:\Mega project\MedvisionAi-\ML-Model\data\Train\Oral Cancer\CANCER 1\456.jpeg,456.jpeg,train,CANCER 1,CANCER,fd64a760f7f1fa5822cc197ba43f05d4,E:\Mega project\MedvisionAi-\ML-Model\cleaned_data\oral\Train\CANCER\oral_392.jpeg,Intra-split duplicate copy in folder CANCER 1
E:\Mega project\MedvisionAi-\ML-Model\data\Train\Oral Cancer\CANCER 1\458.jpeg,458.jpeg,train,CANCER 1,CANCER,120b03e0b10c8d7500ef4111639e1403,E:\Mega project\MedvisionAi-\ML-Model\cleaned_data\oral\Train\CANCER\oral_394.jpeg,Intra-split duplicate copy in folder CANCER 1
E:\Mega project\MedvisionAi-\ML-Model\data\Train\Oral Cancer\CANCER\395.jpeg,395.jpeg,train,CANCER,CANCER,8ad1e13c18d330313512a2b60ead1a4e,E:\Mega project\MedvisionAi-\ML-Model\cleaned_data\oral\Test\CANCER\oral_459.jpeg,Cross-split leakage copy (original split: train vs allocated: Test)
E:\Mega project\MedvisionAi-\ML-Model\data\Train\Oral Cancer\CANCER 1\463.jpeg,463.jpeg,train,CANCER 1,CANCER,a16efd6c43debc20b327a8243b26470d,E:\Mega project\MedvisionAi-\ML-Model\cleaned_data\oral\Train\CANCER\oral_400.jpeg,Intra-split duplicate copy in folder CANCER 1
E:\Mega project\MedvisionAi-\ML-Model\data\Train\Oral Cancer\CANCER 1\464.jpeg,464.jpeg,train,CANCER 1,CANCER,cc3dcbb73a3fc734506f85c012bc91b7,E:\Mega project\MedvisionAi-\ML-Model\cleaned_data\oral\Train\CANCER\oral_401.jpeg,Intra-split duplicate copy in folder CANCER 1
E:\Mega project\MedvisionAi-\ML-Model\data\Train\Oral Cancer\CANCER 1\465.jpeg,465.jpeg,train,CANCER 1,CANCER,e355c77e683c13e592918ef12697dc33,E:\Mega project\MedvisionAi-\ML-Model\cleaned_data\oral\Train\CANCER\oral_402.jpeg,Intra-split duplicate copy in folder CANCER 1
E:\Mega project\MedvisionAi-\ML-Model\data\Train\Oral Cancer\CANCER\403.jpeg,403.jpeg,train,CANCER,CANCER,267e30e88aad3ad547c5b7b80e51eac6,E:\Mega project\MedvisionAi-\ML-Model\cleaned_data\oral\Validation\CANCER\oral_466.jpeg,Cross-split leakage copy (original split: train vs allocated: Validation)
E:\Mega project\MedvisionAi-\ML-Model\data\Train\Oral Cancer\CANCER\404.jpeg,404.jpeg,train,CANCER,CANCER,f4b253bff8c3dbc690cdf88f9d7de46d,E:\Mega project\MedvisionAi-\ML-Model\cleaned_data\oral\Validation\CANCER\oral_467.jpeg,Cross-split leakage copy (original split: train vs allocated: Validation)
E:\Mega project\MedvisionAi-\ML-Model\data\Train\Oral Cancer\CANCER 1\468.jpeg,468.jpeg,train,CANCER 1,CANCER,1eba440b208039714ad46608f135b56e,E:\Mega project\MedvisionAi-\ML-Model\cleaned_data\oral\Train\CANCER\oral_405.jpeg,Intra-split duplicate copy in folder CANCER 1
E:\Mega project\MedvisionAi-\ML-Model\data\Train\Oral Cancer\CANCER 1\469.jpeg,469.jpeg,train,CANCER 1,CANCER,37362588d46e9cbbaba824ceb9249322,E:\Mega project\MedvisionAi-\ML-Model\cleaned_data\oral\Train\CANCER\oral_406.jpeg,Intra-split duplicate copy in folder CANCER 1
E:\Mega project\MedvisionAi-\ML-Model\data\Train\Oral Cancer\CANCER 1\471.jpeg,471.jpeg,train,CANCER 1,CANCER,a7463f012860c67340d59f60afc9433f,E:\Mega project\MedvisionAi-\ML-Model\cleaned_data\oral\Train\CANCER\oral_409.jpeg,Intra-split duplicate copy in folder CANCER 1
E:\Mega project\MedvisionAi-\ML-Model\data\Train\Oral Cancer\CANCER 1\473.jpeg,473.jpeg,train,CANCER 1,CANCER,902aee8be97b77a980fad82118c0b905,E:\Mega project\MedvisionAi-\ML-Model\cleaned_data\oral\Train\CANCER\oral_410.jpeg,Intra-split duplicate copy in folder CANCER 1
E:\Mega project\MedvisionAi-\ML-Model\data\Train\Oral Cancer\CANCER\412.jpeg,412.jpeg,train,CANCER,CANCER,cf2d16702d57fb70920fe8007a3adb15,E:\Mega project\MedvisionAi-\ML-Model\cleaned_data\oral\Validation\CANCER\oral_477.jpeg,Cross-split leakage copy (original split: train vs allocated: Validation)
E:\Mega project\MedvisionAi-\ML-Model\data\Train\Oral Cancer\CANCER 1\479.jpeg,479.jpeg,train,CANCER 1,CANCER,9115b5901c878e892916aa2be1981a21,E:\Mega project\MedvisionAi-\ML-Model\cleaned_data\oral\Train\CANCER\oral_413.jpeg,Intra-split duplicate copy in folder CANCER 1
E:\Mega project\MedvisionAi-\ML-Model\data\Train\Oral Cancer\CANCER 1\481.jpeg,481.jpeg,train,CANCER 1,CANCER,abf634164ce29f57d39637d59cd7face,E:\Mega project\MedvisionAi-\ML-Model\cleaned_data\oral\Train\CANCER\oral_416.jpeg,Intra-split duplicate copy in folder CANCER 1
E:\Mega project\MedvisionAi-\ML-Model\data\Train\Oral Cancer\CANCER\419.jpeg,419.jpeg,train,CANCER,CANCER,945d2c099ca4c40e538ebde0da3c3870,E:\Mega project\MedvisionAi-\ML-Model\cleaned_data\oral\Test\CANCER\oral_485.jpeg,Cross-split leakage copy (original split: train vs allocated: Test)
E:\Mega project\MedvisionAi-\ML-Model\data\Train\Oral Cancer\CANCER 1\487.jpeg,487.jpeg,train,CANCER 1,CANCER,4e36ce2f7a06273bcedfa47a5a4b6580,E:\Mega project\MedvisionAi-\ML-Model\cleaned_data\oral\Train\CANCER\oral_421.jpeg,Intra-split duplicate copy in folder CANCER 1
E:\Mega project\MedvisionAi-\ML-Model\data\Train\Oral Cancer\CANCER 1\488.jpeg,488.jpeg,train,CANCER 1,CANCER,4d736a006ee1905da3f80729f2a84288,E:\Mega project\MedvisionAi-\ML-Model\cleaned_data\oral\Train\CANCER\oral_422.jpeg,Intra-split duplicate copy in folder CANCER 1
E:\Mega project\MedvisionAi-\ML-Model\data\Train\Oral Cancer\CANCER 1\490.jpeg,490.jpeg,train,CANCER 1,CANCER,2721da1a4592a60ae6aaa0f63804ea36,E:\Mega project\MedvisionAi-\ML-Model\cleaned_data\oral\Train\CANCER\oral_425.jpeg,Intra-split duplicate copy in folder CANCER 1
E:\Mega project\MedvisionAi-\ML-Model\data\Train\Oral Cancer\CANCER 1\491.jpeg,491.jpeg,train,CANCER 1,CANCER,74f1e32fe3591df5f181a29caeaca7ae,E:\Mega project\MedvisionAi-\ML-Model\cleaned_data\oral\Train\CANCER\oral_426.jpeg,Intra-split duplicate copy in folder CANCER 1
E:\Mega project\MedvisionAi-\ML-Model\data\Train\Oral Cancer\CANCER 1\492.jpeg,492.jpeg,train,CANCER 1,CANCER,8deb0ca37792c95a3f5ee86026c6729f,E:\Mega project\MedvisionAi-\ML-Model\cleaned_data\oral\Train\CANCER\oral_427.jpeg,Intra-split duplicate copy in folder CANCER 1
E:\Mega project\MedvisionAi-\ML-Model\data\Train\Oral Cancer\CANCER 1\495.jpeg,495.jpeg,train,CANCER 1,CANCER,5cd42cdb8d9dde7b4d4872a69b5dc8fc,E:\Mega project\MedvisionAi-\ML-Model\cleaned_data\oral\Train\CANCER\oral_430.jpeg,Intra-split duplicate copy in folder CANCER 1
E:\Mega project\MedvisionAi-\ML-Model\data\Train\Oral Cancer\CANCER\431.jpeg,431.jpeg,train,CANCER,CANCER,df99fa9ff6a4abfa2fbea64731c40c46,E:\Mega project\MedvisionAi-\ML-Model\cleaned_data\oral\Test\CANCER\oral_496.jpeg,Cross-split leakage copy (original split: train vs allocated: Test)
E:\Mega project\MedvisionAi-\ML-Model\data\Train\Oral Cancer\CANCER 1\497.jpeg,497.jpeg,train,CANCER 1,CANCER,30179a3e25b9a19fdc5f95df131545be,E:\Mega project\MedvisionAi-\ML-Model\cleaned_data\oral\Train\CANCER\oral_432.jpeg,Intra-split duplicate copy in folder CANCER 1
E:\Mega project\MedvisionAi-\ML-Model\data\Train\Oral Cancer\CANCER 1\499.jpeg,499.jpeg,train,CANCER 1,CANCER,0d17d406bc9831a46079b722ea3c77f3,E:\Mega project\MedvisionAi-\ML-Model\cleaned_data\oral\Train\CANCER\oral_434.jpeg,Intra-split duplicate copy in folder CANCER 1
E:\Mega project\MedvisionAi-\ML-Model\data\Train\Oral Cancer\CANCER 1\500.jpeg,500.jpeg,train,CANCER 1,CANCER,62a2ccebd442cdf1dd5e8682a475e3ba,E:\Mega project\MedvisionAi-\ML-Model\cleaned_data\oral\Train\CANCER\oral_437.jpeg,Intra-split duplicate copy in folder CANCER 1
E:\Mega project\MedvisionAi-\ML-Model\data\Train\Oral Cancer\CANCER 1\012.jpeg,012.jpeg,train,CANCER 1,CANCER,061a0e0d29e6c7b736f94f218d96157d,E:\Mega project\MedvisionAi-\ML-Model\cleaned_data\oral\Validation\CANCER\oral_011.jpeg,Cross-split leakage copy (original split: train vs allocated: Validation)
E:\Mega project\MedvisionAi-\ML-Model\data\Train\Oral Cancer\CANCER 1\013.jpeg,013.jpeg,train,CANCER 1,CANCER,b28a638acc4e0215a5843876dd914923,E:\Mega project\MedvisionAi-\ML-Model\cleaned_data\oral\Validation\CANCER\oral_012.jpeg,Cross-split leakage copy (original split: train vs allocated: Validation)
E:\Mega project\MedvisionAi-\ML-Model\data\Train\Oral Cancer\CANCER 1\078.jpeg,078.jpeg,train,CANCER 1,CANCER,1627a28126721eb7e934d913d6879985,E:\Mega project\MedvisionAi-\ML-Model\cleaned_data\oral\Test\CANCER\oral_061.jpeg,Cross-split leakage copy (original split: train vs allocated: Test)
E:\Mega project\MedvisionAi-\ML-Model\data\Train\Oral Cancer\CANCER 1\088.jpeg,088.jpeg,train,CANCER 1,CANCER,1ec6d52494fab85f41cb81d42b5df573,E:\Mega project\MedvisionAi-\ML-Model\cleaned_data\oral\Test\CANCER\oral_070.jpeg,Cross-split leakage copy (original split: train vs allocated: Test)
E:\Mega project\MedvisionAi-\ML-Model\data\Train\Oral Cancer\CANCER 1\091.jpeg,091.jpeg,train,CANCER 1,CANCER,16127cfb7b05bf06a63401c5946abcdc,E:\Mega project\MedvisionAi-\ML-Model\cleaned_data\oral\Validation\CANCER\oral_073.jpeg,Cross-split leakage copy (original split: train vs allocated: Validation)
E:\Mega project\MedvisionAi-\ML-Model\data\Train\Oral Cancer\CANCER 1\098.jpeg,098.jpeg,train,CANCER 1,CANCER,9475d3b9a0ed78c5e37dd7305a891295,E:\Mega project\MedvisionAi-\ML-Model\cleaned_data\oral\Test\CANCER\oral_077.jpeg,Cross-split leakage copy (original split: train vs allocated: Test)
E:\Mega project\MedvisionAi-\ML-Model\data\Train\Oral Cancer\CANCER 1\102.jpeg,102.jpeg,train,CANCER 1,CANCER,0e95011b46ed36d7d7ba2977fd2e789d,E:\Mega project\MedvisionAi-\ML-Model\cleaned_data\oral\Test\CANCER\oral_0e95011b_083.jpeg,Cross-split leakage copy (original split: train vs allocated: Test)
E:\Mega project\MedvisionAi-\ML-Model\data\Train\Oral Cancer\CANCER 1\125.jpeg,125.jpeg,train,CANCER 1,CANCER,b182371cf99d78cb897ccc5965e8779a,E:\Mega project\MedvisionAi-\ML-Model\cleaned_data\oral\Test\CANCER\oral_107.jpeg,Cross-split leakage copy (original split: train vs allocated: Test)
E:\Mega project\MedvisionAi-\ML-Model\data\Train\Oral Cancer\CANCER 1\127.jpeg,127.jpeg,train,CANCER 1,CANCER,755a595021da3d710cdf318ab5847149,E:\Mega project\MedvisionAi-\ML-Model\cleaned_data\oral\Validation\CANCER\oral_109.jpeg,Cross-split leakage copy (original split: train vs allocated: Validation)
E:\Mega project\MedvisionAi-\ML-Model\data\Train\Oral Cancer\CANCER 1\128.jpeg,128.jpeg,train,CANCER 1,CANCER,a1f0bdecffeb39de2ee40808cb1b9065,E:\Mega project\MedvisionAi-\ML-Model\cleaned_data\oral\Test\CANCER\oral_a1f0bdec_110.jpeg,Cross-split leakage copy (original split: train vs allocated: Test)
E:\Mega project\MedvisionAi-\ML-Model\data\Train\Oral Cancer\CANCER 1\130.jpeg,130.jpeg,train,CANCER 1,CANCER,3f00c35d7dc3cd47ca54bdf0a2604229,E:\Mega project\MedvisionAi-\ML-Model\cleaned_data\oral\Test\CANCER\oral_112.jpeg,Cross-split leakage copy (original split: train vs allocated: Test)
E:\Mega project\MedvisionAi-\ML-Model\data\Train\Oral Cancer\CANCER 1\132.jpeg,132.jpeg,train,CANCER 1,CANCER,281eaaabff6c14478f809580edd8e0a6,E:\Mega project\MedvisionAi-\ML-Model\cleaned_data\oral\Test\CANCER\oral_114.jpeg,Cross-split leakage copy (original split: train vs allocated: Test)
E:\Mega project\MedvisionAi-\ML-Model\data\Train\Oral Cancer\CANCER 1\135.jpeg,135.jpeg,train,CANCER 1,CANCER,7834b305da6bcdab4495715df7e9db94,E:\Mega project\MedvisionAi-\ML-Model\cleaned_data\oral\Test\CANCER\oral_116.jpeg,Cross-split leakage copy (original split: train vs allocated: Test)
E:\Mega project\MedvisionAi-\ML-Model\data\Train\Oral Cancer\CANCER 1\139.jpeg,139.jpeg,train,CANCER 1,CANCER,d3770260eb1b9eb91a149698c05b23a6,E:\Mega project\MedvisionAi-\ML-Model\cleaned_data\oral\Validation\CANCER\oral_120.jpeg,Cross-split leakage copy (original split: train vs allocated: Validation)
E:\Mega project\MedvisionAi-\ML-Model\data\Train\Oral Cancer\CANCER 1\140.jpeg,140.jpeg,train,CANCER 1,CANCER,51b7178a80a8ef608647e0e5d08a7363,E:\Mega project\MedvisionAi-\ML-Model\cleaned_data\oral\Test\CANCER\oral_121.jpeg,Cross-split leakage copy (original split: train vs allocated: Test)
E:\Mega project\MedvisionAi-\ML-Model\data\Train\Oral Cancer\CANCER 1\148.jpeg,148.jpeg,train,CANCER 1,CANCER,943c2bb2a69a33df5c12df81a5ad16e3,E:\Mega project\MedvisionAi-\ML-Model\cleaned_data\oral\Test\CANCER\oral_126.jpeg,Cross-split leakage copy (original split: train vs allocated: Test)
E:\Mega project\MedvisionAi-\ML-Model\data\Train\Oral Cancer\CANCER 1\150.jpeg,150.jpeg,train,CANCER 1,CANCER,8a50987eb1fca18306bcf098dd39ab29,E:\Mega project\MedvisionAi-\ML-Model\cleaned_data\oral\Validation\CANCER\oral_130.jpeg,Cross-split leakage copy (original split: train vs allocated: Validation)
E:\Mega project\MedvisionAi-\ML-Model\data\Train\Oral Cancer\CANCER 1\156.jpeg,156.jpeg,train,CANCER 1,CANCER,cb52398ed4655f33f0c42c52a56ba53b,E:\Mega project\MedvisionAi-\ML-Model\cleaned_data\oral\Test\CANCER\oral_135.jpeg,Cross-split leakage copy (original split: train vs allocated: Test)
E:\Mega project\MedvisionAi-\ML-Model\data\Train\Oral Cancer\CANCER 1\158.jpeg,158.jpeg,train,CANCER 1,CANCER,c26f86e1cf9ba4c2af24eb48f85d6bea,E:\Mega project\MedvisionAi-\ML-Model\cleaned_data\oral\Test\CANCER\oral_137.jpeg,Cross-split leakage copy (original split: train vs allocated: Test)
E:\Mega project\MedvisionAi-\ML-Model\data\Train\Oral Cancer\CANCER 1\168.jpeg,168.jpeg,train,CANCER 1,CANCER,37f01a738994133d01dc4b11853f6054,E:\Mega project\MedvisionAi-\ML-Model\cleaned_data\oral\Test\CANCER\oral_147.jpeg,Cross-split leakage copy (original split: train vs allocated: Test)
E:\Mega project\MedvisionAi-\ML-Model\data\Train\Oral Cancer\CANCER 1\177.jpeg,177.jpeg,train,CANCER 1,CANCER,145dd6066ee6dc57650b860522d8bd1a,E:\Mega project\MedvisionAi-\ML-Model\cleaned_data\oral\Test\CANCER\oral_157.jpeg,Cross-split leakage copy (original split: train vs allocated: Test)
E:\Mega project\MedvisionAi-\ML-Model\data\Train\Oral Cancer\CANCER 1\188.jpeg,188.jpeg,train,CANCER 1,CANCER,01592b043e5a4b00d88252b4b4e602e1,E:\Mega project\MedvisionAi-\ML-Model\cleaned_data\oral\Test\CANCER\oral_168.jpeg,Cross-split leakage copy (original split: train vs allocated: Test)
E:\Mega project\MedvisionAi-\ML-Model\data\Train\Oral Cancer\CANCER 1\190.jpeg,190.jpeg,train,CANCER 1,CANCER,2c4ef677820b4898149ea7a17e10f54f,E:\Mega project\MedvisionAi-\ML-Model\cleaned_data\oral\Validation\CANCER\oral_171.jpeg,Cross-split leakage copy (original split: train vs allocated: Validation)
E:\Mega project\MedvisionAi-\ML-Model\data\Train\Oral Cancer\CANCER 1\191.jpeg,191.jpeg,train,CANCER 1,CANCER,3728c343253d22765fd366f09442f9c2,E:\Mega project\MedvisionAi-\ML-Model\cleaned_data\oral\Validation\CANCER\oral_172.jpeg,Cross-split leakage copy (original split: train vs allocated: Validation)
E:\Mega project\MedvisionAi-\ML-Model\data\Train\Oral Cancer\CANCER 1\200.jpeg,200.jpeg,train,CANCER 1,CANCER,93b0b616a5a065d1573334d2f9fd7dcf,E:\Mega project\MedvisionAi-\ML-Model\cleaned_data\oral\Test\CANCER\oral_181.jpeg,Cross-split leakage copy (original split: train vs allocated: Test)
E:\Mega project\MedvisionAi-\ML-Model\data\Train\Oral Cancer\CANCER 1\204.jpeg,204.jpeg,train,CANCER 1,CANCER,c1a31dbe697e50108b59da9478023d2f,E:\Mega project\MedvisionAi-\ML-Model\cleaned_data\oral\Validation\CANCER\oral_184.jpeg,Cross-split leakage copy (original split: train vs allocated: Validation)
E:\Mega project\MedvisionAi-\ML-Model\data\Train\Oral Cancer\CANCER 1\208.jpeg,208.jpeg,train,CANCER 1,CANCER,f390856107acfe6ed7476c976da19b91,E:\Mega project\MedvisionAi-\ML-Model\cleaned_data\oral\Test\CANCER\oral_187.jpeg,Cross-split leakage copy (original split: train vs allocated: Test)
E:\Mega project\MedvisionAi-\ML-Model\data\Train\Oral Cancer\CANCER 1\218.jpeg,218.jpeg,train,CANCER 1,CANCER,f94524dd909b27d8fffcea2ceda4836d,E:\Mega project\MedvisionAi-\ML-Model\cleaned_data\oral\Validation\CANCER\oral_198.jpeg,Cross-split leakage copy (original split: train vs allocated: Validation)
E:\Mega project\MedvisionAi-\ML-Model\data\Train\Oral Cancer\CANCER 1\221.jpeg,221.jpeg,train,CANCER 1,CANCER,0848a07993365e3e10b17f4adda3dd7e,E:\Mega project\MedvisionAi-\ML-Model\cleaned_data\oral\Validation\CANCER\oral_202.jpeg,Cross-split leakage copy (original split: train vs allocated: Validation)
E:\Mega project\MedvisionAi-\ML-Model\data\Train\Oral Cancer\CANCER 1\243.jpeg,243.jpeg,train,CANCER 1,CANCER,19aa756a8edcaf5fe09f3c03b4dda1cc,E:\Mega project\MedvisionAi-\ML-Model\cleaned_data\oral\Validation\CANCER\oral_221.jpeg,Cross-split leakage copy (original split: train vs allocated: Validation)
E:\Mega project\MedvisionAi-\ML-Model\data\Train\Oral Cancer\CANCER 1\244.jpeg,244.jpeg,train,CANCER 1,CANCER,e77e23cbc4357302b3d58feca1bda451,E:\Mega project\MedvisionAi-\ML-Model\cleaned_data\oral\Validation\CANCER\oral_222.jpeg,Cross-split leakage copy (original split: train vs allocated: Validation)
E:\Mega project\MedvisionAi-\ML-Model\data\Train\Oral Cancer\CANCER 1\253.jpeg,253.jpeg,train,CANCER 1,CANCER,a7234fda0b57c221707f564fceaae1b2,E:\Mega project\MedvisionAi-\ML-Model\cleaned_data\oral\Validation\CANCER\oral_231.jpeg,Cross-split leakage copy (original split: train vs allocated: Validation)
E:\Mega project\MedvisionAi-\ML-Model\data\Train\Oral Cancer\CANCER 1\256.jpeg,256.jpeg,train,CANCER 1,CANCER,befed06da62cdaafaa467d1e4b14bb7d,E:\Mega project\MedvisionAi-\ML-Model\cleaned_data\oral\Validation\CANCER\oral_234.jpeg,Cross-split leakage copy (original split: train vs allocated: Validation)
E:\Mega project\MedvisionAi-\ML-Model\data\Train\Oral Cancer\CANCER 1\268.jpeg,268.jpeg,train,CANCER 1,CANCER,a656c68d03a81732259d6ba5c4dfde2a,E:\Mega project\MedvisionAi-\ML-Model\cleaned_data\oral\Validation\CANCER\oral_245.jpeg,Cross-split leakage copy (original split: train vs allocated: Validation)
E:\Mega project\MedvisionAi-\ML-Model\data\Train\Oral Cancer\CANCER 1\269.jpeg,269.jpeg,train,CANCER 1,CANCER,cbfa0640a00fe84cd24e8ec101137055,E:\Mega project\MedvisionAi-\ML-Model\cleaned_data\oral\Test\CANCER\oral_246.jpeg,Cross-split leakage copy (original split: train vs allocated: Test)
E:\Mega project\MedvisionAi-\ML-Model\data\Train\Oral Cancer\CANCER 1\271.jpeg,271.jpeg,train,CANCER 1,CANCER,ca6589c5db7e71170b331ee5b9755e7b,E:\Mega project\MedvisionAi-\ML-Model\cleaned_data\oral\Test\CANCER\oral_ca6589c5_249.jpeg,Cross-split leakage copy (original split: train vs allocated: Test)
E:\Mega project\MedvisionAi-\ML-Model\data\Train\Oral Cancer\CANCER 1\273.jpeg,273.jpeg,train,CANCER 1,CANCER,ad6e1353db8e071a18427034de4d5262,E:\Mega project\MedvisionAi-\ML-Model\cleaned_data\oral\Test\CANCER\oral_251.jpeg,Cross-split leakage copy (original split: train vs allocated: Test)
E:\Mega project\MedvisionAi-\ML-Model\data\Train\Oral Cancer\CANCER 1\279.jpeg,279.jpeg,train,CANCER 1,CANCER,1fc02f89df676a29e30df97692682d10,E:\Mega project\MedvisionAi-\ML-Model\cleaned_data\oral\Test\CANCER\oral_255.jpeg,Cross-split leakage copy (original split: train vs allocated: Test)
E:\Mega project\MedvisionAi-\ML-Model\data\Train\Oral Cancer\CANCER 1\281.jpeg,281.jpeg,train,CANCER 1,CANCER,10ea384f9359af507eca4d31bd466516,E:\Mega project\MedvisionAi-\ML-Model\cleaned_data\oral\Test\CANCER\oral_258.jpeg,Cross-split leakage copy (original split: train vs allocated: Test)
E:\Mega project\MedvisionAi-\ML-Model\data\Train\Oral Cancer\CANCER 1\282.jpeg,282.jpeg,train,CANCER 1,CANCER,2e09d1256382d5a0cede4b8435b7de27,E:\Mega project\MedvisionAi-\ML-Model\cleaned_data\oral\Test\CANCER\oral_2e09d125_259.jpeg,Cross-split leakage copy (original split: train vs allocated: Test)
E:\Mega project\MedvisionAi-\ML-Model\data\Train\Oral Cancer\CANCER 1\283.jpeg,283.jpeg,train,CANCER 1,CANCER,8e52ad7f0276b0cbb4a8df65d200fe38,E:\Mega project\MedvisionAi-\ML-Model\cleaned_data\oral\Validation\CANCER\oral_260.jpeg,Cross-split leakage copy (original split: train vs allocated: Validation)
E:\Mega project\MedvisionAi-\ML-Model\data\Train\Oral Cancer\CANCER 1\285.jpeg,285.jpeg,train,CANCER 1,CANCER,25c1c04dfd12c5fad173408a150d5258,E:\Mega project\MedvisionAi-\ML-Model\cleaned_data\oral\Validation\CANCER\oral_262.jpeg,Cross-split leakage copy (original split: train vs allocated: Validation)
E:\Mega project\MedvisionAi-\ML-Model\data\Train\Oral Cancer\CANCER 1\315.jpeg,315.jpeg,train,CANCER 1,CANCER,db4139ebde8a982da63fe3cff2f759f6,E:\Mega project\MedvisionAi-\ML-Model\cleaned_data\oral\Test\CANCER\oral_284.jpeg,Cross-split leakage copy (original split: train vs allocated: Test)
E:\Mega project\MedvisionAi-\ML-Model\data\Train\Oral Cancer\CANCER 1\336.jpeg,336.jpeg,train,CANCER 1,CANCER,dc1f8c1c12790d6567d44478cfe75e49,E:\Mega project\MedvisionAi-\ML-Model\cleaned_data\oral\Validation\CANCER\oral_297.jpeg,Cross-split leakage copy (original split: train vs allocated: Validation)
E:\Mega project\MedvisionAi-\ML-Model\data\Train\Oral Cancer\CANCER 1\340.jpeg,340.jpeg,train,CANCER 1,CANCER,5dfccf50b3885966176a4e44c3dacb20,E:\Mega project\MedvisionAi-\ML-Model\cleaned_data\oral\Test\CANCER\oral_302.jpeg,Cross-split leakage copy (original split: train vs allocated: Test)
E:\Mega project\MedvisionAi-\ML-Model\data\Train\Oral Cancer\CANCER 1\357.jpeg,357.jpeg,train,CANCER 1,CANCER,e6edb895fff2c762ed34b1c6a397b3cb,E:\Mega project\MedvisionAi-\ML-Model\cleaned_data\oral\Validation\CANCER\oral_314.jpeg,Cross-split leakage copy (original split: train vs allocated: Validation)
E:\Mega project\MedvisionAi-\ML-Model\data\Train\Oral Cancer\CANCER 1\366.jpeg,366.jpeg,train,CANCER 1,CANCER,24f66bce92dd8fcd7ea71552370389eb,E:\Mega project\MedvisionAi-\ML-Model\cleaned_data\oral\Validation\CANCER\oral_324.jpeg,Cross-split leakage copy (original split: train vs allocated: Validation)
E:\Mega project\MedvisionAi-\ML-Model\data\Train\Oral Cancer\CANCER 1\370.jpeg,370.jpeg,train,CANCER 1,CANCER,2a21ee1a17952492fe409a42044c4eba,E:\Mega project\MedvisionAi-\ML-Model\cleaned_data\oral\Test\CANCER\oral_2a21ee1a_329.jpeg,Cross-split leakage copy (original split: train vs allocated: Test)
E:\Mega project\MedvisionAi-\ML-Model\data\Train\Oral Cancer\CANCER 1\384.jpeg,384.jpeg,train,CANCER 1,CANCER,5f9600f336a29c92a7c5125a8e4e8125,E:\Mega project\MedvisionAi-\ML-Model\cleaned_data\oral\Validation\CANCER\oral_340.jpeg,Cross-split leakage copy (original split: train vs allocated: Validation)
E:\Mega project\MedvisionAi-\ML-Model\data\Train\Oral Cancer\CANCER 1\385.jpeg,385.jpeg,train,CANCER 1,CANCER,7d3d820c051826c221c34e93467649c5,E:\Mega project\MedvisionAi-\ML-Model\cleaned_data\oral\Test\CANCER\oral_341.jpeg,Cross-split leakage copy (original split: train vs allocated: Test)
E:\Mega project\MedvisionAi-\ML-Model\data\Train\Oral Cancer\CANCER 1\390.jpeg,390.jpeg,train,CANCER 1,CANCER,596bc965942a32f6bc56c914f39a2121,E:\Mega project\MedvisionAi-\ML-Model\cleaned_data\oral\Validation\CANCER\oral_345.jpeg,Cross-split leakage copy (original split: train vs allocated: Validation)
E:\Mega project\MedvisionAi-\ML-Model\data\Train\Oral Cancer\CANCER 1\410.jpeg,410.jpeg,train,CANCER 1,CANCER,c8d53c04a3d6e9903cac688a200dbca5,E:\Mega project\MedvisionAi-\ML-Model\cleaned_data\oral\Test\CANCER\oral_357.jpeg,Cross-split leakage copy (original split: train vs allocated: Test)
E:\Mega project\MedvisionAi-\ML-Model\data\Train\Oral Cancer\CANCER 1\439.jpeg,439.jpeg,train,CANCER 1,CANCER,c4c319efcf4e145ceff846b8bced926a,E:\Mega project\MedvisionAi-\ML-Model\cleaned_data\oral\Validation\CANCER\oral_373.jpeg,Cross-split leakage copy (original split: train vs allocated: Validation)
E:\Mega project\MedvisionAi-\ML-Model\data\Train\Oral Cancer\CANCER 1\441.jpeg,441.jpeg,train,CANCER 1,CANCER,94d1af34f57a2e965fc94d663671b12d,E:\Mega project\MedvisionAi-\ML-Model\cleaned_data\oral\Validation\CANCER\oral_376.jpeg,Cross-split leakage copy (original split: train vs allocated: Validation)
E:\Mega project\MedvisionAi-\ML-Model\data\Train\Oral Cancer\CANCER 1\452.jpeg,452.jpeg,train,CANCER 1,CANCER,6389177c418f6bd0ebd62475c6a6ef9b,E:\Mega project\MedvisionAi-\ML-Model\cleaned_data\oral\Test\CANCER\oral_388.jpeg,Cross-split leakage copy (original split: train vs allocated: Test)
E:\Mega project\MedvisionAi-\ML-Model\data\Train\Oral Cancer\CANCER 1\462.jpeg,462.jpeg,train,CANCER 1,CANCER,b80341bf12ed86f3cd1a18bf57711ff5,E:\Mega project\MedvisionAi-\ML-Model\cleaned_data\oral\Test\CANCER\oral_b80341bf_399.jpeg,Cross-split leakage copy (original split: train vs allocated: Test)
E:\Mega project\MedvisionAi-\ML-Model\data\Train\Oral Cancer\CANCER 1\470.jpeg,470.jpeg,train,CANCER 1,CANCER,5e130aa88554ed84b8478e11131f50c8,E:\Mega project\MedvisionAi-\ML-Model\cleaned_data\oral\Test\CANCER\oral_408.jpeg,Cross-split leakage copy (original split: train vs allocated: Test)
E:\Mega project\MedvisionAi-\ML-Model\data\Train\Oral Cancer\CANCER 1\489.jpeg,489.jpeg,train,CANCER 1,CANCER,5ec5fe0babefdfa107ec9884585ddd48,E:\Mega project\MedvisionAi-\ML-Model\cleaned_data\oral\Validation\CANCER\oral_423.jpeg,Cross-split leakage copy (original split: train vs allocated: Validation)
E:\Mega project\MedvisionAi-\ML-Model\data\Train\Oral Cancer\CANCER 1\493.jpeg,493.jpeg,train,CANCER 1,CANCER,3d33f00775ca1ee88b529f6af58fbfca,E:\Mega project\MedvisionAi-\ML-Model\cleaned_data\oral\Test\CANCER\oral_428.jpeg,Cross-split leakage copy (original split: train vs allocated: Test)
E:\Mega project\MedvisionAi-\ML-Model\data\Train\Oral Cancer\CANCER 1\494.jpeg,494.jpeg,train,CANCER 1,CANCER,991d201ab63f038feb11e2b80c64ba40,E:\Mega project\MedvisionAi-\ML-Model\cleaned_data\oral\Test\CANCER\oral_429.jpeg,Cross-split leakage copy (original split: train vs allocated: Test)
E:\Mega project\MedvisionAi-\ML-Model\data\Train\Oral Cancer\CANCER 1\498.jpeg,498.jpeg,train,CANCER 1,CANCER,f3089ed8a53e8f69ab409a9fcb52a15e,E:\Mega project\MedvisionAi-\ML-Model\cleaned_data\oral\Validation\CANCER\oral_433.jpeg,Cross-split leakage copy (original split: train vs allocated: Validation)
E:\Mega project\MedvisionAi-\ML-Model\data\Train\Oral Cancer\NON CANCER\001.jpeg,001.jpeg,train,NON CANCER,NON CANCER,5e93e10d83c46985ad6c5e1137764b67,E:\Mega project\MedvisionAi-\ML-Model\cleaned_data\oral\Test\NON CANCER\oral_001.jpeg,Cross-split leakage copy (original split: train vs allocated: Test)
E:\Mega project\MedvisionAi-\ML-Model\data\Train\Oral Cancer\NON CANCER\002.jpeg,002.jpeg,train,NON CANCER,NON CANCER,1edd2f1bb4cedc11db95d1c8a8b44b6d,E:\Mega project\MedvisionAi-\ML-Model\cleaned_data\oral\Validation\NON CANCER\oral_002.jpeg,Cross-split leakage copy (original split: train vs allocated: Validation)
E:\Mega project\MedvisionAi-\ML-Model\data\Train\Oral Cancer\NON CANCER 2\003.jpeg,003.jpeg,train,NON CANCER 2,NON CANCER,3871fb99c4c1822005df66291336b2b3,E:\Mega project\MedvisionAi-\ML-Model\cleaned_data\oral\Train\NON CANCER\oral_003.jpeg,Intra-split duplicate copy in folder NON CANCER 2
E:\Mega project\MedvisionAi-\ML-Model\data\Train\Oral Cancer\NON CANCER 2\005.jpeg,005.jpeg,train,NON CANCER 2,NON CANCER,af95d0009435af19bcb83f661f2c6bb0,E:\Mega project\MedvisionAi-\ML-Model\cleaned_data\oral\Train\NON CANCER\oral_004.jpeg,Intra-split duplicate copy in folder NON CANCER 2
E:\Mega project\MedvisionAi-\ML-Model\data\Train\Oral Cancer\NON CANCER 2\009.jpeg,009.jpeg,train,NON CANCER 2,NON CANCER,0d3dd6d38b8a166fb1871ad5fedc0b7f,E:\Mega project\MedvisionAi-\ML-Model\cleaned_data\oral\Train\NON CANCER\oral_005.jpeg,Intra-split duplicate copy in folder NON CANCER 2
E:\Mega project\MedvisionAi-\ML-Model\data\Train\Oral Cancer\NON CANCER 2\010.jpeg,010.jpeg,train,NON CANCER 2,NON CANCER,1da0ccb487b4e617422852b00f7cb4ef,E:\Mega project\MedvisionAi-\ML-Model\cleaned_data\oral\Train\NON CANCER\oral_006.jpeg,Intra-split duplicate copy in folder NON CANCER 2
E:\Mega project\MedvisionAi-\ML-Model\data\Train\Oral Cancer\NON CANCER 2\011.jpeg,011.jpeg,train,NON CANCER 2,NON CANCER,c271574fb1b0bf5a6ae40d689c4de66d,E:\Mega project\MedvisionAi-\ML-Model\cleaned_data\oral\Train\NON CANCER\oral_007.jpeg,Intra-split duplicate copy in folder NON CANCER 2
E:\Mega project\MedvisionAi-\ML-Model\data\Train\Oral Cancer\NON CANCER 2\013.jpeg,013.jpeg,train,NON CANCER 2,NON CANCER,426a070d437318bf15fe6eed9d5046a9,E:\Mega project\MedvisionAi-\ML-Model\cleaned_data\oral\Train\NON CANCER\oral_008.jpeg,Intra-split duplicate copy in folder NON CANCER 2
E:\Mega project\MedvisionAi-\ML-Model\data\Train\Oral Cancer\NON CANCER 2\015.jpeg,015.jpeg,train,NON CANCER 2,NON CANCER,10a10daf6bf73beb8aa79f4a286f6419,E:\Mega project\MedvisionAi-\ML-Model\cleaned_data\oral\Train\NON CANCER\oral_009.jpeg,Intra-split duplicate copy in folder NON CANCER 2
E:\Mega project\MedvisionAi-\ML-Model\data\Train\Oral Cancer\NON CANCER 2\016.jpeg,016.jpeg,train,NON CANCER 2,NON CANCER,304d96de7c3043289980bdb375514738,E:\Mega project\MedvisionAi-\ML-Model\cleaned_data\oral\Train\NON CANCER\oral_010.jpeg,Intra-split duplicate copy in folder NON CANCER 2
E:\Mega project\MedvisionAi-\ML-Model\data\Train\Oral Cancer\NON CANCER 2\017.jpeg,017.jpeg,train,NON CANCER 2,NON CANCER,92f7aaf211ffc951bce2a46134ca7ce4,E:\Mega project\MedvisionAi-\ML-Model\cleaned_data\oral\Train\NON CANCER\oral_011.jpeg,Intra-split duplicate copy in folder NON CANCER 2
E:\Mega project\MedvisionAi-\ML-Model\data\Train\Oral Cancer\NON CANCER 2\018.jpeg,018.jpeg,train,NON CANCER 2,NON CANCER,f4e4a60ca655f7158fd3c823de4ea511,E:\Mega project\MedvisionAi-\ML-Model\cleaned_data\oral\Train\NON CANCER\oral_012.jpeg,Intra-split duplicate copy in folder NON CANCER 2
E:\Mega project\MedvisionAi-\ML-Model\data\Train\Oral Cancer\NON CANCER\013.jpeg,013.jpeg,train,NON CANCER,NON CANCER,6a8cb5e6b1e4702d45299f9415d2f8e3,E:\Mega project\MedvisionAi-\ML-Model\cleaned_data\oral\Test\NON CANCER\oral_019.jpeg,Cross-split leakage copy (original split: train vs allocated: Test)
E:\Mega project\MedvisionAi-\ML-Model\data\Train\Oral Cancer\NON CANCER 2\020.jpeg,020.jpeg,train,NON CANCER 2,NON CANCER,3b8f3921792b8e32601d691f4375dad0,E:\Mega project\MedvisionAi-\ML-Model\cleaned_data\oral\Train\NON CANCER\oral_014.jpeg,Intra-split duplicate copy in folder NON CANCER 2
E:\Mega project\MedvisionAi-\ML-Model\data\Train\Oral Cancer\NON CANCER 2\021.jpeg,021.jpeg,train,NON CANCER 2,NON CANCER,dd6e7ddc5fc136bafc672037f2df372b,E:\Mega project\MedvisionAi-\ML-Model\cleaned_data\oral\Train\NON CANCER\oral_015.jpeg,Intra-split duplicate copy in folder NON CANCER 2
E:\Mega project\MedvisionAi-\ML-Model\data\Train\Oral Cancer\NON CANCER 2\022.jpeg,022.jpeg,train,NON CANCER 2,NON CANCER,d89825ca5a87898bea909178a5a6120e,E:\Mega project\MedvisionAi-\ML-Model\cleaned_data\oral\Train\NON CANCER\oral_016.jpeg,Intra-split duplicate copy in folder NON CANCER 2
E:\Mega project\MedvisionAi-\ML-Model\data\Train\Oral Cancer\NON CANCER 2\023.jpeg,023.jpeg,train,NON CANCER 2,NON CANCER,b4713097dc904f74870fbefb1b538e14,E:\Mega project\MedvisionAi-\ML-Model\cleaned_data\oral\Train\NON CANCER\oral_017.jpeg,Intra-split duplicate copy in folder NON CANCER 2
E:\Mega project\MedvisionAi-\ML-Model\data\Train\Oral Cancer\NON CANCER 2\025.jpeg,025.jpeg,train,NON CANCER 2,NON CANCER,21cd2c9b2b567964693c04f3508fc68a,E:\Mega project\MedvisionAi-\ML-Model\cleaned_data\oral\Train\NON CANCER\oral_018.jpeg,Intra-split duplicate copy in folder NON CANCER 2
E:\Mega project\MedvisionAi-\ML-Model\data\Train\Oral Cancer\NON CANCER 2\026.jpeg,026.jpeg,train,NON CANCER 2,NON CANCER,92750b140024f03b39e54ab8cb952075,E:\Mega project\MedvisionAi-\ML-Model\cleaned_data\oral\Train\NON CANCER\oral_019.jpeg,Intra-split duplicate copy in folder NON CANCER 2
E:\Mega project\MedvisionAi-\ML-Model\data\Train\Oral Cancer\NON CANCER 2\027.jpeg,027.jpeg,train,NON CANCER 2,NON CANCER,50f4a9f56181be9b12e6de5d8dd0ca4e,E:\Mega project\MedvisionAi-\ML-Model\cleaned_data\oral\Train\NON CANCER\oral_020.jpeg,Intra-split duplicate copy in folder NON CANCER 2
E:\Mega project\MedvisionAi-\ML-Model\data\Train\Oral Cancer\NON CANCER 2\028.jpeg,028.jpeg,train,NON CANCER 2,NON CANCER,316432cbec4c54b765587959fdb62db2,E:\Mega project\MedvisionAi-\ML-Model\cleaned_data\oral\Train\NON CANCER\oral_021.jpeg,Intra-split duplicate copy in folder NON CANCER 2
E:\Mega project\MedvisionAi-\ML-Model\data\Train\Oral Cancer\NON CANCER 2\029.jpeg,029.jpeg,train,NON CANCER 2,NON CANCER,5bfb7ce257e3b2b3282fc4b842b827ea,E:\Mega project\MedvisionAi-\ML-Model\cleaned_data\oral\Train\NON CANCER\oral_022.jpeg,Intra-split duplicate copy in folder NON CANCER 2
E:\Mega project\MedvisionAi-\ML-Model\data\Train\Oral Cancer\NON CANCER 2\030.jpeg,030.jpeg,train,NON CANCER 2,NON CANCER,e452c0ebc70cb4d3a3e74d6e041d8798,E:\Mega project\MedvisionAi-\ML-Model\cleaned_data\oral\Train\NON CANCER\oral_023.jpeg,Intra-split duplicate copy in folder NON CANCER 2
E:\Mega project\MedvisionAi-\ML-Model\data\Train\Oral Cancer\NON CANCER 2\033.jpeg,033.jpeg,train,NON CANCER 2,NON CANCER,bfcbe1975d3d886c298bab41a9bbe5f5,E:\Mega project\MedvisionAi-\ML-Model\cleaned_data\oral\Train\NON CANCER\oral_024.jpeg,Intra-split duplicate copy in folder NON CANCER 2
E:\Mega project\MedvisionAi-\ML-Model\data\Train\Oral Cancer\NON CANCER\025.jpeg,025.jpeg,train,NON CANCER,NON CANCER,12880810c54070600e72d7bc74176b92,E:\Mega project\MedvisionAi-\ML-Model\cleaned_data\oral\Validation\NON CANCER\oral_034.jpeg,Cross-split leakage copy (original split: train vs allocated: Validation)
E:\Mega project\MedvisionAi-\ML-Model\data\Train\Oral Cancer\NON CANCER 2\038.jpeg,038.jpeg,train,NON CANCER 2,NON CANCER,39eab37d91b57baac55d8b91d63f68c0,E:\Mega project\MedvisionAi-\ML-Model\cleaned_data\oral\Train\NON CANCER\oral_026.jpeg,Intra-split duplicate copy in folder NON CANCER 2
E:\Mega project\MedvisionAi-\ML-Model\data\Train\Oral Cancer\NON CANCER 2\039.jpeg,039.jpeg,train,NON CANCER 2,NON CANCER,f20d5b8f6ebcdd0b8326eef9cb73fd84,E:\Mega project\MedvisionAi-\ML-Model\cleaned_data\oral\Train\NON CANCER\oral_027.jpeg,Intra-split duplicate copy in folder NON CANCER 2
E:\Mega project\MedvisionAi-\ML-Model\data\Train\Oral Cancer\NON CANCER\028.jpeg,028.jpeg,train,NON CANCER,NON CANCER,e61f00ada6f3288091e6de0cf41183d0,E:\Mega project\MedvisionAi-\ML-Model\cleaned_data\oral\Validation\NON CANCER\oral_040.jpeg,Cross-split leakage copy (original split: train vs allocated: Validation)
E:\Mega project\MedvisionAi-\ML-Model\data\Train\Oral Cancer\NON CANCER 2\041.jpeg,041.jpeg,train,NON CANCER 2,NON CANCER,4493c04b453ad290ea39f2c56f455a99,E:\Mega project\MedvisionAi-\ML-Model\cleaned_data\oral\Train\NON CANCER\oral_029.jpeg,Intra-split duplicate copy in folder NON CANCER 2
E:\Mega project\MedvisionAi-\ML-Model\data\Train\Oral Cancer\NON CANCER 2\042.jpeg,042.jpeg,train,NON CANCER 2,NON CANCER,ac150d77bc9057057a81cb1822a49433,E:\Mega project\MedvisionAi-\ML-Model\cleaned_data\oral\Train\NON CANCER\oral_030.jpeg,Intra-split duplicate copy in folder NON CANCER 2
E:\Mega project\MedvisionAi-\ML-Model\data\Train\Oral Cancer\NON CANCER\034.jpeg,034.jpeg,train,NON CANCER,NON CANCER,22dbde6ab54c9d5344184ec57c0aeb9d,E:\Mega project\MedvisionAi-\ML-Model\cleaned_data\oral\Validation\NON CANCER\oral_047.jpeg,Cross-split leakage copy (original split: train vs allocated: Validation)
E:\Mega project\MedvisionAi-\ML-Model\data\Train\Oral Cancer\NON CANCER 2\050.jpeg,050.jpeg,train,NON CANCER 2,NON CANCER,f3fbd08e049c09c6dd28f9ef2b394b12,E:\Mega project\MedvisionAi-\ML-Model\cleaned_data\oral\Train\NON CANCER\oral_037.jpeg,Intra-split duplicate copy in folder NON CANCER 2
E:\Mega project\MedvisionAi-\ML-Model\data\Train\Oral Cancer\NON CANCER 2\052.jpeg,052.jpeg,train,NON CANCER 2,NON CANCER,6871e0ca62c236047c60929dabf532dc,E:\Mega project\MedvisionAi-\ML-Model\cleaned_data\oral\Train\NON CANCER\oral_039.jpeg,Intra-split duplicate copy in folder NON CANCER 2
E:\Mega project\MedvisionAi-\ML-Model\data\Train\Oral Cancer\NON CANCER\041.jpeg,041.jpeg,train,NON CANCER,NON CANCER,aea530c05cd1bdb11836b9adcbe4117b,E:\Mega project\MedvisionAi-\ML-Model\cleaned_data\oral\Test\NON CANCER\oral_055.jpeg,Cross-split leakage copy (original split: train vs allocated: Test)
E:\Mega project\MedvisionAi-\ML-Model\data\Train\Oral Cancer\NON CANCER 2\056.jpeg,056.jpeg,train,NON CANCER 2,NON CANCER,0b75176b14daf31c0b4e85547dacf239,E:\Mega project\MedvisionAi-\ML-Model\cleaned_data\oral\Train\NON CANCER\oral_042.jpeg,Intra-split duplicate copy in folder NON CANCER 2
E:\Mega project\MedvisionAi-\ML-Model\data\Train\Oral Cancer\NON CANCER 2\057.jpeg,057.jpeg,train,NON CANCER 2,NON CANCER,4e0781e273fecd716fd71202c28c3319,E:\Mega project\MedvisionAi-\ML-Model\cleaned_data\oral\Train\NON CANCER\oral_043.jpeg,Intra-split duplicate copy in folder NON CANCER 2
E:\Mega project\MedvisionAi-\ML-Model\data\Train\Oral Cancer\NON CANCER 2\059.jpeg,059.jpeg,train,NON CANCER 2,NON CANCER,1bd6f77ec290edd054f3ee52e355101a,E:\Mega project\MedvisionAi-\ML-Model\cleaned_data\oral\Train\NON CANCER\oral_045.jpeg,Intra-split duplicate copy in folder NON CANCER 2
E:\Mega project\MedvisionAi-\ML-Model\data\Train\Oral Cancer\NON CANCER 2\060.jpeg,060.jpeg,train,NON CANCER 2,NON CANCER,656542f2b41a9b97567d2160f046df7a,E:\Mega project\MedvisionAi-\ML-Model\cleaned_data\oral\Train\NON CANCER\oral_046.jpeg,Intra-split duplicate copy in folder NON CANCER 2
E:\Mega project\MedvisionAi-\ML-Model\data\Train\Oral Cancer\NON CANCER 2\061.jpeg,061.jpeg,train,NON CANCER 2,NON CANCER,3115a08eac06097de4021954b34260d3,E:\Mega project\MedvisionAi-\ML-Model\cleaned_data\oral\Train\NON CANCER\oral_047.jpeg,Intra-split duplicate copy in folder NON CANCER 2
E:\Mega project\MedvisionAi-\ML-Model\data\Train\Oral Cancer\NON CANCER 2\065.jpeg,065.jpeg,train,NON CANCER 2,NON CANCER,cf77925a5b00faa6b5b31f4f30b3f059,E:\Mega project\MedvisionAi-\ML-Model\cleaned_data\oral\Train\NON CANCER\oral_051.jpeg,Intra-split duplicate copy in folder NON CANCER 2
E:\Mega project\MedvisionAi-\ML-Model\data\Train\Oral Cancer\NON CANCER 2\067.jpeg,067.jpeg,train,NON CANCER 2,NON CANCER,34aa566402df62539348023dd45dcad9,E:\Mega project\MedvisionAi-\ML-Model\cleaned_data\oral\Train\NON CANCER\oral_053.jpeg,Intra-split duplicate copy in folder NON CANCER 2
E:\Mega project\MedvisionAi-\ML-Model\data\Train\Oral Cancer\NON CANCER 2\068.jpeg,068.jpeg,train,NON CANCER 2,NON CANCER,5dc841c5439c45b252482fcd262a243c,E:\Mega project\MedvisionAi-\ML-Model\cleaned_data\oral\Train\NON CANCER\oral_054.jpeg,Intra-split duplicate copy in folder NON CANCER 2
E:\Mega project\MedvisionAi-\ML-Model\data\Train\Oral Cancer\NON CANCER 2\069.jpeg,069.jpeg,train,NON CANCER 2,NON CANCER,8b9daa37ca78f9adbdc39fc15c69a9d2,E:\Mega project\MedvisionAi-\ML-Model\cleaned_data\oral\Train\NON CANCER\oral_055.jpeg,Intra-split duplicate copy in folder NON CANCER 2
E:\Mega project\MedvisionAi-\ML-Model\data\Train\Oral Cancer\NON CANCER 2\070.jpeg,070.jpeg,train,NON CANCER 2,NON CANCER,5eed9ae7272f5532afc0d27b1d292f11,E:\Mega project\MedvisionAi-\ML-Model\cleaned_data\oral\Train\NON CANCER\oral_056.jpeg,Intra-split duplicate copy in folder NON CANCER 2
E:\Mega project\MedvisionAi-\ML-Model\data\Train\Oral Cancer\NON CANCER\057.jpeg,057.jpeg,train,NON CANCER,NON CANCER,a9582af47826a533997e8889bbe7cdec,E:\Mega project\MedvisionAi-\ML-Model\cleaned_data\oral\Validation\NON CANCER\oral_071.jpeg,Cross-split leakage copy (original split: train vs allocated: Validation)
E:\Mega project\MedvisionAi-\ML-Model\data\Train\Oral Cancer\NON CANCER 2\074.jpeg,074.jpeg,train,NON CANCER 2,NON CANCER,0ef4689f2cb52c5fc2af8e830e02f4ef,E:\Mega project\MedvisionAi-\ML-Model\cleaned_data\oral\Train\NON CANCER\oral_059.jpeg,Intra-split duplicate copy in folder NON CANCER 2
E:\Mega project\MedvisionAi-\ML-Model\data\Train\Oral Cancer\NON CANCER 2\075.jpeg,075.jpeg,train,NON CANCER 2,NON CANCER,73c5fcf245443ba19950854bc9a0d7a7,E:\Mega project\MedvisionAi-\ML-Model\cleaned_data\oral\Train\NON CANCER\oral_060.jpeg,Intra-split duplicate copy in folder NON CANCER 2
E:\Mega project\MedvisionAi-\ML-Model\data\Train\Oral Cancer\NON CANCER\061.jpeg,061.jpeg,train,NON CANCER,NON CANCER,ed15c01b93dd6b6b56fbc26eadb74c5c,E:\Mega project\MedvisionAi-\ML-Model\cleaned_data\oral\Test\NON CANCER\oral_076.jpeg,Cross-split leakage copy (original split: train vs allocated: Test)
E:\Mega project\MedvisionAi-\ML-Model\data\Train\Oral Cancer\NON CANCER 2\077.jpeg,077.jpeg,train,NON CANCER 2,NON CANCER,eaeb19ee459587068adc680c4919eb70,E:\Mega project\MedvisionAi-\ML-Model\cleaned_data\oral\Train\NON CANCER\oral_062.jpeg,Intra-split duplicate copy in folder NON CANCER 2
E:\Mega project\MedvisionAi-\ML-Model\data\Train\Oral Cancer\NON CANCER 2\078.jpeg,078.jpeg,train,NON CANCER 2,NON CANCER,b9400da7b42d2e2124c406db4836e83d,E:\Mega project\MedvisionAi-\ML-Model\cleaned_data\oral\Train\NON CANCER\oral_063.jpeg,Intra-split duplicate copy in folder NON CANCER 2
E:\Mega project\MedvisionAi-\ML-Model\data\Train\Oral Cancer\NON CANCER 2\079.jpeg,079.jpeg,train,NON CANCER 2,NON CANCER,fb2bb588c55c42e6b263c9227c92a25a,E:\Mega project\MedvisionAi-\ML-Model\cleaned_data\oral\Train\NON CANCER\oral_064.jpeg,Intra-split duplicate copy in folder NON CANCER 2
E:\Mega project\MedvisionAi-\ML-Model\data\Train\Oral Cancer\NON CANCER 2\080.jpeg,080.jpeg,train,NON CANCER 2,NON CANCER,fc7e5bf6f15fa65f834bcb99b832d632,E:\Mega project\MedvisionAi-\ML-Model\cleaned_data\oral\Train\NON CANCER\oral_065.jpeg,Intra-split duplicate copy in folder NON CANCER 2
E:\Mega project\MedvisionAi-\ML-Model\data\Train\Oral Cancer\NON CANCER 2\081.jpeg,081.jpeg,train,NON CANCER 2,NON CANCER,abe1bc659c011fc0098c2d059b175789,E:\Mega project\MedvisionAi-\ML-Model\cleaned_data\oral\Train\NON CANCER\oral_066.jpeg,Intra-split duplicate copy in folder NON CANCER 2
E:\Mega project\MedvisionAi-\ML-Model\data\Train\Oral Cancer\NON CANCER 2\082.jpeg,082.jpeg,train,NON CANCER 2,NON CANCER,9ee4674b218c36b00d4a49949a46235e,E:\Mega project\MedvisionAi-\ML-Model\cleaned_data\oral\Train\NON CANCER\oral_067.jpeg,Intra-split duplicate copy in folder NON CANCER 2
E:\Mega project\MedvisionAi-\ML-Model\data\Train\Oral Cancer\NON CANCER 2\083.jpeg,083.jpeg,train,NON CANCER 2,NON CANCER,95b611c6efa86154bb7275c5367d2bd5,E:\Mega project\MedvisionAi-\ML-Model\cleaned_data\oral\Train\NON CANCER\oral_068.jpeg,Intra-split duplicate copy in folder NON CANCER 2
E:\Mega project\MedvisionAi-\ML-Model\data\Train\Oral Cancer\NON CANCER 2\085.jpeg,085.jpeg,train,NON CANCER 2,NON CANCER,714b2fd34fbb6598bc6160af0e640e57,E:\Mega project\MedvisionAi-\ML-Model\cleaned_data\oral\Train\NON CANCER\oral_070.jpeg,Intra-split duplicate copy in folder NON CANCER 2
E:\Mega project\MedvisionAi-\ML-Model\data\Train\Oral Cancer\NON CANCER\071.jpeg,071.jpeg,train,NON CANCER,NON CANCER,c7b1276023ec20de43eafb707f83c6e0,E:\Mega project\MedvisionAi-\ML-Model\cleaned_data\oral\Validation\NON CANCER\oral_086.jpeg,Cross-split leakage copy (original split: train vs allocated: Validation)
E:\Mega project\MedvisionAi-\ML-Model\data\Train\Oral Cancer\NON CANCER 2\091.jpeg,091.jpeg,train,NON CANCER 2,NON CANCER,a123a2ebc560157bed7cc4dc86f927c9,E:\Mega project\MedvisionAi-\ML-Model\cleaned_data\oral\Train\NON CANCER\oral_075.jpeg,Intra-split duplicate copy in folder NON CANCER 2
E:\Mega project\MedvisionAi-\ML-Model\data\Train\Oral Cancer\NON CANCER 2\092.jpeg,092.jpeg,train,NON CANCER 2,NON CANCER,784fa7e2795042fbdf8b7f5dd39cb53e,E:\Mega project\MedvisionAi-\ML-Model\cleaned_data\oral\Train\NON CANCER\oral_076.jpeg,Intra-split duplicate copy in folder NON CANCER 2
E:\Mega project\MedvisionAi-\ML-Model\data\Train\Oral Cancer\NON CANCER\077.jpeg,077.jpeg,train,NON CANCER,NON CANCER,69e71022fdc83dd2e7a8300cf89bfb19,E:\Mega project\MedvisionAi-\ML-Model\cleaned_data\oral\Test\NON CANCER\oral_093.jpeg,Cross-split leakage copy (original split: train vs allocated: Test)
E:\Mega project\MedvisionAi-\ML-Model\data\Train\Oral Cancer\NON CANCER 2\094.jpeg,094.jpeg,train,NON CANCER 2,NON CANCER,be2a0ae3d32041e0fc6a26e7fb6da299,E:\Mega project\MedvisionAi-\ML-Model\cleaned_data\oral\Train\NON CANCER\oral_078.jpeg,Intra-split duplicate copy in folder NON CANCER 2
E:\Mega project\MedvisionAi-\ML-Model\data\Train\Oral Cancer\NON CANCER 2\095.jpeg,095.jpeg,train,NON CANCER 2,NON CANCER,bb3a72b51b1cad8cb83c66cfe5e34280,E:\Mega project\MedvisionAi-\ML-Model\cleaned_data\oral\Train\NON CANCER\oral_079.jpeg,Intra-split duplicate copy in folder NON CANCER 2
E:\Mega project\MedvisionAi-\ML-Model\data\Train\Oral Cancer\NON CANCER\080.jpeg,080.jpeg,train,NON CANCER,NON CANCER,b2aee7a1a48882a170a4fd20c9892dd0,E:\Mega project\MedvisionAi-\ML-Model\cleaned_data\oral\Validation\NON CANCER\oral_096.jpeg,Cross-split leakage copy (original split: train vs allocated: Validation)
E:\Mega project\MedvisionAi-\ML-Model\data\Train\Oral Cancer\NON CANCER 2\097.jpeg,097.jpeg,train,NON CANCER 2,NON CANCER,5f6262947961941163848b12d2709ad5,E:\Mega project\MedvisionAi-\ML-Model\cleaned_data\oral\Train\NON CANCER\oral_081.jpeg,Intra-split duplicate copy in folder NON CANCER 2
E:\Mega project\MedvisionAi-\ML-Model\data\Train\Oral Cancer\NON CANCER 2\098.jpeg,098.jpeg,train,NON CANCER 2,NON CANCER,a62dd8d5c2fe8d3651d552d5bbdf1519,E:\Mega project\MedvisionAi-\ML-Model\cleaned_data\oral\Train\NON CANCER\oral_082.jpeg,Intra-split duplicate copy in folder NON CANCER 2
E:\Mega project\MedvisionAi-\ML-Model\data\Train\Oral Cancer\NON CANCER 2\099.jpeg,099.jpeg,train,NON CANCER 2,NON CANCER,d72ff10d6bd472c534781b1dd2d07a46,E:\Mega project\MedvisionAi-\ML-Model\cleaned_data\oral\Train\NON CANCER\oral_083.jpeg,Intra-split duplicate copy in folder NON CANCER 2
E:\Mega project\MedvisionAi-\ML-Model\data\Train\Oral Cancer\NON CANCER\084.jpeg,084.jpeg,train,NON CANCER,NON CANCER,43450deb54973d57c914b35216c278d6,E:\Mega project\MedvisionAi-\ML-Model\cleaned_data\oral\Test\NON CANCER\oral_100.jpeg,Cross-split leakage copy (original split: train vs allocated: Test)
E:\Mega project\MedvisionAi-\ML-Model\data\Train\Oral Cancer\NON CANCER 2\101.jpeg,101.jpeg,train,NON CANCER 2,NON CANCER,a8a43e71c569ecde78e0be80483653b8,E:\Mega project\MedvisionAi-\ML-Model\cleaned_data\oral\Train\NON CANCER\oral_085.jpeg,Intra-split duplicate copy in folder NON CANCER 2
E:\Mega project\MedvisionAi-\ML-Model\data\Train\Oral Cancer\NON CANCER 2\102.jpeg,102.jpeg,train,NON CANCER 2,NON CANCER,6be68b4f41c87453c30f6bb374f5b0ce,E:\Mega project\MedvisionAi-\ML-Model\cleaned_data\oral\Train\NON CANCER\oral_086.jpeg,Intra-split duplicate copy in folder NON CANCER 2
E:\Mega project\MedvisionAi-\ML-Model\data\Train\Oral Cancer\NON CANCER 2\103.jpeg,103.jpeg,train,NON CANCER 2,NON CANCER,9a2b517ec5f48aad5e29c95be35c9022,E:\Mega project\MedvisionAi-\ML-Model\cleaned_data\oral\Train\NON CANCER\oral_087.jpeg,Intra-split duplicate copy in folder NON CANCER 2
E:\Mega project\MedvisionAi-\ML-Model\data\Train\Oral Cancer\NON CANCER\088.jpeg,088.jpeg,train,NON CANCER,NON CANCER,fd5757b22a441cb735ed7b4415abd20a,E:\Mega project\MedvisionAi-\ML-Model\cleaned_data\oral\Validation\NON CANCER\oral_105.jpeg,Cross-split leakage copy (original split: train vs allocated: Validation)
E:\Mega project\MedvisionAi-\ML-Model\data\Train\Oral Cancer\NON CANCER 2\107.jpeg,107.jpeg,train,NON CANCER 2,NON CANCER,af62e9642d1adf6f4bbae27e346e2b05,E:\Mega project\MedvisionAi-\ML-Model\cleaned_data\oral\Train\NON CANCER\oral_090.jpeg,Intra-split duplicate copy in folder NON CANCER 2
E:\Mega project\MedvisionAi-\ML-Model\data\Train\Oral Cancer\NON CANCER 2\108.jpeg,108.jpeg,train,NON CANCER 2,NON CANCER,afa169be0192d2e392895f26142c48f1,E:\Mega project\MedvisionAi-\ML-Model\cleaned_data\oral\Train\NON CANCER\oral_091.jpeg,Intra-split duplicate copy in folder NON CANCER 2
E:\Mega project\MedvisionAi-\ML-Model\data\Train\Oral Cancer\NON CANCER 2\109.jpeg,109.jpeg,train,NON CANCER 2,NON CANCER,305fb94f88663d9630f039602d937ad4,E:\Mega project\MedvisionAi-\ML-Model\cleaned_data\oral\Train\NON CANCER\oral_092.jpeg,Intra-split duplicate copy in folder NON CANCER 2
E:\Mega project\MedvisionAi-\ML-Model\data\Train\Oral Cancer\NON CANCER\094.jpeg,094.jpeg,train,NON CANCER,NON CANCER,aee734e10c93ad2a6829cdc12a7c12f7,E:\Mega project\MedvisionAi-\ML-Model\cleaned_data\oral\Validation\NON CANCER\oral_111.jpeg,Cross-split leakage copy (original split: train vs allocated: Validation)
E:\Mega project\MedvisionAi-\ML-Model\data\Train\Oral Cancer\NON CANCER 2\112.jpeg,112.jpeg,train,NON CANCER 2,NON CANCER,d6f0665880b303939907438a0332e91e,E:\Mega project\MedvisionAi-\ML-Model\cleaned_data\oral\Train\NON CANCER\oral_095.jpeg,Intra-split duplicate copy in folder NON CANCER 2
E:\Mega project\MedvisionAi-\ML-Model\data\Train\Oral Cancer\NON CANCER 2\113.jpeg,113.jpeg,train,NON CANCER 2,NON CANCER,e7db05138206d11098075701170c440c,E:\Mega project\MedvisionAi-\ML-Model\cleaned_data\oral\Train\NON CANCER\oral_096.jpeg,Intra-split duplicate copy in folder NON CANCER 2
E:\Mega project\MedvisionAi-\ML-Model\data\Train\Oral Cancer\NON CANCER 2\114.jpeg,114.jpeg,train,NON CANCER 2,NON CANCER,9ee63b0e9dd06e5e486f722c0344ca73,E:\Mega project\MedvisionAi-\ML-Model\cleaned_data\oral\Train\NON CANCER\oral_099.jpeg,Intra-split duplicate copy in folder NON CANCER 2
E:\Mega project\MedvisionAi-\ML-Model\data\Train\Oral Cancer\NON CANCER\100.jpeg,100.jpeg,train,NON CANCER,NON CANCER,8e2b968dcc551d01fcf3144e71d06a47,E:\Mega project\MedvisionAi-\ML-Model\cleaned_data\oral\Validation\NON CANCER\oral_115.jpeg,Cross-split leakage copy (original split: train vs allocated: Validation)
E:\Mega project\MedvisionAi-\ML-Model\data\Train\Oral Cancer\NON CANCER 2\116.jpeg,116.jpeg,train,NON CANCER 2,NON CANCER,fe7bc008b4bc42092be75e731db41e9a,E:\Mega project\MedvisionAi-\ML-Model\cleaned_data\oral\Train\NON CANCER\oral_101.jpeg,Intra-split duplicate copy in folder NON CANCER 2
E:\Mega project\MedvisionAi-\ML-Model\data\Train\Oral Cancer\NON CANCER\102.jpeg,102.jpeg,train,NON CANCER,NON CANCER,4fae4b3587f55d8611f48e1afa262748,E:\Mega project\MedvisionAi-\ML-Model\cleaned_data\oral\Validation\NON CANCER\oral_117.jpeg,Cross-split leakage copy (original split: train vs allocated: Validation)
E:\Mega project\MedvisionAi-\ML-Model\data\Train\Oral Cancer\NON CANCER 2\119.jpeg,119.jpeg,train,NON CANCER 2,NON CANCER,962f0fa988eba7709576e3b11e8bb305,E:\Mega project\MedvisionAi-\ML-Model\cleaned_data\oral\Train\NON CANCER\oral_104.jpeg,Intra-split duplicate copy in folder NON CANCER 2
E:\Mega project\MedvisionAi-\ML-Model\data\Train\Oral Cancer\NON CANCER\105.jpeg,105.jpeg,train,NON CANCER,NON CANCER,2a300a4c121520879e134dbc21475ae3,E:\Mega project\MedvisionAi-\ML-Model\cleaned_data\oral\Test\NON CANCER\oral_120.jpeg,Cross-split leakage copy (original split: train vs allocated: Test)
E:\Mega project\MedvisionAi-\ML-Model\data\Train\Oral Cancer\NON CANCER 2\121.jpeg,121.jpeg,train,NON CANCER 2,NON CANCER,a6564c3fc7abc2dd40b6a5e383892125,E:\Mega project\MedvisionAi-\ML-Model\cleaned_data\oral\Train\NON CANCER\oral_106.jpeg,Intra-split duplicate copy in folder NON CANCER 2
E:\Mega project\MedvisionAi-\ML-Model\data\Train\Oral Cancer\NON CANCER 2\124.jpeg,124.jpeg,train,NON CANCER 2,NON CANCER,7087042b61dafb650f0a6b57689e888b,E:\Mega project\MedvisionAi-\ML-Model\cleaned_data\oral\Train\NON CANCER\oral_108.jpeg,Intra-split duplicate copy in folder NON CANCER 2
E:\Mega project\MedvisionAi-\ML-Model\data\Train\Oral Cancer\NON CANCER 2\126.jpeg,126.jpeg,train,NON CANCER 2,NON CANCER,15e6ad4c70523396b0397f74fa0d108f,E:\Mega project\MedvisionAi-\ML-Model\cleaned_data\oral\Train\NON CANCER\oral_110.jpeg,Intra-split duplicate copy in folder NON CANCER 2
E:\Mega project\MedvisionAi-\ML-Model\data\Train\Oral Cancer\NON CANCER 2\127.jpeg,127.jpeg,train,NON CANCER 2,NON CANCER,a4f312b54466c81ea2723ac7692f87c9,E:\Mega project\MedvisionAi-\ML-Model\cleaned_data\oral\Train\NON CANCER\oral_111.jpeg,Intra-split duplicate copy in folder NON CANCER 2
E:\Mega project\MedvisionAi-\ML-Model\data\Train\Oral Cancer\NON CANCER 2\128.jpeg,128.jpeg,train,NON CANCER 2,NON CANCER,0c9d3bd021e7291f96365feff004d89a,E:\Mega project\MedvisionAi-\ML-Model\cleaned_data\oral\Train\NON CANCER\oral_112.jpeg,Intra-split duplicate copy in folder NON CANCER 2
E:\Mega project\MedvisionAi-\ML-Model\data\Train\Oral Cancer\NON CANCER 2\129.jpeg,129.jpeg,train,NON CANCER 2,NON CANCER,c383a1b95eac97cc9b1c243bd32aac61,E:\Mega project\MedvisionAi-\ML-Model\cleaned_data\oral\Train\NON CANCER\oral_113.jpeg,Intra-split duplicate copy in folder NON CANCER 2
E:\Mega project\MedvisionAi-\ML-Model\data\Train\Oral Cancer\NON CANCER 2\130.jpeg,130.jpeg,train,NON CANCER 2,NON CANCER,f0a907525bdf0105d9c0b6cfee6f62e8,E:\Mega project\MedvisionAi-\ML-Model\cleaned_data\oral\Train\NON CANCER\oral_114.jpeg,Intra-split duplicate copy in folder NON CANCER 2
E:\Mega project\MedvisionAi-\ML-Model\data\Train\Oral Cancer\NON CANCER\115.jpeg,115.jpeg,train,NON CANCER,NON CANCER,3962466ba9692360cba701f85045748c,E:\Mega project\MedvisionAi-\ML-Model\cleaned_data\oral\Test\NON CANCER\oral_131.jpeg,Cross-split leakage copy (original split: train vs allocated: Test)
E:\Mega project\MedvisionAi-\ML-Model\data\Train\Oral Cancer\NON CANCER 2\132.jpeg,132.jpeg,train,NON CANCER 2,NON CANCER,93354c4c91563dabce6e9de50069e4fe,E:\Mega project\MedvisionAi-\ML-Model\cleaned_data\oral\Train\NON CANCER\oral_116.jpeg,Intra-split duplicate copy in folder NON CANCER 2
E:\Mega project\MedvisionAi-\ML-Model\data\Train\Oral Cancer\NON CANCER 2\135.jpeg,135.jpeg,train,NON CANCER 2,NON CANCER,643f0535eef9b71ff49ce540eac7ed99,E:\Mega project\MedvisionAi-\ML-Model\cleaned_data\oral\Train\NON CANCER\oral_119.jpeg,Intra-split duplicate copy in folder NON CANCER 2
E:\Mega project\MedvisionAi-\ML-Model\data\Train\Oral Cancer\NON CANCER 2\138.jpeg,138.jpeg,train,NON CANCER 2,NON CANCER,1fbda07668526d327cdfa8d6c203cc8a,E:\Mega project\MedvisionAi-\ML-Model\cleaned_data\oral\Train\NON CANCER\oral_122.jpeg,Intra-split duplicate copy in folder NON CANCER 2
E:\Mega project\MedvisionAi-\ML-Model\data\Train\Oral Cancer\NON CANCER 2\141.jpeg,141.jpeg,train,NON CANCER 2,NON CANCER,8d87c46ce444ad454caf3131a789521a,E:\Mega project\MedvisionAi-\ML-Model\cleaned_data\oral\Train\NON CANCER\oral_125.jpeg,Intra-split duplicate copy in folder NON CANCER 2
E:\Mega project\MedvisionAi-\ML-Model\data\Train\Oral Cancer\NON CANCER 2\142.jpeg,142.jpeg,train,NON CANCER 2,NON CANCER,43cc7d2695d902457bcd7de4140d24d1,E:\Mega project\MedvisionAi-\ML-Model\cleaned_data\oral\Train\NON CANCER\oral_126.jpeg,Intra-split duplicate copy in folder NON CANCER 2
E:\Mega project\MedvisionAi-\ML-Model\data\Train\Oral Cancer\NON CANCER\127.jpeg,127.jpeg,train,NON CANCER,NON CANCER,2de2c385125eb7d001db245f7f32967c,E:\Mega project\MedvisionAi-\ML-Model\cleaned_data\oral\Test\NON CANCER\oral_143.jpeg,Cross-split leakage copy (original split: train vs allocated: Test)
E:\Mega project\MedvisionAi-\ML-Model\data\Train\Oral Cancer\NON CANCER\128.jpeg,128.jpeg,train,NON CANCER,NON CANCER,7568f790ceb9368d6ffa8c8ca59a3095,E:\Mega project\MedvisionAi-\ML-Model\cleaned_data\oral\Validation\NON CANCER\oral_144.jpeg,Cross-split leakage copy (original split: train vs allocated: Validation)
E:\Mega project\MedvisionAi-\ML-Model\data\Train\Oral Cancer\NON CANCER 2\145.jpeg,145.jpeg,train,NON CANCER 2,NON CANCER,27875c7892160bf96b72f9327565c021,E:\Mega project\MedvisionAi-\ML-Model\cleaned_data\oral\Train\NON CANCER\oral_129.jpeg,Intra-split duplicate copy in folder NON CANCER 2
E:\Mega project\MedvisionAi-\ML-Model\data\Train\Oral Cancer\NON CANCER\130.jpeg,130.jpeg,train,NON CANCER,NON CANCER,b1360e157a582b0586a45f86c6bc6f00,E:\Mega project\MedvisionAi-\ML-Model\cleaned_data\oral\Validation\NON CANCER\oral_146.jpeg,Cross-split leakage copy (original split: train vs allocated: Validation)
E:\Mega project\MedvisionAi-\ML-Model\data\Train\Oral Cancer\NON CANCER 2\147.jpeg,147.jpeg,train,NON CANCER 2,NON CANCER,338339e9f68a5c823211c9282e96049c,E:\Mega project\MedvisionAi-\ML-Model\cleaned_data\oral\Train\NON CANCER\oral_131.jpeg,Intra-split duplicate copy in folder NON CANCER 2
E:\Mega project\MedvisionAi-\ML-Model\data\Train\Oral Cancer\NON CANCER 2\149.jpeg,149.jpeg,train,NON CANCER 2,NON CANCER,cf679c5f205e38d6cb3640f41db80e58,E:\Mega project\MedvisionAi-\ML-Model\cleaned_data\oral\Train\NON CANCER\oral_133.jpeg,Intra-split duplicate copy in folder NON CANCER 2
E:\Mega project\MedvisionAi-\ML-Model\data\Train\Oral Cancer\NON CANCER 2\150.jpeg,150.jpeg,train,NON CANCER 2,NON CANCER,62371c5f4cf1692e6a777d4c4664ffc2,E:\Mega project\MedvisionAi-\ML-Model\cleaned_data\oral\Train\NON CANCER\oral_134.jpeg,Intra-split duplicate copy in folder NON CANCER 2
E:\Mega project\MedvisionAi-\ML-Model\data\Train\Oral Cancer\NON CANCER 2\151.jpeg,151.jpeg,train,NON CANCER 2,NON CANCER,b7181cfb99db92d393bd472dea83934f,E:\Mega project\MedvisionAi-\ML-Model\cleaned_data\oral\Train\NON CANCER\oral_135.jpeg,Intra-split duplicate copy in folder NON CANCER 2
E:\Mega project\MedvisionAi-\ML-Model\data\Train\Oral Cancer\NON CANCER 2\152.jpeg,152.jpeg,train,NON CANCER 2,NON CANCER,06cfdfaf7c174c28c92afb0db3f494b4,E:\Mega project\MedvisionAi-\ML-Model\cleaned_data\oral\Train\NON CANCER\oral_136.jpeg,Intra-split duplicate copy in folder NON CANCER 2
E:\Mega project\MedvisionAi-\ML-Model\data\Train\Oral Cancer\NON CANCER 2\154.jpeg,154.jpeg,train,NON CANCER 2,NON CANCER,c55c4453fddc06eebf9e4b08597dd62f,E:\Mega project\MedvisionAi-\ML-Model\cleaned_data\oral\Train\NON CANCER\oral_138.jpeg,Intra-split duplicate copy in folder NON CANCER 2
E:\Mega project\MedvisionAi-\ML-Model\data\Train\Oral Cancer\NON CANCER\139.jpeg,139.jpeg,train,NON CANCER,NON CANCER,837d405e3d9cae68c51039f72f545523,E:\Mega project\MedvisionAi-\ML-Model\cleaned_data\oral\Test\NON CANCER\oral_155.jpeg,Cross-split leakage copy (original split: train vs allocated: Test)
E:\Mega project\MedvisionAi-\ML-Model\data\Train\Oral Cancer\NON CANCER 2\156.jpeg,156.jpeg,train,NON CANCER 2,NON CANCER,c7e43101620f3ea607e4d163b9f7ee37,E:\Mega project\MedvisionAi-\ML-Model\cleaned_data\oral\Train\NON CANCER\oral_140.jpeg,Intra-split duplicate copy in folder NON CANCER 2
E:\Mega project\MedvisionAi-\ML-Model\data\Train\Oral Cancer\NON CANCER 2\157.jpeg,157.jpeg,train,NON CANCER 2,NON CANCER,ca66750b79ffc5f5d6400cea8076a27a,E:\Mega project\MedvisionAi-\ML-Model\cleaned_data\oral\Train\NON CANCER\oral_141.jpeg,Intra-split duplicate copy in folder NON CANCER 2
E:\Mega project\MedvisionAi-\ML-Model\data\Train\Oral Cancer\NON CANCER\142.jpeg,142.jpeg,train,NON CANCER,NON CANCER,d92e942047751a72dbcba5f95b0363b4,E:\Mega project\MedvisionAi-\ML-Model\cleaned_data\oral\Test\NON CANCER\oral_158.jpeg,Cross-split leakage copy (original split: train vs allocated: Test)
E:\Mega project\MedvisionAi-\ML-Model\data\Train\Oral Cancer\NON CANCER 2\160.jpeg,160.jpeg,train,NON CANCER 2,NON CANCER,5a88aa7215c3549e864303c356f8b79a,E:\Mega project\MedvisionAi-\ML-Model\cleaned_data\oral\Train\NON CANCER\oral_144.jpeg,Intra-split duplicate copy in folder NON CANCER 2
E:\Mega project\MedvisionAi-\ML-Model\data\Train\Oral Cancer\NON CANCER 2\161.jpeg,161.jpeg,train,NON CANCER 2,NON CANCER,97f17ab0be0a0316a233341d7c147be4,E:\Mega project\MedvisionAi-\ML-Model\cleaned_data\oral\Train\NON CANCER\oral_145.jpeg,Intra-split duplicate copy in folder NON CANCER 2
E:\Mega project\MedvisionAi-\ML-Model\data\Train\Oral Cancer\NON CANCER 2\162.jpeg,162.jpeg,train,NON CANCER 2,NON CANCER,fa886e6ef1dde385c957f063808bffc7,E:\Mega project\MedvisionAi-\ML-Model\cleaned_data\oral\Train\NON CANCER\oral_146.jpeg,Intra-split duplicate copy in folder NON CANCER 2
E:\Mega project\MedvisionAi-\ML-Model\data\Train\Oral Cancer\NON CANCER 2\163.jpeg,163.jpeg,train,NON CANCER 2,NON CANCER,a9fc2577f8665f1cb021e1f47265929b,E:\Mega project\MedvisionAi-\ML-Model\cleaned_data\oral\Train\NON CANCER\oral_147.jpeg,Intra-split duplicate copy in folder NON CANCER 2
E:\Mega project\MedvisionAi-\ML-Model\data\Train\Oral Cancer\NON CANCER 2\164.jpeg,164.jpeg,train,NON CANCER 2,NON CANCER,ecef749f34482a06a80a0c5798fb266f,E:\Mega project\MedvisionAi-\ML-Model\cleaned_data\oral\Train\NON CANCER\oral_148.jpeg,Intra-split duplicate copy in folder NON CANCER 2
E:\Mega project\MedvisionAi-\ML-Model\data\Train\Oral Cancer\NON CANCER\149.jpeg,149.jpeg,train,NON CANCER,NON CANCER,3286fd27d92737225513c8d9b288c354,E:\Mega project\MedvisionAi-\ML-Model\cleaned_data\oral\Test\NON CANCER\oral_165.jpeg,Cross-split leakage copy (original split: train vs allocated: Test)
E:\Mega project\MedvisionAi-\ML-Model\data\Train\Oral Cancer\NON CANCER 2\166.jpeg,166.jpeg,train,NON CANCER 2,NON CANCER,45b79f6fbc68747e94d6fcb0ed2221d9,E:\Mega project\MedvisionAi-\ML-Model\cleaned_data\oral\Train\NON CANCER\oral_150.jpeg,Intra-split duplicate copy in folder NON CANCER 2
E:\Mega project\MedvisionAi-\ML-Model\data\Train\Oral Cancer\NON CANCER 2\167.jpeg,167.jpeg,train,NON CANCER 2,NON CANCER,7525ca40152d79ce99c090035ca8e4ce,E:\Mega project\MedvisionAi-\ML-Model\cleaned_data\oral\Train\NON CANCER\oral_151.jpeg,Intra-split duplicate copy in folder NON CANCER 2
E:\Mega project\MedvisionAi-\ML-Model\data\Train\Oral Cancer\NON CANCER 2\168.jpeg,168.jpeg,train,NON CANCER 2,NON CANCER,9845f5f81923d3ea61357caa331d010e,E:\Mega project\MedvisionAi-\ML-Model\cleaned_data\oral\Train\NON CANCER\oral_152.jpeg,Intra-split duplicate copy in folder NON CANCER 2
E:\Mega project\MedvisionAi-\ML-Model\data\Train\Oral Cancer\NON CANCER 2\169.jpeg,169.jpeg,train,NON CANCER 2,NON CANCER,617093ca6906c18ab7ee3e76bb0857ee,E:\Mega project\MedvisionAi-\ML-Model\cleaned_data\oral\Train\NON CANCER\oral_153.jpeg,Intra-split duplicate copy in folder NON CANCER 2
E:\Mega project\MedvisionAi-\ML-Model\data\Train\Oral Cancer\NON CANCER\154.jpeg,154.jpeg,train,NON CANCER,NON CANCER,b4db2f235aae7b61174d43974b1f3c40,E:\Mega project\MedvisionAi-\ML-Model\cleaned_data\oral\Validation\NON CANCER\oral_170.jpeg,Cross-split leakage copy (original split: train vs allocated: Validation)
E:\Mega project\MedvisionAi-\ML-Model\data\Train\Oral Cancer\NON CANCER 2\171.jpeg,171.jpeg,train,NON CANCER 2,NON CANCER,d77cf72712d69f20ddf42220559b223a,E:\Mega project\MedvisionAi-\ML-Model\cleaned_data\oral\Train\NON CANCER\oral_155.jpeg,Intra-split duplicate copy in folder NON CANCER 2
E:\Mega project\MedvisionAi-\ML-Model\data\Train\Oral Cancer\NON CANCER 2\172.jpeg,172.jpeg,train,NON CANCER 2,NON CANCER,32965415725fec9cfc642588e7514c0d,E:\Mega project\MedvisionAi-\ML-Model\cleaned_data\oral\Train\NON CANCER\oral_156.jpeg,Intra-split duplicate copy in folder NON CANCER 2
E:\Mega project\MedvisionAi-\ML-Model\data\Train\Oral Cancer\NON CANCER\157.jpeg,157.jpeg,train,NON CANCER,NON CANCER,53ef106ad9b004d30c78532d13916259,E:\Mega project\MedvisionAi-\ML-Model\cleaned_data\oral\Validation\NON CANCER\oral_173.jpeg,Cross-split leakage copy (original split: train vs allocated: Validation)
E:\Mega project\MedvisionAi-\ML-Model\data\Train\Oral Cancer\NON CANCER 2\174.jpeg,174.jpeg,train,NON CANCER 2,NON CANCER,7be68cabdfe98a6b1ca1ca41a8599e5b,E:\Mega project\MedvisionAi-\ML-Model\cleaned_data\oral\Train\NON CANCER\oral_158.jpeg,Intra-split duplicate copy in folder NON CANCER 2
E:\Mega project\MedvisionAi-\ML-Model\data\Train\Oral Cancer\NON CANCER 2\175.jpeg,175.jpeg,train,NON CANCER 2,NON CANCER,71524760075594408f11ae781a14afbb,E:\Mega project\MedvisionAi-\ML-Model\cleaned_data\oral\Train\NON CANCER\oral_159.jpeg,Intra-split duplicate copy in folder NON CANCER 2
E:\Mega project\MedvisionAi-\ML-Model\data\Train\Oral Cancer\NON CANCER 2\176.jpeg,176.jpeg,train,NON CANCER 2,NON CANCER,5a7b91e44f87238b32ad2e1f93bc77f6,E:\Mega project\MedvisionAi-\ML-Model\cleaned_data\oral\Train\NON CANCER\oral_160.jpeg,Intra-split duplicate copy in folder NON CANCER 2
E:\Mega project\MedvisionAi-\ML-Model\data\Train\Oral Cancer\NON CANCER 2\179.jpeg,179.jpeg,train,NON CANCER 2,NON CANCER,96f79fd549ff04d69efff9127c20074b,E:\Mega project\MedvisionAi-\ML-Model\cleaned_data\oral\Train\NON CANCER\oral_163.jpeg,Intra-split duplicate copy in folder NON CANCER 2
E:\Mega project\MedvisionAi-\ML-Model\data\Train\Oral Cancer\NON CANCER 2\180.jpeg,180.jpeg,train,NON CANCER 2,NON CANCER,8d67e5a29369b6492a39b50f656ab846,E:\Mega project\MedvisionAi-\ML-Model\cleaned_data\oral\Train\NON CANCER\oral_164.jpeg,Intra-split duplicate copy in folder NON CANCER 2
E:\Mega project\MedvisionAi-\ML-Model\data\Train\Oral Cancer\NON CANCER 2\181.jpeg,181.jpeg,train,NON CANCER 2,NON CANCER,af84dd50970b24e468e1c4ba51b738cb,E:\Mega project\MedvisionAi-\ML-Model\cleaned_data\oral\Train\NON CANCER\oral_165.jpeg,Intra-split duplicate copy in folder NON CANCER 2
E:\Mega project\MedvisionAi-\ML-Model\data\Train\Oral Cancer\NON CANCER 2\182.jpeg,182.jpeg,train,NON CANCER 2,NON CANCER,5b0711d0072a61b7de7fd2911b3ce995,E:\Mega project\MedvisionAi-\ML-Model\cleaned_data\oral\Train\NON CANCER\oral_166.jpeg,Intra-split duplicate copy in folder NON CANCER 2
E:\Mega project\MedvisionAi-\ML-Model\data\Train\Oral Cancer\NON CANCER 2\183.jpeg,183.jpeg,train,NON CANCER 2,NON CANCER,9f2d5073d454d88a823ded622929d919,E:\Mega project\MedvisionAi-\ML-Model\cleaned_data\oral\Train\NON CANCER\oral_167.jpeg,Intra-split duplicate copy in folder NON CANCER 2
E:\Mega project\MedvisionAi-\ML-Model\data\Train\Oral Cancer\NON CANCER 2\185.jpeg,185.jpeg,train,NON CANCER 2,NON CANCER,ece98800a1151a6a86c5875b18ffbd5e,E:\Mega project\MedvisionAi-\ML-Model\cleaned_data\oral\Train\NON CANCER\oral_169.jpeg,Intra-split duplicate copy in folder NON CANCER 2
E:\Mega project\MedvisionAi-\ML-Model\data\Train\Oral Cancer\NON CANCER 2\186.jpeg,186.jpeg,train,NON CANCER 2,NON CANCER,5c1ee48f132a8004e1a3866ee1c999c8,E:\Mega project\MedvisionAi-\ML-Model\cleaned_data\oral\Train\NON CANCER\oral_170.jpeg,Intra-split duplicate copy in folder NON CANCER 2
E:\Mega project\MedvisionAi-\ML-Model\data\Train\Oral Cancer\NON CANCER\171.jpeg,171.jpeg,train,NON CANCER,NON CANCER,db158e9da2142f160e5c5e2a4fe301e9,E:\Mega project\MedvisionAi-\ML-Model\cleaned_data\oral\Validation\NON CANCER\oral_187.jpeg,Cross-split leakage copy (original split: train vs allocated: Validation)
E:\Mega project\MedvisionAi-\ML-Model\data\Train\Oral Cancer\NON CANCER 2\188.jpeg,188.jpeg,train,NON CANCER 2,NON CANCER,b56e5df967ae2e8694b398b729114813,E:\Mega project\MedvisionAi-\ML-Model\cleaned_data\oral\Train\NON CANCER\oral_172.jpeg,Intra-split duplicate copy in folder NON CANCER 2
E:\Mega project\MedvisionAi-\ML-Model\data\Train\Oral Cancer\NON CANCER\173.jpeg,173.jpeg,train,NON CANCER,NON CANCER,df9c9d1ab453cdb0e9ebfa7ba54bffea,E:\Mega project\MedvisionAi-\ML-Model\cleaned_data\oral\Validation\NON CANCER\oral_189.jpeg,Cross-split leakage copy (original split: train vs allocated: Validation)
E:\Mega project\MedvisionAi-\ML-Model\data\Train\Oral Cancer\NON CANCER 2\190.jpeg,190.jpeg,train,NON CANCER 2,NON CANCER,8e2c6f020d9fd604be92d35e53638461,E:\Mega project\MedvisionAi-\ML-Model\cleaned_data\oral\Train\NON CANCER\oral_174.jpeg,Intra-split duplicate copy in folder NON CANCER 2
E:\Mega project\MedvisionAi-\ML-Model\data\Train\Oral Cancer\NON CANCER 2\191.jpeg,191.jpeg,train,NON CANCER 2,NON CANCER,fe4333abee5fc86c48ee42773b7824e6,E:\Mega project\MedvisionAi-\ML-Model\cleaned_data\oral\Train\NON CANCER\oral_175.jpeg,Intra-split duplicate copy in folder NON CANCER 2
E:\Mega project\MedvisionAi-\ML-Model\data\Train\Oral Cancer\NON CANCER 2\192.jpeg,192.jpeg,train,NON CANCER 2,NON CANCER,b7cbb1592aad3990578545030fbb68e8,E:\Mega project\MedvisionAi-\ML-Model\cleaned_data\oral\Train\NON CANCER\oral_176.jpeg,Intra-split duplicate copy in folder NON CANCER 2
E:\Mega project\MedvisionAi-\ML-Model\data\Train\Oral Cancer\NON CANCER 2\195.jpeg,195.jpeg,train,NON CANCER 2,NON CANCER,6123f90d6b4dfcedefb7fbe456429a73,E:\Mega project\MedvisionAi-\ML-Model\cleaned_data\oral\Train\NON CANCER\oral_179.jpeg,Intra-split duplicate copy in folder NON CANCER 2
E:\Mega project\MedvisionAi-\ML-Model\data\Train\Oral Cancer\NON CANCER\182.jpeg,182.jpeg,train,NON CANCER,NON CANCER,7504f165b5d2c838ca0eb4329b09e3dc,E:\Mega project\MedvisionAi-\ML-Model\cleaned_data\oral\Test\NON CANCER\oral_198.jpeg,Cross-split leakage copy (original split: train vs allocated: Test)
E:\Mega project\MedvisionAi-\ML-Model\data\Train\Oral Cancer\NON CANCER 2\200.jpeg,200.jpeg,train,NON CANCER 2,NON CANCER,730c4ecd0740506f933e5cb46e9a9ed8,E:\Mega project\MedvisionAi-\ML-Model\cleaned_data\oral\Train\NON CANCER\oral_184.jpeg,Intra-split duplicate copy in folder NON CANCER 2
E:\Mega project\MedvisionAi-\ML-Model\data\Train\Oral Cancer\NON CANCER 2\201.jpeg,201.jpeg,train,NON CANCER 2,NON CANCER,a99245e0c131f352007027540b25a77e,E:\Mega project\MedvisionAi-\ML-Model\cleaned_data\oral\Train\NON CANCER\oral_185.jpeg,Intra-split duplicate copy in folder NON CANCER 2
E:\Mega project\MedvisionAi-\ML-Model\data\Train\Oral Cancer\NON CANCER 2\202.jpeg,202.jpeg,train,NON CANCER 2,NON CANCER,235c1873cf86434156c7545788ff5613,E:\Mega project\MedvisionAi-\ML-Model\cleaned_data\oral\Train\NON CANCER\oral_186.jpeg,Intra-split duplicate copy in folder NON CANCER 2
E:\Mega project\MedvisionAi-\ML-Model\data\Train\Oral Cancer\NON CANCER\187.jpeg,187.jpeg,train,NON CANCER,NON CANCER,b4ed89c400d0b4594d1f7738d0733f00,E:\Mega project\MedvisionAi-\ML-Model\cleaned_data\oral\Test\NON CANCER\oral_203.jpeg,Cross-split leakage copy (original split: train vs allocated: Test)
E:\Mega project\MedvisionAi-\ML-Model\data\Train\Oral Cancer\NON CANCER 2\207.jpeg,207.jpeg,train,NON CANCER 2,NON CANCER,ebe36c34bcd2432dc9b0cffec961965a,E:\Mega project\MedvisionAi-\ML-Model\cleaned_data\oral\Train\NON CANCER\oral_191.jpeg,Intra-split duplicate copy in folder NON CANCER 2
E:\Mega project\MedvisionAi-\ML-Model\data\Train\Oral Cancer\NON CANCER 2\208.jpeg,208.jpeg,train,NON CANCER 2,NON CANCER,49bb94aeb4b2dee4f0c2246e5a4eda7c,E:\Mega project\MedvisionAi-\ML-Model\cleaned_data\oral\Train\NON CANCER\oral_192.jpeg,Intra-split duplicate copy in folder NON CANCER 2
E:\Mega project\MedvisionAi-\ML-Model\data\Train\Oral Cancer\NON CANCER 2\209.jpeg,209.jpeg,train,NON CANCER 2,NON CANCER,4234fe8e028f3bb69c4ee477aceca3f4,E:\Mega project\MedvisionAi-\ML-Model\cleaned_data\oral\Train\NON CANCER\oral_193.jpeg,Intra-split duplicate copy in folder NON CANCER 2
E:\Mega project\MedvisionAi-\ML-Model\data\Train\Oral Cancer\NON CANCER\195.jpeg,195.jpeg,train,NON CANCER,NON CANCER,2065d81b61e93c2d9cfd28963239bb26,E:\Mega project\MedvisionAi-\ML-Model\cleaned_data\oral\Test\NON CANCER\oral_212.jpeg,Cross-split leakage copy (original split: train vs allocated: Test)
E:\Mega project\MedvisionAi-\ML-Model\data\Train\Oral Cancer\NON CANCER 2\213.jpeg,213.jpeg,train,NON CANCER 2,NON CANCER,ae455e8fecf7187d2cc06cbf777a6b67,E:\Mega project\MedvisionAi-\ML-Model\cleaned_data\oral\Train\NON CANCER\oral_196.jpeg,Intra-split duplicate copy in folder NON CANCER 2
E:\Mega project\MedvisionAi-\ML-Model\data\Train\Oral Cancer\NON CANCER\197.jpeg,197.jpeg,train,NON CANCER,NON CANCER,35fe111af7e7aa56cba71e6b2b415aaa,E:\Mega project\MedvisionAi-\ML-Model\cleaned_data\oral\Test\NON CANCER\oral_214.jpeg,Cross-split leakage copy (original split: train vs allocated: Test)
E:\Mega project\MedvisionAi-\ML-Model\data\Train\Oral Cancer\NON CANCER 2\215.jpeg,215.jpeg,train,NON CANCER 2,NON CANCER,b7e81c3c64afa2eacff2fb1452c157ad,E:\Mega project\MedvisionAi-\ML-Model\cleaned_data\oral\Train\NON CANCER\oral_198.jpeg,Intra-split duplicate copy in folder NON CANCER 2
E:\Mega project\MedvisionAi-\ML-Model\data\Train\Oral Cancer\NON CANCER 2\216.jpeg,216.jpeg,train,NON CANCER 2,NON CANCER,49f1254b64c52caf7516b84a517e32f8,E:\Mega project\MedvisionAi-\ML-Model\cleaned_data\oral\Train\NON CANCER\oral_199.jpeg,Intra-split duplicate copy in folder NON CANCER 2
E:\Mega project\MedvisionAi-\ML-Model\data\Train\Oral Cancer\NON CANCER 2\217.jpeg,217.jpeg,train,NON CANCER 2,NON CANCER,aa41c293901ca68dec3ee571f16e1fd4,E:\Mega project\MedvisionAi-\ML-Model\cleaned_data\oral\Train\NON CANCER\oral_200.jpeg,Intra-split duplicate copy in folder NON CANCER 2
E:\Mega project\MedvisionAi-\ML-Model\data\Train\Oral Cancer\NON CANCER 2\219.jpeg,219.jpeg,train,NON CANCER 2,NON CANCER,2bcfc29b9697f3f8af21361aed451afb,E:\Mega project\MedvisionAi-\ML-Model\cleaned_data\oral\Train\NON CANCER\oral_202.jpeg,Intra-split duplicate copy in folder NON CANCER 2
E:\Mega project\MedvisionAi-\ML-Model\data\Train\Oral Cancer\NON CANCER\204.jpeg,204.jpeg,train,NON CANCER,NON CANCER,d6944434a4cf8b0782aab7838c77f634,E:\Mega project\MedvisionAi-\ML-Model\cleaned_data\oral\Test\NON CANCER\oral_221.jpeg,Cross-split leakage copy (original split: train vs allocated: Test)
E:\Mega project\MedvisionAi-\ML-Model\data\Train\Oral Cancer\NON CANCER\206.jpeg,206.jpeg,train,NON CANCER,NON CANCER,c634cb61e414a698454a87c108e68f71,E:\Mega project\MedvisionAi-\ML-Model\cleaned_data\oral\Test\NON CANCER\oral_223.jpeg,Cross-split leakage copy (original split: train vs allocated: Test)
E:\Mega project\MedvisionAi-\ML-Model\data\Train\Oral Cancer\NON CANCER 2\224.jpeg,224.jpeg,train,NON CANCER 2,NON CANCER,6b48cc0101d4173f802aa42b55e583a4,E:\Mega project\MedvisionAi-\ML-Model\cleaned_data\oral\Train\NON CANCER\oral_207.jpeg,Intra-split duplicate copy in folder NON CANCER 2
E:\Mega project\MedvisionAi-\ML-Model\data\Train\Oral Cancer\NON CANCER 2\227.jpeg,227.jpeg,train,NON CANCER 2,NON CANCER,8c4ce38823ecd5dc287fa883f392199f,E:\Mega project\MedvisionAi-\ML-Model\cleaned_data\oral\Train\NON CANCER\oral_210.jpeg,Intra-split duplicate copy in folder NON CANCER 2
E:\Mega project\MedvisionAi-\ML-Model\data\Train\Oral Cancer\NON CANCER 2\228.jpeg,228.jpeg,train,NON CANCER 2,NON CANCER,64b372c67449ff6e0bb4285957acc5e7,E:\Mega project\MedvisionAi-\ML-Model\cleaned_data\oral\Train\NON CANCER\oral_211.jpeg,Intra-split duplicate copy in folder NON CANCER 2
E:\Mega project\MedvisionAi-\ML-Model\data\Train\Oral Cancer\NON CANCER 2\229.jpeg,229.jpeg,train,NON CANCER 2,NON CANCER,743368bcfad62e24c27f3c673ba9eb5d,E:\Mega project\MedvisionAi-\ML-Model\cleaned_data\oral\Train\NON CANCER\oral_212.jpeg,Intra-split duplicate copy in folder NON CANCER 2
E:\Mega project\MedvisionAi-\ML-Model\data\Train\Oral Cancer\NON CANCER 2\230.jpeg,230.jpeg,train,NON CANCER 2,NON CANCER,77dc09e85dcdf8f4e1940af8cbb8cf73,E:\Mega project\MedvisionAi-\ML-Model\cleaned_data\oral\Train\NON CANCER\oral_213.jpeg,Intra-split duplicate copy in folder NON CANCER 2
E:\Mega project\MedvisionAi-\ML-Model\data\Train\Oral Cancer\NON CANCER 2\232.jpeg,232.jpeg,train,NON CANCER 2,NON CANCER,4d62208f4172bae66f1b7e719027f02d,E:\Mega project\MedvisionAi-\ML-Model\cleaned_data\oral\Train\NON CANCER\oral_215.jpeg,Intra-split duplicate copy in folder NON CANCER 2
E:\Mega project\MedvisionAi-\ML-Model\data\Train\Oral Cancer\NON CANCER 2\233.jpeg,233.jpeg,train,NON CANCER 2,NON CANCER,9874ad58701737fc78a633e76e09d50d,E:\Mega project\MedvisionAi-\ML-Model\cleaned_data\oral\Train\NON CANCER\oral_217.jpeg,Intra-split duplicate copy in folder NON CANCER 2
E:\Mega project\MedvisionAi-\ML-Model\data\Train\Oral Cancer\NON CANCER 2\234.jpeg,234.jpeg,train,NON CANCER 2,NON CANCER,a89d9b08cfd7316277c65203349009c8,E:\Mega project\MedvisionAi-\ML-Model\cleaned_data\oral\Train\NON CANCER\oral_218.jpeg,Intra-split duplicate copy in folder NON CANCER 2
E:\Mega project\MedvisionAi-\ML-Model\data\Train\Oral Cancer\NON CANCER 2\235.jpeg,235.jpeg,train,NON CANCER 2,NON CANCER,354de1b1fcc483f9b9641e7e5047ed24,E:\Mega project\MedvisionAi-\ML-Model\cleaned_data\oral\Train\NON CANCER\oral_219.jpeg,Intra-split duplicate copy in folder NON CANCER 2
E:\Mega project\MedvisionAi-\ML-Model\data\Train\Oral Cancer\NON CANCER 2\236.jpeg,236.jpeg,train,NON CANCER 2,NON CANCER,86ae2b2ec6abcf0f29b7a53043320c77,E:\Mega project\MedvisionAi-\ML-Model\cleaned_data\oral\Train\NON CANCER\oral_220.jpeg,Intra-split duplicate copy in folder NON CANCER 2
E:\Mega project\MedvisionAi-\ML-Model\data\Train\Oral Cancer\NON CANCER 2\239.jpeg,239.jpeg,train,NON CANCER 2,NON CANCER,a40ce4dc29ef182bace3f4a6ed3dc62e,E:\Mega project\MedvisionAi-\ML-Model\cleaned_data\oral\Train\NON CANCER\oral_223.jpeg,Intra-split duplicate copy in folder NON CANCER 2
E:\Mega project\MedvisionAi-\ML-Model\data\Train\Oral Cancer\NON CANCER 2\240.jpeg,240.jpeg,train,NON CANCER 2,NON CANCER,9aaa6125adacb0dc978cd2706002c8a8,E:\Mega project\MedvisionAi-\ML-Model\cleaned_data\oral\Train\NON CANCER\oral_224.jpeg,Intra-split duplicate copy in folder NON CANCER 2
E:\Mega project\MedvisionAi-\ML-Model\data\Train\Oral Cancer\NON CANCER 2\241.jpeg,241.jpeg,train,NON CANCER 2,NON CANCER,f2d1af713251eee617165860e1caca3f,E:\Mega project\MedvisionAi-\ML-Model\cleaned_data\oral\Train\NON CANCER\oral_225.jpeg,Intra-split duplicate copy in folder NON CANCER 2
E:\Mega project\MedvisionAi-\ML-Model\data\Train\Oral Cancer\NON CANCER\227.jpeg,227.jpeg,train,NON CANCER,NON CANCER,7861dafe72202b6f473e205919ec9630,E:\Mega project\MedvisionAi-\ML-Model\cleaned_data\oral\Test\NON CANCER\oral_243.jpeg,Cross-split leakage copy (original split: train vs allocated: Test)
E:\Mega project\MedvisionAi-\ML-Model\data\Train\Oral Cancer\NON CANCER 2\244.jpeg,244.jpeg,train,NON CANCER 2,NON CANCER,db3c49bafe6dd5032d920e5b1879ef79,E:\Mega project\MedvisionAi-\ML-Model\cleaned_data\oral\Train\NON CANCER\oral_228.jpeg,Intra-split duplicate copy in folder NON CANCER 2
E:\Mega project\MedvisionAi-\ML-Model\data\Train\Oral Cancer\NON CANCER 2\246.jpeg,246.jpeg,train,NON CANCER 2,NON CANCER,e743d852ea18f784b917a1e021ef6187,E:\Mega project\MedvisionAi-\ML-Model\cleaned_data\oral\Train\NON CANCER\oral_230.jpeg,Intra-split duplicate copy in folder NON CANCER 2
E:\Mega project\MedvisionAi-\ML-Model\data\Train\Oral Cancer\NON CANCER 2\248.jpeg,248.jpeg,train,NON CANCER 2,NON CANCER,22d6ce8a1733d2db05b293c51e35f1e7,E:\Mega project\MedvisionAi-\ML-Model\cleaned_data\oral\Train\NON CANCER\oral_231.jpeg,Intra-split duplicate copy in folder NON CANCER 2
E:\Mega project\MedvisionAi-\ML-Model\data\Train\Oral Cancer\NON CANCER 2\249.jpeg,249.jpeg,train,NON CANCER 2,NON CANCER,26e2222d2b3d4e8114b92dc405c5a325,E:\Mega project\MedvisionAi-\ML-Model\cleaned_data\oral\Train\NON CANCER\oral_232.jpeg,Intra-split duplicate copy in folder NON CANCER 2
E:\Mega project\MedvisionAi-\ML-Model\data\Train\Oral Cancer\NON CANCER 2\043.jpeg,043.jpeg,train,NON CANCER 2,NON CANCER,c121773deeedc74be6a16fe91249c76b,E:\Mega project\MedvisionAi-\ML-Model\cleaned_data\oral\Validation\NON CANCER\oral_031.jpeg,Cross-split leakage copy (original split: train vs allocated: Validation)
E:\Mega project\MedvisionAi-\ML-Model\data\Train\Oral Cancer\NON CANCER 2\044.jpeg,044.jpeg,train,NON CANCER 2,NON CANCER,ee824c6b6ff5b2cf56e4d539731736b7,E:\Mega project\MedvisionAi-\ML-Model\cleaned_data\oral\Validation\NON CANCER\oral_032.jpeg,Cross-split leakage copy (original split: train vs allocated: Validation)
E:\Mega project\MedvisionAi-\ML-Model\data\Train\Oral Cancer\NON CANCER 2\048.jpeg,048.jpeg,train,NON CANCER 2,NON CANCER,9a7987204cb3c5fb3e97570e75342323,E:\Mega project\MedvisionAi-\ML-Model\cleaned_data\oral\Validation\NON CANCER\oral_035.jpeg,Cross-split leakage copy (original split: train vs allocated: Validation)
E:\Mega project\MedvisionAi-\ML-Model\data\Train\Oral Cancer\NON CANCER 2\049.jpeg,049.jpeg,train,NON CANCER 2,NON CANCER,b20522ec911812885f9f8eb3e0b74850,E:\Mega project\MedvisionAi-\ML-Model\cleaned_data\oral\Test\NON CANCER\oral_036.jpeg,Cross-split leakage copy (original split: train vs allocated: Test)
E:\Mega project\MedvisionAi-\ML-Model\data\Train\Oral Cancer\NON CANCER 2\051.jpeg,051.jpeg,train,NON CANCER 2,NON CANCER,23823b0b28e4c86696170c8e3e68cfe6,E:\Mega project\MedvisionAi-\ML-Model\cleaned_data\oral\Test\NON CANCER\oral_038.jpeg,Cross-split leakage copy (original split: train vs allocated: Test)
E:\Mega project\MedvisionAi-\ML-Model\data\Train\Oral Cancer\NON CANCER 2\054.jpeg,054.jpeg,train,NON CANCER 2,NON CANCER,881f9647de86f564c27ced1806391a75,E:\Mega project\MedvisionAi-\ML-Model\cleaned_data\oral\Test\NON CANCER\oral_040.jpeg,Cross-split leakage copy (original split: train vs allocated: Test)
E:\Mega project\MedvisionAi-\ML-Model\data\Train\Oral Cancer\NON CANCER 2\062.jpeg,062.jpeg,train,NON CANCER 2,NON CANCER,4a0f4b88bf83be932308d05ad3fa8425,E:\Mega project\MedvisionAi-\ML-Model\cleaned_data\oral\Validation\NON CANCER\oral_048.jpeg,Cross-split leakage copy (original split: train vs allocated: Validation)
E:\Mega project\MedvisionAi-\ML-Model\data\Train\Oral Cancer\NON CANCER 2\063.jpeg,063.jpeg,train,NON CANCER 2,NON CANCER,c9b4eb9519da013c5297886ec25cd99a,E:\Mega project\MedvisionAi-\ML-Model\cleaned_data\oral\Test\NON CANCER\oral_049.jpeg,Cross-split leakage copy (original split: train vs allocated: Test)
E:\Mega project\MedvisionAi-\ML-Model\data\Train\Oral Cancer\NON CANCER 2\072.jpeg,072.jpeg,train,NON CANCER 2,NON CANCER,4a75528add664a9ab076196ed3326fe7,E:\Mega project\MedvisionAi-\ML-Model\cleaned_data\oral\Test\NON CANCER\oral_058.jpeg,Cross-split leakage copy (original split: train vs allocated: Test)
E:\Mega project\MedvisionAi-\ML-Model\data\Train\Oral Cancer\NON CANCER 2\084.jpeg,084.jpeg,train,NON CANCER 2,NON CANCER,cda1a1d8f5e02aee11f494c252bc6e75,E:\Mega project\MedvisionAi-\ML-Model\cleaned_data\oral\Test\NON CANCER\oral_069.jpeg,Cross-split leakage copy (original split: train vs allocated: Test)
E:\Mega project\MedvisionAi-\ML-Model\data\Train\Oral Cancer\NON CANCER 2\088.jpeg,088.jpeg,train,NON CANCER 2,NON CANCER,0b95dfdfeba904bd4a0095db5ea1f1ec,E:\Mega project\MedvisionAi-\ML-Model\cleaned_data\oral\Validation\NON CANCER\oral_073.jpeg,Cross-split leakage copy (original split: train vs allocated: Validation)
E:\Mega project\MedvisionAi-\ML-Model\data\Train\Oral Cancer\NON CANCER 2\090.jpeg,090.jpeg,train,NON CANCER 2,NON CANCER,0353e5834ba0c5f0cacf824ba660cc2b,E:\Mega project\MedvisionAi-\ML-Model\cleaned_data\oral\Test\NON CANCER\oral_074.jpeg,Cross-split leakage copy (original split: train vs allocated: Test)
E:\Mega project\MedvisionAi-\ML-Model\data\Train\Oral Cancer\NON CANCER 2\106.jpeg,106.jpeg,train,NON CANCER 2,NON CANCER,2c1be1efb24c52e4d9fe054b4a6003ec,E:\Mega project\MedvisionAi-\ML-Model\cleaned_data\oral\Test\NON CANCER\oral_089.jpeg,Cross-split leakage copy (original split: train vs allocated: Test)
E:\Mega project\MedvisionAi-\ML-Model\data\Train\Oral Cancer\NON CANCER 2\110.jpeg,110.jpeg,train,NON CANCER 2,NON CANCER,78caad4f85141a6b20059f9f54b4f640,E:\Mega project\MedvisionAi-\ML-Model\cleaned_data\oral\Validation\NON CANCER\oral_093.jpeg,Cross-split leakage copy (original split: train vs allocated: Validation)
E:\Mega project\MedvisionAi-\ML-Model\data\Train\Oral Cancer\NON CANCER 2\118.jpeg,118.jpeg,train,NON CANCER 2,NON CANCER,98929d63c7207e698707178d074798a7,E:\Mega project\MedvisionAi-\ML-Model\cleaned_data\oral\Test\NON CANCER\oral_103.jpeg,Cross-split leakage copy (original split: train vs allocated: Test)
E:\Mega project\MedvisionAi-\ML-Model\data\Train\Oral Cancer\NON CANCER 2\123.jpeg,123.jpeg,train,NON CANCER 2,NON CANCER,9e6003edacab10de9d5fd379973744e1,E:\Mega project\MedvisionAi-\ML-Model\cleaned_data\oral\Test\NON CANCER\oral_107.jpeg,Cross-split leakage copy (original split: train vs allocated: Test)
E:\Mega project\MedvisionAi-\ML-Model\data\Train\Oral Cancer\NON CANCER 2\125.jpeg,125.jpeg,train,NON CANCER 2,NON CANCER,697e4baa62fe7c24509688f33a0c6ad5,E:\Mega project\MedvisionAi-\ML-Model\cleaned_data\oral\Test\NON CANCER\oral_109.jpeg,Cross-split leakage copy (original split: train vs allocated: Test)
E:\Mega project\MedvisionAi-\ML-Model\data\Train\Oral Cancer\NON CANCER 2\134.jpeg,134.jpeg,train,NON CANCER 2,NON CANCER,464926fb068cecc78cf7cc7b06229039,E:\Mega project\MedvisionAi-\ML-Model\cleaned_data\oral\Validation\NON CANCER\oral_118.jpeg,Cross-split leakage copy (original split: train vs allocated: Validation)
E:\Mega project\MedvisionAi-\ML-Model\data\Train\Oral Cancer\NON CANCER 2\136.jpeg,136.jpeg,train,NON CANCER 2,NON CANCER,4d7fe6344dd3cd57f1c085d774fe626e,E:\Mega project\MedvisionAi-\ML-Model\cleaned_data\oral\Test\NON CANCER\oral_4d7fe634_120.jpeg,Cross-split leakage copy (original split: train vs allocated: Test)
E:\Mega project\MedvisionAi-\ML-Model\data\Train\Oral Cancer\NON CANCER 2\139.jpeg,139.jpeg,train,NON CANCER 2,NON CANCER,f7448150ada39a245f767394913be827,E:\Mega project\MedvisionAi-\ML-Model\cleaned_data\oral\Test\NON CANCER\oral_123.jpeg,Cross-split leakage copy (original split: train vs allocated: Test)
E:\Mega project\MedvisionAi-\ML-Model\data\Train\Oral Cancer\NON CANCER 2\140.jpeg,140.jpeg,train,NON CANCER 2,NON CANCER,a02d230aa783d338c28d62763eca2e32,E:\Mega project\MedvisionAi-\ML-Model\cleaned_data\oral\Test\NON CANCER\oral_124.jpeg,Cross-split leakage copy (original split: train vs allocated: Test)
E:\Mega project\MedvisionAi-\ML-Model\data\Train\Oral Cancer\NON CANCER 2\148.jpeg,148.jpeg,train,NON CANCER 2,NON CANCER,7f19d8fc0be6fb2b2c996eb8f761b363,E:\Mega project\MedvisionAi-\ML-Model\cleaned_data\oral\Validation\NON CANCER\oral_132.jpeg,Cross-split leakage copy (original split: train vs allocated: Validation)
E:\Mega project\MedvisionAi-\ML-Model\data\Train\Oral Cancer\NON CANCER 2\153.jpeg,153.jpeg,train,NON CANCER 2,NON CANCER,d53aa30bee40d8364de72bf60be92e9b,E:\Mega project\MedvisionAi-\ML-Model\cleaned_data\oral\Validation\NON CANCER\oral_137.jpeg,Cross-split leakage copy (original split: train vs allocated: Validation)
E:\Mega project\MedvisionAi-\ML-Model\data\Train\Oral Cancer\NON CANCER 2\159.jpeg,159.jpeg,train,NON CANCER 2,NON CANCER,45cd2ed5c6a263ad01c0ca223b0ddae9,E:\Mega project\MedvisionAi-\ML-Model\cleaned_data\oral\Validation\NON CANCER\oral_143.jpeg,Cross-split leakage copy (original split: train vs allocated: Validation)
E:\Mega project\MedvisionAi-\ML-Model\data\Train\Oral Cancer\NON CANCER 2\178.jpeg,178.jpeg,train,NON CANCER 2,NON CANCER,c296df6812da57052bffa1077303663c,E:\Mega project\MedvisionAi-\ML-Model\cleaned_data\oral\Validation\NON CANCER\oral_162.jpeg,Cross-split leakage copy (original split: train vs allocated: Validation)
E:\Mega project\MedvisionAi-\ML-Model\data\Train\Oral Cancer\NON CANCER 2\184.jpeg,184.jpeg,train,NON CANCER 2,NON CANCER,919ef927a62ecf2a14888c63836cb584,E:\Mega project\MedvisionAi-\ML-Model\cleaned_data\oral\Validation\NON CANCER\oral_168.jpeg,Cross-split leakage copy (original split: train vs allocated: Validation)
E:\Mega project\MedvisionAi-\ML-Model\data\Train\Oral Cancer\NON CANCER 2\193.jpeg,193.jpeg,train,NON CANCER 2,NON CANCER,a6fade93ebd9018181049e3e3bf3873d,E:\Mega project\MedvisionAi-\ML-Model\cleaned_data\oral\Test\NON CANCER\oral_177.jpeg,Cross-split leakage copy (original split: train vs allocated: Test)
E:\Mega project\MedvisionAi-\ML-Model\data\Train\Oral Cancer\NON CANCER 2\206.jpeg,206.jpeg,train,NON CANCER 2,NON CANCER,f0af7e68ef32323465a76c0ca887dd9e,E:\Mega project\MedvisionAi-\ML-Model\cleaned_data\oral\Test\NON CANCER\oral_190.jpeg,Cross-split leakage copy (original split: train vs allocated: Test)
E:\Mega project\MedvisionAi-\ML-Model\data\Train\Oral Cancer\NON CANCER 2\210.jpeg,210.jpeg,train,NON CANCER 2,NON CANCER,58393367e11881c75bba7daa1fd9db5d,E:\Mega project\MedvisionAi-\ML-Model\cleaned_data\oral\Validation\NON CANCER\oral_194.jpeg,Cross-split leakage copy (original split: train vs allocated: Validation)
E:\Mega project\MedvisionAi-\ML-Model\data\Train\Oral Cancer\NON CANCER 2\218.jpeg,218.jpeg,train,NON CANCER 2,NON CANCER,a4f30c1afbb1242ba5473033b3f5c3cd,E:\Mega project\MedvisionAi-\ML-Model\cleaned_data\oral\Test\NON CANCER\oral_201.jpeg,Cross-split leakage copy (original split: train vs allocated: Test)
E:\Mega project\MedvisionAi-\ML-Model\data\Train\Oral Cancer\NON CANCER 2\220.jpeg,220.jpeg,train,NON CANCER 2,NON CANCER,ae86a3b3a402eca64b0e763202ccc9c0,E:\Mega project\MedvisionAi-\ML-Model\cleaned_data\oral\Test\NON CANCER\oral_ae86a3b3_203.jpeg,Cross-split leakage copy (original split: train vs allocated: Test)
E:\Mega project\MedvisionAi-\ML-Model\data\Train\Oral Cancer\NON CANCER 2\222.jpeg,222.jpeg,train,NON CANCER 2,NON CANCER,90b357dd13f7da5162b17f387a6aec8c,E:\Mega project\MedvisionAi-\ML-Model\cleaned_data\oral\Validation\NON CANCER\oral_205.jpeg,Cross-split leakage copy (original split: train vs allocated: Validation)
E:\Mega project\MedvisionAi-\ML-Model\data\Train\Oral Cancer\NON CANCER 2\226.jpeg,226.jpeg,train,NON CANCER 2,NON CANCER,982b8df8c7c0bd2b021e214288f38138,E:\Mega project\MedvisionAi-\ML-Model\cleaned_data\oral\Test\NON CANCER\oral_209.jpeg,Cross-split leakage copy (original split: train vs allocated: Test)
E:\Mega project\MedvisionAi-\ML-Model\data\Train\Oral Cancer\NON CANCER 2\242.jpeg,242.jpeg,train,NON CANCER 2,NON CANCER,1606b3d6fda84c0dcaaa169f6e06050f,E:\Mega project\MedvisionAi-\ML-Model\cleaned_data\oral\Test\NON CANCER\oral_226.jpeg,Cross-split leakage copy (original split: train vs allocated: Test)
E:\Mega project\MedvisionAi-\ML-Model\data\Train\Oral Cancer\NON CANCER 2\245.jpeg,245.jpeg,train,NON CANCER 2,NON CANCER,316ef7d3410ac12418adb120fe51bb18,E:\Mega project\MedvisionAi-\ML-Model\cleaned_data\oral\Test\NON CANCER\oral_229.jpeg,Cross-split leakage copy (original split: train vs allocated: Test)
E:\Mega project\MedvisionAi-\ML-Model\data\Validation\Oral Cancer\CANCER 1\034.jpeg,034.jpeg,validation,CANCER 1,CANCER,3d8918bddefc1b8f8c92575c264981f9,E:\Mega project\MedvisionAi-\ML-Model\cleaned_data\oral\Validation\CANCER\oral_026.jpeg,Intra-split duplicate copy in folder CANCER 1
E:\Mega project\MedvisionAi-\ML-Model\data\Validation\Oral Cancer\CANCER\195.jpeg,195.jpeg,validation,CANCER,CANCER,b4eb15be575d66247dcbcf04aa70711f,E:\Mega project\MedvisionAi-\ML-Model\cleaned_data\oral\Test\CANCER\oral_215.jpeg,Cross-split leakage copy (original split: validation vs allocated: Test)
E:\Mega project\MedvisionAi-\ML-Model\data\Validation\Oral Cancer\CANCER 1\225.jpeg,225.jpeg,validation,CANCER 1,CANCER,3705aa7623b636669fdc4a991bdb5d56,E:\Mega project\MedvisionAi-\ML-Model\cleaned_data\oral\Validation\CANCER\oral_205.jpeg,Intra-split duplicate copy in folder CANCER 1
E:\Mega project\MedvisionAi-\ML-Model\data\Validation\Oral Cancer\CANCER 1\234.jpeg,234.jpeg,validation,CANCER 1,CANCER,8ee34a500f731097a066d4815c77995f,E:\Mega project\MedvisionAi-\ML-Model\cleaned_data\oral\Validation\CANCER\oral_215.jpeg,Intra-split duplicate copy in folder CANCER 1
E:\Mega project\MedvisionAi-\ML-Model\data\Validation\Oral Cancer\CANCER\397.jpeg,397.jpeg,validation,CANCER,CANCER,990b5f61a82693e9cbe3c8487b7ae1c6,E:\Mega project\MedvisionAi-\ML-Model\cleaned_data\oral\Test\CANCER\oral_460.jpeg,Cross-split leakage copy (original split: validation vs allocated: Test)
E:\Mega project\MedvisionAi-\ML-Model\data\Validation\Oral Cancer\CANCER\398.jpeg,398.jpeg,validation,CANCER,CANCER,1eb48c25cc67535eb236e6ad77465df9,E:\Mega project\MedvisionAi-\ML-Model\cleaned_data\oral\Test\CANCER\oral_461.jpeg,Cross-split leakage copy (original split: validation vs allocated: Test)
E:\Mega project\MedvisionAi-\ML-Model\data\Validation\Oral Cancer\CANCER 1\194.jpeg,194.jpeg,validation,CANCER 1,CANCER,5e00a5d64ccd3e1eb55a929ff9d1de23,E:\Mega project\MedvisionAi-\ML-Model\cleaned_data\oral\Test\CANCER\oral_5e00a5d6_175.jpeg,Cross-split leakage copy (original split: validation vs allocated: Test)
E:\Mega project\MedvisionAi-\ML-Model\data\Validation\Oral Cancer\CANCER 1\230.jpeg,230.jpeg,validation,CANCER 1,CANCER,de67a7b594f07dc1a6c6ab823dbf5662,E:\Mega project\MedvisionAi-\ML-Model\cleaned_data\oral\Test\CANCER\oral_211.jpeg,Cross-split leakage copy (original split: validation vs allocated: Test)
E:\Mega project\MedvisionAi-\ML-Model\data\Validation\Oral Cancer\CANCER 1\457.jpeg,457.jpeg,validation,CANCER 1,CANCER,1e4ca3127cd9afcf6c2795fef6a85883,E:\Mega project\MedvisionAi-\ML-Model\cleaned_data\oral\Test\CANCER\oral_393.jpeg,Cross-split leakage copy (original split: validation vs allocated: Test)
E:\Mega project\MedvisionAi-\ML-Model\data\Validation\Oral Cancer\NON CANCER 2\058.jpeg,058.jpeg,validation,NON CANCER 2,NON CANCER,fdc98b41f52d2689d310c359e8c28733,E:\Mega project\MedvisionAi-\ML-Model\cleaned_data\oral\Validation\NON CANCER\oral_044.jpeg,Intra-split duplicate copy in folder NON CANCER 2
E:\Mega project\MedvisionAi-\ML-Model\data\Validation\Oral Cancer\NON CANCER\052.jpeg,052.jpeg,validation,NON CANCER,NON CANCER,2275b2d33eedbd66beffc1c0271fb6e3,E:\Mega project\MedvisionAi-\ML-Model\cleaned_data\oral\Test\NON CANCER\oral_066.jpeg,Cross-split leakage copy (original split: validation vs allocated: Test)
E:\Mega project\MedvisionAi-\ML-Model\data\Validation\Oral Cancer\NON CANCER\189.jpeg,189.jpeg,validation,NON CANCER,NON CANCER,6a084792c46d0dfd56e6e4b4e7ddac4d,E:\Mega project\MedvisionAi-\ML-Model\cleaned_data\oral\Test\NON CANCER\oral_205.jpeg,Cross-split leakage copy (original split: validation vs allocated: Test)
E:\Mega project\MedvisionAi-\ML-Model\data\Validation\Oral Cancer\NON CANCER 2\237.jpeg,237.jpeg,validation,NON CANCER 2,NON CANCER,d030aeb30121bd903cc80c7a8d4ea571,E:\Mega project\MedvisionAi-\ML-Model\cleaned_data\oral\Validation\NON CANCER\oral_221.jpeg,Intra-split duplicate copy in folder NON CANCER 2
E:\Mega project\MedvisionAi-\ML-Model\data\Validation\Oral Cancer\NON CANCER\222.jpeg,222.jpeg,validation,NON CANCER,NON CANCER,1ed6fbb2efa783b5dd3b3a1eb823f637,E:\Mega project\MedvisionAi-\ML-Model\cleaned_data\oral\Test\NON CANCER\oral_238.jpeg,Cross-split leakage copy (original split: validation vs allocated: Test)
E:\Mega project\MedvisionAi-\ML-Model\data\Validation\Oral Cancer\NON CANCER 2\250.jpeg,250.jpeg,validation,NON CANCER 2,NON CANCER,232af8077a63a27ebd4db23cbe90f477,E:\Mega project\MedvisionAi-\ML-Model\cleaned_data\oral\Validation\NON CANCER\oral_233.jpeg,Intra-split duplicate copy in folder NON CANCER 2
E:\Mega project\MedvisionAi-\ML-Model\data\Validation\Oral Cancer\NON CANCER 2\046.jpeg,046.jpeg,validation,NON CANCER 2,NON CANCER,4daf960ba39a2932bad3a1e70c78d967,E:\Mega project\MedvisionAi-\ML-Model\cleaned_data\oral\Test\NON CANCER\oral_033.jpeg,Cross-split leakage copy (original split: validation vs allocated: Test)
E:\Mega project\MedvisionAi-\ML-Model\data\Test\Oral Cancer\CANCER 1\053.jpeg,053.jpeg,test,CANCER 1,CANCER,dfe2c25f2a7149f705132cd172be523a,E:\Mega project\MedvisionAi-\ML-Model\cleaned_data\oral\Test\CANCER\oral_041.jpeg,Intra-split duplicate copy in folder CANCER 1
E:\Mega project\MedvisionAi-\ML-Model\data\Test\Oral Cancer\CANCER 1\111.jpeg,111.jpeg,test,CANCER 1,CANCER,9226b2277b05ddad5bfe903b98257243,E:\Mega project\MedvisionAi-\ML-Model\cleaned_data\oral\Test\CANCER\oral_093.jpeg,Intra-split duplicate copy in folder CANCER 1
E:\Mega project\MedvisionAi-\ML-Model\data\Test\Oral Cancer\CANCER 1\172.jpeg,172.jpeg,test,CANCER 1,CANCER,bc19d01f29016fd004b5bee27edf4d68,E:\Mega project\MedvisionAi-\ML-Model\cleaned_data\oral\Test\CANCER\oral_bc19d01f_152.jpeg,Intra-split duplicate copy in folder CANCER 1
E:\Mega project\MedvisionAi-\ML-Model\data\Test\Oral Cancer\CANCER 1\307.jpeg,307.jpeg,test,CANCER 1,CANCER,7cce1f3abacb42616edf114d9efd832d,E:\Mega project\MedvisionAi-\ML-Model\cleaned_data\oral\Test\CANCER\oral_278.jpeg,Intra-split duplicate copy in folder CANCER 1
E:\Mega project\MedvisionAi-\ML-Model\data\Test\Oral Cancer\NON CANCER 2\133.jpeg,133.jpeg,test,NON CANCER 2,NON CANCER,21f1154e877d4ec9407d8d4af1dcaf22,E:\Mega project\MedvisionAi-\ML-Model\cleaned_data\oral\Test\NON CANCER\oral_117.jpeg,Intra-split duplicate copy in folder NON CANCER 2
E:\Mega project\MedvisionAi-\ML-Model\data\Test\Oral Cancer\NON CANCER 2\204.jpeg,204.jpeg,test,NON CANCER 2,NON CANCER,94cd3e8dffa02845c810ce6ffe5ae62c,E:\Mega project\MedvisionAi-\ML-Model\cleaned_data\oral\Test\NON CANCER\oral_188.jpeg,Intra-split duplicate copy in folder NON CANCER 2
E:\Mega project\MedvisionAi-\ML-Model\data\Test\Oral Cancer\NON CANCER 2\225.jpeg,225.jpeg,test,NON CANCER 2,NON CANCER,3b1ba312b7c4f4b378a0a3b7dcc646c4,E:\Mega project\MedvisionAi-\ML-Model\cleaned_data\oral\Test\NON CANCER\oral_208.jpeg,Intra-split duplicate copy in folder NON CANCER 2
