dataset,split,class,filename,filepath,width,height,mode,aspect_ratio,pixel_std,issues
skin,train,Actinic Keratosis,PAT_1013_82_876.png,E:\Mega project\MedvisionAi-\ML-Model\data\Train\FYP skin disease Dataset\Actinic Keratosis\PAT_1013_82_876.png,300,300,RGBA,1.0,21.62,Non-RGB mode (RGBA)
skin,train,Actinic Keratosis,PAT_1014_86_861.png,E:\Mega project\MedvisionAi-\ML-Model\data\Train\FYP skin disease Dataset\Actinic Keratosis\PAT_1014_86_861.png,300,300,RGBA,1.0,20.42,Non-RGB mode (RGBA)
skin,train,Actinic Keratosis,PAT_1019_110_194.png,E:\Mega project\MedvisionAi-\ML-Model\data\Train\FYP skin disease Dataset\Actinic Keratosis\PAT_1019_110_194.png,300,300,RGBA,1.0,26.15,Non-RGB mode (RGBA)
skin,train,Actinic Keratosis,PAT_1020_111_593.png,E:\Mega project\MedvisionAi-\ML-Model\data\Train\FYP skin disease Dataset\Actinic Keratosis\PAT_1020_111_593.png,300,300,RGBA,1.0,18.35,Non-RGB mode (RGBA)
skin,train,Actinic Keratosis,PAT_1021_112_40.png,E:\Mega project\MedvisionAi-\ML-Model\data\Train\FYP skin disease Dataset\Actinic Keratosis\PAT_1021_112_40.png,300,300,RGBA,1.0,21.06,Non-RGB mode (RGBA)
skin,train,Actinic Keratosis,PAT_1022_115_132.png,E:\Mega project\MedvisionAi-\ML-Model\data\Train\FYP skin disease Dataset\Actinic Keratosis\PAT_1022_115_132.png,300,300,RGBA,1.0,28.31,Non-RGB mode (RGBA)
skin,train,Actinic Keratosis,PAT_1026_124_206.png,E:\Mega project\MedvisionAi-\ML-Model\data\Train\FYP skin disease Dataset\Actinic Keratosis\PAT_1026_124_206.png,300,300,RGBA,1.0,30.64,Non-RGB mode (RGBA)
skin,train,Actinic Keratosis,PAT_1027_128_854.png,E:\Mega project\MedvisionAi-\ML-Model\data\Train\FYP skin disease Dataset\Actinic Keratosis\PAT_1027_128_854.png,300,300,RGBA,1.0,19.5,Non-RGB mode (RGBA)
skin,train,Actinic Keratosis,PAT_1029_135_239.png,E:\Mega project\MedvisionAi-\ML-Model\data\Train\FYP skin disease Dataset\Actinic Keratosis\PAT_1029_135_239.png,300,300,RGBA,1.0,30.02,Non-RGB mode (RGBA)
skin,train,Actinic Keratosis,PAT_1029_135_983.png,E:\Mega project\MedvisionAi-\ML-Model\data\Train\FYP skin disease Dataset\Actinic Keratosis\PAT_1029_135_983.png,300,300,RGBA,1.0,13.92,Non-RGB mode (RGBA)
skin,train,Actinic Keratosis,PAT_1034_160_819.png,E:\Mega project\MedvisionAi-\ML-Model\data\Train\FYP skin disease Dataset\Actinic Keratosis\PAT_1034_160_819.png,300,300,RGBA,1.0,25.54,Non-RGB mode (RGBA)
skin,train,Actinic Keratosis,PAT_1051_220_356.png,E:\Mega project\MedvisionAi-\ML-Model\data\Train\FYP skin disease Dataset\Actinic Keratosis\PAT_1051_220_356.png,300,300,RGBA,1.0,20.46,Non-RGB mode (RGBA)
skin,train,Actinic Keratosis,PAT_1063_270_593.png,E:\Mega project\MedvisionAi-\ML-Model\data\Train\FYP skin disease Dataset\Actinic Keratosis\PAT_1063_270_593.png,300,300,RGBA,1.0,12.47,Non-RGB mode (RGBA)
skin,train,Actinic Keratosis,PAT_1065_275_136.png,E:\Mega project\MedvisionAi-\ML-Model\data\Train\FYP skin disease Dataset\Actinic Keratosis\PAT_1065_275_136.png,300,300,RGBA,1.0,41.91,Non-RGB mode (RGBA)
skin,train,Actinic Keratosis,PAT_1065_276_231.png,E:\Mega project\MedvisionAi-\ML-Model\data\Train\FYP skin disease Dataset\Actinic Keratosis\PAT_1065_276_231.png,300,300,RGBA,1.0,29.27,Non-RGB mode (RGBA)
skin,train,Actinic Keratosis,PAT_1066_281_698.png,E:\Mega project\MedvisionAi-\ML-Model\data\Train\FYP skin disease Dataset\Actinic Keratosis\PAT_1066_281_698.png,300,300,RGBA,1.0,43.29,Non-RGB mode (RGBA)
skin,train,Actinic Keratosis,PAT_1067_284_533.png,E:\Mega project\MedvisionAi-\ML-Model\data\Train\FYP skin disease Dataset\Actinic Keratosis\PAT_1067_284_533.png,300,300,RGBA,1.0,17.8,Non-RGB mode (RGBA)
skin,train,Actinic Keratosis,PAT_1070_305_907.png,E:\Mega project\MedvisionAi-\ML-Model\data\Train\FYP skin disease Dataset\Actinic Keratosis\PAT_1070_305_907.png,300,300,RGBA,1.0,21.57,Non-RGB mode (RGBA)
skin,train,Actinic Keratosis,PAT_1071_314_500.png,E:\Mega project\MedvisionAi-\ML-Model\data\Train\FYP skin disease Dataset\Actinic Keratosis\PAT_1071_314_500.png,300,300,RGBA,1.0,18.85,Non-RGB mode (RGBA)
skin,train,Actinic Keratosis,PAT_1092_378_922.png,E:\Mega project\MedvisionAi-\ML-Model\data\Train\FYP skin disease Dataset\Actinic Keratosis\PAT_1092_378_922.png,300,300,RGBA,1.0,31.59,Non-RGB mode (RGBA)
skin,train,Actinic Keratosis,PAT_1093_379_273.png,E:\Mega project\MedvisionAi-\ML-Model\data\Train\FYP skin disease Dataset\Actinic Keratosis\PAT_1093_379_273.png,300,300,RGBA,1.0,39.8,Non-RGB mode (RGBA)
skin,train,Actinic Keratosis,PAT_1102_408_613.png,E:\Mega project\MedvisionAi-\ML-Model\data\Train\FYP skin disease Dataset\Actinic Keratosis\PAT_1102_408_613.png,300,300,RGBA,1.0,23.96,Non-RGB mode (RGBA)
skin,train,Actinic Keratosis,PAT_1112_455_845.png,E:\Mega project\MedvisionAi-\ML-Model\data\Train\FYP skin disease Dataset\Actinic Keratosis\PAT_1112_455_845.png,300,300,RGBA,1.0,12.16,Non-RGB mode (RGBA)
skin,train,Actinic Keratosis,PAT_1139_523_682.png,E:\Mega project\MedvisionAi-\ML-Model\data\Train\FYP skin disease Dataset\Actinic Keratosis\PAT_1139_523_682.png,300,300,RGBA,1.0,22.63,Non-RGB mode (RGBA)
skin,train,Actinic Keratosis,PAT_1209_737_590.png,E:\Mega project\MedvisionAi-\ML-Model\data\Train\FYP skin disease Dataset\Actinic Keratosis\PAT_1209_737_590.png,300,300,RGBA,1.0,19.09,Non-RGB mode (RGBA)
skin,train,Actinic Keratosis,PAT_1246_846_899.png,E:\Mega project\MedvisionAi-\ML-Model\data\Train\FYP skin disease Dataset\Actinic Keratosis\PAT_1246_846_899.png,300,300,RGBA,1.0,8.66,Non-RGB mode (RGBA)
skin,train,Actinic Keratosis,PAT_1259_892_793.png,E:\Mega project\MedvisionAi-\ML-Model\data\Train\FYP skin disease Dataset\Actinic Keratosis\PAT_1259_892_793.png,300,300,RGBA,1.0,20.5,Non-RGB mode (RGBA)
skin,train,Actinic Keratosis,PAT_126_190_376.png,E:\Mega project\MedvisionAi-\ML-Model\data\Train\FYP skin disease Dataset\Actinic Keratosis\PAT_126_190_376.png,300,300,RGBA,1.0,15.27,Non-RGB mode (RGBA)
skin,train,Actinic Keratosis,PAT_126_192_208.png,E:\Mega project\MedvisionAi-\ML-Model\data\Train\FYP skin disease Dataset\Actinic Keratosis\PAT_126_192_208.png,300,300,RGBA,1.0,13.96,Non-RGB mode (RGBA)
skin,train,Actinic Keratosis,PAT_1275_955_131.png,E:\Mega project\MedvisionAi-\ML-Model\data\Train\FYP skin disease Dataset\Actinic Keratosis\PAT_1275_955_131.png,300,300,RGBA,1.0,16.88,Non-RGB mode (RGBA)
skin,train,Actinic Keratosis,PAT_1277_964_152.png,E:\Mega project\MedvisionAi-\ML-Model\data\Train\FYP skin disease Dataset\Actinic Keratosis\PAT_1277_964_152.png,300,300,RGBA,1.0,11.57,Non-RGB mode (RGBA)
skin,train,Actinic Keratosis,PAT_1299_1055_591.png,E:\Mega project\MedvisionAi-\ML-Model\data\Train\FYP skin disease Dataset\Actinic Keratosis\PAT_1299_1055_591.png,300,300,RGBA,1.0,21.56,Non-RGB mode (RGBA)
skin,train,Actinic Keratosis,PAT_1431_1495_931.png,E:\Mega project\MedvisionAi-\ML-Model\data\Train\FYP skin disease Dataset\Actinic Keratosis\PAT_1431_1495_931.png,300,300,RGBA,1.0,21.01,Non-RGB mode (RGBA)
skin,train,Actinic Keratosis,PAT_1464_1612_284.png,E:\Mega project\MedvisionAi-\ML-Model\data\Train\FYP skin disease Dataset\Actinic Keratosis\PAT_1464_1612_284.png,300,300,RGBA,1.0,21.91,Non-RGB mode (RGBA)
skin,train,Actinic Keratosis,PAT_1468_1622_219.png,E:\Mega project\MedvisionAi-\ML-Model\data\Train\FYP skin disease Dataset\Actinic Keratosis\PAT_1468_1622_219.png,300,300,RGBA,1.0,37.0,Non-RGB mode (RGBA)
skin,train,Actinic Keratosis,PAT_1469_1627_109.png,E:\Mega project\MedvisionAi-\ML-Model\data\Train\FYP skin disease Dataset\Actinic Keratosis\PAT_1469_1627_109.png,300,300,RGBA,1.0,10.32,Non-RGB mode (RGBA)
skin,train,Actinic Keratosis,PAT_1472_1639_87.png,E:\Mega project\MedvisionAi-\ML-Model\data\Train\FYP skin disease Dataset\Actinic Keratosis\PAT_1472_1639_87.png,300,300,RGBA,1.0,18.48,Non-RGB mode (RGBA)
skin,train,Actinic Keratosis,PAT_148_220_174.png,E:\Mega project\MedvisionAi-\ML-Model\data\Train\FYP skin disease Dataset\Actinic Keratosis\PAT_148_220_174.png,300,300,RGBA,1.0,34.99,Non-RGB mode (RGBA)
skin,train,Actinic Keratosis,PAT_1491_1703_637.png,E:\Mega project\MedvisionAi-\ML-Model\data\Train\FYP skin disease Dataset\Actinic Keratosis\PAT_1491_1703_637.png,300,300,RGBA,1.0,20.85,Non-RGB mode (RGBA)
skin,train,Actinic Keratosis,PAT_1506_1735_733.png,E:\Mega project\MedvisionAi-\ML-Model\data\Train\FYP skin disease Dataset\Actinic Keratosis\PAT_1506_1735_733.png,300,300,RGBA,1.0,31.12,Non-RGB mode (RGBA)
skin,train,Actinic Keratosis,PAT_1538_1830_693.png,E:\Mega project\MedvisionAi-\ML-Model\data\Train\FYP skin disease Dataset\Actinic Keratosis\PAT_1538_1830_693.png,300,300,RGBA,1.0,23.86,Non-RGB mode (RGBA)
skin,train,Actinic Keratosis,PAT_155_238_413.png,E:\Mega project\MedvisionAi-\ML-Model\data\Train\FYP skin disease Dataset\Actinic Keratosis\PAT_155_238_413.png,300,300,RGBA,1.0,52.97,Non-RGB mode (RGBA)
skin,train,Actinic Keratosis,PAT_1593_2651_122.png,E:\Mega project\MedvisionAi-\ML-Model\data\Train\FYP skin disease Dataset\Actinic Keratosis\PAT_1593_2651_122.png,300,300,RGBA,1.0,43.68,Non-RGB mode (RGBA)
skin,train,Actinic Keratosis,PAT_1596_2664_323.png,E:\Mega project\MedvisionAi-\ML-Model\data\Train\FYP skin disease Dataset\Actinic Keratosis\PAT_1596_2664_323.png,300,300,RGBA,1.0,13.26,Non-RGB mode (RGBA)
skin,train,Actinic Keratosis,PAT_1608_2720_196.png,E:\Mega project\MedvisionAi-\ML-Model\data\Train\FYP skin disease Dataset\Actinic Keratosis\PAT_1608_2720_196.png,300,300,RGBA,1.0,33.37,Non-RGB mode (RGBA)
skin,train,Actinic Keratosis,PAT_163_254_719.png,E:\Mega project\MedvisionAi-\ML-Model\data\Train\FYP skin disease Dataset\Actinic Keratosis\PAT_163_254_719.png,300,300,RGBA,1.0,10.79,Non-RGB mode (RGBA)
skin,train,Actinic Keratosis,PAT_1688_3066_491.png,E:\Mega project\MedvisionAi-\ML-Model\data\Train\FYP skin disease Dataset\Actinic Keratosis\PAT_1688_3066_491.png,300,300,RGBA,1.0,16.43,Non-RGB mode (RGBA)
skin,train,Actinic Keratosis,PAT_1704_3142_702.png,E:\Mega project\MedvisionAi-\ML-Model\data\Train\FYP skin disease Dataset\Actinic Keratosis\PAT_1704_3142_702.png,300,300,RGBA,1.0,17.77,Non-RGB mode (RGBA)
skin,train,Actinic Keratosis,PAT_1705_3143_139.png,E:\Mega project\MedvisionAi-\ML-Model\data\Train\FYP skin disease Dataset\Actinic Keratosis\PAT_1705_3143_139.png,300,300,RGBA,1.0,28.67,Non-RGB mode (RGBA)
skin,train,Actinic Keratosis,PAT_1706_3144_891.png,E:\Mega project\MedvisionAi-\ML-Model\data\Train\FYP skin disease Dataset\Actinic Keratosis\PAT_1706_3144_891.png,300,300,RGBA,1.0,18.45,Non-RGB mode (RGBA)
skin,train,Actinic Keratosis,PAT_1712_3175_600.png,E:\Mega project\MedvisionAi-\ML-Model\data\Train\FYP skin disease Dataset\Actinic Keratosis\PAT_1712_3175_600.png,300,300,RGBA,1.0,12.21,Non-RGB mode (RGBA)
skin,train,Actinic Keratosis,PAT_1725_3222_943.png,E:\Mega project\MedvisionAi-\ML-Model\data\Train\FYP skin disease Dataset\Actinic Keratosis\PAT_1725_3222_943.png,300,300,RGBA,1.0,21.44,Non-RGB mode (RGBA)
skin,train,Actinic Keratosis,PAT_1727_3233_399.png,E:\Mega project\MedvisionAi-\ML-Model\data\Train\FYP skin disease Dataset\Actinic Keratosis\PAT_1727_3233_399.png,300,300,RGBA,1.0,31.36,Non-RGB mode (RGBA)
skin,train,Actinic Keratosis,PAT_1729_3235_909.png,E:\Mega project\MedvisionAi-\ML-Model\data\Train\FYP skin disease Dataset\Actinic Keratosis\PAT_1729_3235_909.png,300,300,RGBA,1.0,15.56,Non-RGB mode (RGBA)
skin,train,Actinic Keratosis,PAT_1738_3260_304.png,E:\Mega project\MedvisionAi-\ML-Model\data\Train\FYP skin disease Dataset\Actinic Keratosis\PAT_1738_3260_304.png,300,300,RGBA,1.0,28.37,Non-RGB mode (RGBA)
skin,train,Actinic Keratosis,PAT_1739_3261_325.png,E:\Mega project\MedvisionAi-\ML-Model\data\Train\FYP skin disease Dataset\Actinic Keratosis\PAT_1739_3261_325.png,300,300,RGBA,1.0,30.72,Non-RGB mode (RGBA)
skin,train,Actinic Keratosis,PAT_1749_3288_409.png,E:\Mega project\MedvisionAi-\ML-Model\data\Train\FYP skin disease Dataset\Actinic Keratosis\PAT_1749_3288_409.png,300,300,RGBA,1.0,24.51,Non-RGB mode (RGBA)
skin,train,Actinic Keratosis,PAT_1757_3316_304.png,E:\Mega project\MedvisionAi-\ML-Model\data\Train\FYP skin disease Dataset\Actinic Keratosis\PAT_1757_3316_304.png,300,300,RGBA,1.0,34.0,Non-RGB mode (RGBA)
skin,train,Actinic Keratosis,PAT_1760_3326_525.png,E:\Mega project\MedvisionAi-\ML-Model\data\Train\FYP skin disease Dataset\Actinic Keratosis\PAT_1760_3326_525.png,300,300,RGBA,1.0,13.99,Non-RGB mode (RGBA)
skin,train,Actinic Keratosis,PAT_1762_3332_245.png,E:\Mega project\MedvisionAi-\ML-Model\data\Train\FYP skin disease Dataset\Actinic Keratosis\PAT_1762_3332_245.png,300,300,RGBA,1.0,20.43,Non-RGB mode (RGBA)
skin,train,Actinic Keratosis,PAT_1767_3340_959.png,E:\Mega project\MedvisionAi-\ML-Model\data\Train\FYP skin disease Dataset\Actinic Keratosis\PAT_1767_3340_959.png,300,300,RGBA,1.0,33.52,Non-RGB mode (RGBA)
skin,train,Actinic Keratosis,PAT_1769_3342_63.png,E:\Mega project\MedvisionAi-\ML-Model\data\Train\FYP skin disease Dataset\Actinic Keratosis\PAT_1769_3342_63.png,300,300,RGBA,1.0,51.97,Non-RGB mode (RGBA)
skin,train,Actinic Keratosis,PAT_176_273_423.png,E:\Mega project\MedvisionAi-\ML-Model\data\Train\FYP skin disease Dataset\Actinic Keratosis\PAT_176_273_423.png,300,300,RGBA,1.0,24.25,Non-RGB mode (RGBA)
skin,train,Actinic Keratosis,PAT_1774_3352_474.png,E:\Mega project\MedvisionAi-\ML-Model\data\Train\FYP skin disease Dataset\Actinic Keratosis\PAT_1774_3352_474.png,300,300,RGBA,1.0,8.77,Non-RGB mode (RGBA)
skin,train,Actinic Keratosis,PAT_1786_3419_768.png,E:\Mega project\MedvisionAi-\ML-Model\data\Train\FYP skin disease Dataset\Actinic Keratosis\PAT_1786_3419_768.png,300,300,RGBA,1.0,43.06,Non-RGB mode (RGBA)
skin,train,Actinic Keratosis,PAT_1790_3427_355.png,E:\Mega project\MedvisionAi-\ML-Model\data\Train\FYP skin disease Dataset\Actinic Keratosis\PAT_1790_3427_355.png,300,300,RGBA,1.0,20.09,Non-RGB mode (RGBA)
skin,train,Actinic Keratosis,PAT_1794_3435_711.png,E:\Mega project\MedvisionAi-\ML-Model\data\Train\FYP skin disease Dataset\Actinic Keratosis\PAT_1794_3435_711.png,300,300,RGBA,1.0,13.39,Non-RGB mode (RGBA)
skin,train,Actinic Keratosis,PAT_1799_3457_209.png,E:\Mega project\MedvisionAi-\ML-Model\data\Train\FYP skin disease Dataset\Actinic Keratosis\PAT_1799_3457_209.png,300,300,RGBA,1.0,14.17,Non-RGB mode (RGBA)
skin,train,Actinic Keratosis,PAT_1804_3469_628.png,E:\Mega project\MedvisionAi-\ML-Model\data\Train\FYP skin disease Dataset\Actinic Keratosis\PAT_1804_3469_628.png,300,300,RGBA,1.0,7.64,Non-RGB mode (RGBA)
skin,train,Actinic Keratosis,PAT_1807_3481_801.png,E:\Mega project\MedvisionAi-\ML-Model\data\Train\FYP skin disease Dataset\Actinic Keratosis\PAT_1807_3481_801.png,300,300,RGBA,1.0,10.51,Non-RGB mode (RGBA)
skin,train,Actinic Keratosis,PAT_1814_3564_609.png,E:\Mega project\MedvisionAi-\ML-Model\data\Train\FYP skin disease Dataset\Actinic Keratosis\PAT_1814_3564_609.png,300,300,RGBA,1.0,15.72,Non-RGB mode (RGBA)
skin,train,Actinic Keratosis,PAT_1818_3570_577.png,E:\Mega project\MedvisionAi-\ML-Model\data\Train\FYP skin disease Dataset\Actinic Keratosis\PAT_1818_3570_577.png,300,300,RGBA,1.0,23.39,Non-RGB mode (RGBA)
skin,train,Actinic Keratosis,PAT_181_833_109.png,E:\Mega project\MedvisionAi-\ML-Model\data\Train\FYP skin disease Dataset\Actinic Keratosis\PAT_181_833_109.png,300,300,RGBA,1.0,15.28,Non-RGB mode (RGBA)
skin,train,Actinic Keratosis,PAT_1822_3576_145.png,E:\Mega project\MedvisionAi-\ML-Model\data\Train\FYP skin disease Dataset\Actinic Keratosis\PAT_1822_3576_145.png,300,300,RGBA,1.0,15.49,Non-RGB mode (RGBA)
skin,train,Actinic Keratosis,PAT_1840_3612_959.png,E:\Mega project\MedvisionAi-\ML-Model\data\Train\FYP skin disease Dataset\Actinic Keratosis\PAT_1840_3612_959.png,300,300,RGBA,1.0,8.1,Non-RGB mode (RGBA)
skin,train,Actinic Keratosis,PAT_1854_3637_323.png,E:\Mega project\MedvisionAi-\ML-Model\data\Train\FYP skin disease Dataset\Actinic Keratosis\PAT_1854_3637_323.png,300,300,RGBA,1.0,23.0,Non-RGB mode (RGBA)
skin,train,Actinic Keratosis,PAT_1855_3641_327.png,E:\Mega project\MedvisionAi-\ML-Model\data\Train\FYP skin disease Dataset\Actinic Keratosis\PAT_1855_3641_327.png,300,300,RGBA,1.0,16.41,Non-RGB mode (RGBA)
skin,train,Actinic Keratosis,PAT_1866_3660_115.png,E:\Mega project\MedvisionAi-\ML-Model\data\Train\FYP skin disease Dataset\Actinic Keratosis\PAT_1866_3660_115.png,300,300,RGBA,1.0,14.0,Non-RGB mode (RGBA)
skin,train,Actinic Keratosis,PAT_1869_3663_335.png,E:\Mega project\MedvisionAi-\ML-Model\data\Train\FYP skin disease Dataset\Actinic Keratosis\PAT_1869_3663_335.png,300,300,RGBA,1.0,20.76,Non-RGB mode (RGBA)
skin,train,Actinic Keratosis,PAT_186_286_109.png,E:\Mega project\MedvisionAi-\ML-Model\data\Train\FYP skin disease Dataset\Actinic Keratosis\PAT_186_286_109.png,300,300,RGBA,1.0,17.78,Non-RGB mode (RGBA)
skin,train,Actinic Keratosis,PAT_1875_3689_646.png,E:\Mega project\MedvisionAi-\ML-Model\data\Train\FYP skin disease Dataset\Actinic Keratosis\PAT_1875_3689_646.png,300,300,RGBA,1.0,17.34,Non-RGB mode (RGBA)
skin,train,Actinic Keratosis,PAT_1892_3760_713.png,E:\Mega project\MedvisionAi-\ML-Model\data\Train\FYP skin disease Dataset\Actinic Keratosis\PAT_1892_3760_713.png,300,300,RGBA,1.0,19.41,Non-RGB mode (RGBA)
skin,train,Actinic Keratosis,PAT_1899_3779_475.png,E:\Mega project\MedvisionAi-\ML-Model\data\Train\FYP skin disease Dataset\Actinic Keratosis\PAT_1899_3779_475.png,300,300,RGBA,1.0,13.21,Non-RGB mode (RGBA)
skin,train,Actinic Keratosis,PAT_1906_3798_588.png,E:\Mega project\MedvisionAi-\ML-Model\data\Train\FYP skin disease Dataset\Actinic Keratosis\PAT_1906_3798_588.png,300,300,RGBA,1.0,13.65,Non-RGB mode (RGBA)
skin,train,Actinic Keratosis,PAT_1913_3815_367.png,E:\Mega project\MedvisionAi-\ML-Model\data\Train\FYP skin disease Dataset\Actinic Keratosis\PAT_1913_3815_367.png,300,300,RGBA,1.0,14.74,Non-RGB mode (RGBA)
skin,train,Actinic Keratosis,PAT_1913_3816_335.png,E:\Mega project\MedvisionAi-\ML-Model\data\Train\FYP skin disease Dataset\Actinic Keratosis\PAT_1913_3816_335.png,300,300,RGBA,1.0,18.55,Non-RGB mode (RGBA)
skin,train,Actinic Keratosis,PAT_1913_3818_991.png,E:\Mega project\MedvisionAi-\ML-Model\data\Train\FYP skin disease Dataset\Actinic Keratosis\PAT_1913_3818_991.png,300,300,RGBA,1.0,10.27,Non-RGB mode (RGBA)
skin,train,Actinic Keratosis,PAT_1918_3837_15.png,E:\Mega project\MedvisionAi-\ML-Model\data\Train\FYP skin disease Dataset\Actinic Keratosis\PAT_1918_3837_15.png,300,300,RGBA,1.0,12.33,Non-RGB mode (RGBA)
skin,train,Actinic Keratosis,PAT_1937_3897_131.png,E:\Mega project\MedvisionAi-\ML-Model\data\Train\FYP skin disease Dataset\Actinic Keratosis\PAT_1937_3897_131.png,300,300,RGBA,1.0,26.95,Non-RGB mode (RGBA)
skin,train,Actinic Keratosis,PAT_1950_3932_655.png,E:\Mega project\MedvisionAi-\ML-Model\data\Train\FYP skin disease Dataset\Actinic Keratosis\PAT_1950_3932_655.png,300,300,RGBA,1.0,18.16,Non-RGB mode (RGBA)
skin,train,Actinic Keratosis,PAT_1951_3934_98.png,E:\Mega project\MedvisionAi-\ML-Model\data\Train\FYP skin disease Dataset\Actinic Keratosis\PAT_1951_3934_98.png,300,300,RGBA,1.0,28.77,Non-RGB mode (RGBA)
skin,train,Actinic Keratosis,PAT_1955_3946_319.png,E:\Mega project\MedvisionAi-\ML-Model\data\Train\FYP skin disease Dataset\Actinic Keratosis\PAT_1955_3946_319.png,300,300,RGBA,1.0,41.24,Non-RGB mode (RGBA)
skin,train,Actinic Keratosis,PAT_1955_3947_778.png,E:\Mega project\MedvisionAi-\ML-Model\data\Train\FYP skin disease Dataset\Actinic Keratosis\PAT_1955_3947_778.png,300,300,RGBA,1.0,30.83,Non-RGB mode (RGBA)
skin,train,Actinic Keratosis,PAT_1967_3976_736.png,E:\Mega project\MedvisionAi-\ML-Model\data\Train\FYP skin disease Dataset\Actinic Keratosis\PAT_1967_3976_736.png,300,300,RGBA,1.0,29.72,Non-RGB mode (RGBA)
skin,train,Actinic Keratosis,PAT_1969_3980_995.png,E:\Mega project\MedvisionAi-\ML-Model\data\Train\FYP skin disease Dataset\Actinic Keratosis\PAT_1969_3980_995.png,300,300,RGBA,1.0,16.81,Non-RGB mode (RGBA)
skin,train,Actinic Keratosis,PAT_1976_4000_701.png,E:\Mega project\MedvisionAi-\ML-Model\data\Train\FYP skin disease Dataset\Actinic Keratosis\PAT_1976_4000_701.png,300,300,RGBA,1.0,37.61,Non-RGB mode (RGBA)
skin,train,Actinic Keratosis,PAT_1983_4032_502.png,E:\Mega project\MedvisionAi-\ML-Model\data\Train\FYP skin disease Dataset\Actinic Keratosis\PAT_1983_4032_502.png,300,300,RGBA,1.0,22.44,Non-RGB mode (RGBA)
skin,train,Actinic Keratosis,PAT_1989_4061_934.png,E:\Mega project\MedvisionAi-\ML-Model\data\Train\FYP skin disease Dataset\Actinic Keratosis\PAT_1989_4061_934.png,300,300,RGBA,1.0,24.91,Non-RGB mode (RGBA)
skin,train,Actinic Keratosis,PAT_1993_4076_174.png,E:\Mega project\MedvisionAi-\ML-Model\data\Train\FYP skin disease Dataset\Actinic Keratosis\PAT_1993_4076_174.png,300,300,RGBA,1.0,26.28,Non-RGB mode (RGBA)
skin,train,Actinic Keratosis,PAT_1993_4077_139.png,E:\Mega project\MedvisionAi-\ML-Model\data\Train\FYP skin disease Dataset\Actinic Keratosis\PAT_1993_4077_139.png,300,300,RGBA,1.0,22.61,Non-RGB mode (RGBA)
skin,train,Actinic Keratosis,PAT_1995_4080_695.png,E:\Mega project\MedvisionAi-\ML-Model\data\Train\FYP skin disease Dataset\Actinic Keratosis\PAT_1995_4080_695.png,300,300,RGBA,1.0,55.0,Non-RGB mode (RGBA)
skin,train,Actinic Keratosis,PAT_1998_4095_438.png,E:\Mega project\MedvisionAi-\ML-Model\data\Train\FYP skin disease Dataset\Actinic Keratosis\PAT_1998_4095_438.png,300,300,RGBA,1.0,14.62,Non-RGB mode (RGBA)
skin,train,Actinic Keratosis,PAT_2008_4126_489.png,E:\Mega project\MedvisionAi-\ML-Model\data\Train\FYP skin disease Dataset\Actinic Keratosis\PAT_2008_4126_489.png,300,300,RGBA,1.0,32.36,Non-RGB mode (RGBA)
skin,train,Actinic Keratosis,PAT_2009_4134_828.png,E:\Mega project\MedvisionAi-\ML-Model\data\Train\FYP skin disease Dataset\Actinic Keratosis\PAT_2009_4134_828.png,300,300,RGBA,1.0,5.62,Non-RGB mode (RGBA)
skin,train,Actinic Keratosis,PAT_2011_4140_787.png,E:\Mega project\MedvisionAi-\ML-Model\data\Train\FYP skin disease Dataset\Actinic Keratosis\PAT_2011_4140_787.png,300,300,RGBA,1.0,11.05,Non-RGB mode (RGBA)
skin,train,Actinic Keratosis,PAT_2011_4140_988.png,E:\Mega project\MedvisionAi-\ML-Model\data\Train\FYP skin disease Dataset\Actinic Keratosis\PAT_2011_4140_988.png,300,300,RGBA,1.0,30.96,Non-RGB mode (RGBA)
skin,train,Actinic Keratosis,PAT_2020_4174_799.png,E:\Mega project\MedvisionAi-\ML-Model\data\Train\FYP skin disease Dataset\Actinic Keratosis\PAT_2020_4174_799.png,300,300,RGBA,1.0,46.63,Non-RGB mode (RGBA)
skin,train,Actinic Keratosis,PAT_2024_4221_632.png,E:\Mega project\MedvisionAi-\ML-Model\data\Train\FYP skin disease Dataset\Actinic Keratosis\PAT_2024_4221_632.png,300,300,RGBA,1.0,11.59,Non-RGB mode (RGBA)
skin,train,Actinic Keratosis,PAT_2024_4225_170.png,E:\Mega project\MedvisionAi-\ML-Model\data\Train\FYP skin disease Dataset\Actinic Keratosis\PAT_2024_4225_170.png,300,300,RGBA,1.0,16.2,Non-RGB mode (RGBA)
skin,train,Actinic Keratosis,PAT_2026_4230_141.png,E:\Mega project\MedvisionAi-\ML-Model\data\Train\FYP skin disease Dataset\Actinic Keratosis\PAT_2026_4230_141.png,300,300,RGBA,1.0,22.44,Non-RGB mode (RGBA)
skin,train,Actinic Keratosis,PAT_202_308_692.png,E:\Mega project\MedvisionAi-\ML-Model\data\Train\FYP skin disease Dataset\Actinic Keratosis\PAT_202_308_692.png,300,300,RGBA,1.0,18.94,Non-RGB mode (RGBA)
skin,train,Actinic Keratosis,PAT_2034_4266_880.png,E:\Mega project\MedvisionAi-\ML-Model\data\Train\FYP skin disease Dataset\Actinic Keratosis\PAT_2034_4266_880.png,300,300,RGBA,1.0,6.2,Non-RGB mode (RGBA)
skin,train,Actinic Keratosis,PAT_2034_4268_141.png,E:\Mega project\MedvisionAi-\ML-Model\data\Train\FYP skin disease Dataset\Actinic Keratosis\PAT_2034_4268_141.png,300,300,RGBA,1.0,16.76,Non-RGB mode (RGBA)
skin,train,Actinic Keratosis,PAT_2061_4395_587.png,E:\Mega project\MedvisionAi-\ML-Model\data\Train\FYP skin disease Dataset\Actinic Keratosis\PAT_2061_4395_587.png,300,300,RGBA,1.0,37.84,Non-RGB mode (RGBA)
skin,train,Actinic Keratosis,PAT_2079_4480_586.png,E:\Mega project\MedvisionAi-\ML-Model\data\Train\FYP skin disease Dataset\Actinic Keratosis\PAT_2079_4480_586.png,300,300,RGBA,1.0,25.06,Non-RGB mode (RGBA)
skin,train,Actinic Keratosis,PAT_2093_4542_192.png,E:\Mega project\MedvisionAi-\ML-Model\data\Train\FYP skin disease Dataset\Actinic Keratosis\PAT_2093_4542_192.png,300,300,RGBA,1.0,13.96,Non-RGB mode (RGBA)
skin,train,Actinic Keratosis,PAT_2098_4559_436.png,E:\Mega project\MedvisionAi-\ML-Model\data\Train\FYP skin disease Dataset\Actinic Keratosis\PAT_2098_4559_436.png,300,300,RGBA,1.0,18.23,Non-RGB mode (RGBA)
skin,train,Actinic Keratosis,PAT_2102_4575_616.png,E:\Mega project\MedvisionAi-\ML-Model\data\Train\FYP skin disease Dataset\Actinic Keratosis\PAT_2102_4575_616.png,300,300,RGBA,1.0,20.34,Non-RGB mode (RGBA)
skin,train,Actinic Keratosis,PAT_2105_4587_204.png,E:\Mega project\MedvisionAi-\ML-Model\data\Train\FYP skin disease Dataset\Actinic Keratosis\PAT_2105_4587_204.png,300,300,RGBA,1.0,33.74,Non-RGB mode (RGBA)
skin,train,Actinic Keratosis,PAT_2107_4595_381.png,E:\Mega project\MedvisionAi-\ML-Model\data\Train\FYP skin disease Dataset\Actinic Keratosis\PAT_2107_4595_381.png,300,300,RGBA,1.0,23.4,Non-RGB mode (RGBA)
skin,train,Actinic Keratosis,PAT_2114_4609_615.png,E:\Mega project\MedvisionAi-\ML-Model\data\Train\FYP skin disease Dataset\Actinic Keratosis\PAT_2114_4609_615.png,300,300,RGBA,1.0,20.77,Non-RGB mode (RGBA)
skin,train,Actinic Keratosis,PAT_2115_4613_260.png,E:\Mega project\MedvisionAi-\ML-Model\data\Train\FYP skin disease Dataset\Actinic Keratosis\PAT_2115_4613_260.png,300,300,RGBA,1.0,6.82,Non-RGB mode (RGBA)
skin,train,Actinic Keratosis,PAT_2116_4614_671.png,E:\Mega project\MedvisionAi-\ML-Model\data\Train\FYP skin disease Dataset\Actinic Keratosis\PAT_2116_4614_671.png,300,300,RGBA,1.0,22.66,Non-RGB mode (RGBA)
skin,train,Actinic Keratosis,PAT_2119_4625_733.png,E:\Mega project\MedvisionAi-\ML-Model\data\Train\FYP skin disease Dataset\Actinic Keratosis\PAT_2119_4625_733.png,300,300,RGBA,1.0,11.4,Non-RGB mode (RGBA)
skin,train,Actinic Keratosis,PAT_2122_4642_204.png,E:\Mega project\MedvisionAi-\ML-Model\data\Train\FYP skin disease Dataset\Actinic Keratosis\PAT_2122_4642_204.png,300,300,RGBA,1.0,14.02,Non-RGB mode (RGBA)
skin,train,Actinic Keratosis,PAT_2122_4642_680.png,E:\Mega project\MedvisionAi-\ML-Model\data\Train\FYP skin disease Dataset\Actinic Keratosis\PAT_2122_4642_680.png,300,300,RGBA,1.0,24.98,Non-RGB mode (RGBA)
skin,train,Actinic Keratosis,PAT_2128_4676_965.png,E:\Mega project\MedvisionAi-\ML-Model\data\Train\FYP skin disease Dataset\Actinic Keratosis\PAT_2128_4676_965.png,300,300,RGBA,1.0,15.77,Non-RGB mode (RGBA)
skin,train,Actinic Keratosis,PAT_2131_4683_112.png,E:\Mega project\MedvisionAi-\ML-Model\data\Train\FYP skin disease Dataset\Actinic Keratosis\PAT_2131_4683_112.png,300,300,RGBA,1.0,8.41,Non-RGB mode (RGBA)
skin,train,Actinic Keratosis,PAT_2143_4736_227.png,E:\Mega project\MedvisionAi-\ML-Model\data\Train\FYP skin disease Dataset\Actinic Keratosis\PAT_2143_4736_227.png,300,300,RGBA,1.0,19.7,Non-RGB mode (RGBA)
skin,train,Actinic Keratosis,PAT_2150_4766_754.png,E:\Mega project\MedvisionAi-\ML-Model\data\Train\FYP skin disease Dataset\Actinic Keratosis\PAT_2150_4766_754.png,300,300,RGBA,1.0,10.17,Non-RGB mode (RGBA)
skin,train,Actinic Keratosis,PAT_2154_4783_625.png,E:\Mega project\MedvisionAi-\ML-Model\data\Train\FYP skin disease Dataset\Actinic Keratosis\PAT_2154_4783_625.png,300,300,RGBA,1.0,30.46,Non-RGB mode (RGBA)
skin,train,Actinic Keratosis,PAT_2157_4789_969.png,E:\Mega project\MedvisionAi-\ML-Model\data\Train\FYP skin disease Dataset\Actinic Keratosis\PAT_2157_4789_969.png,300,300,RGBA,1.0,15.32,Non-RGB mode (RGBA)
skin,train,Actinic Keratosis,PAT_224_1340_142.png,E:\Mega project\MedvisionAi-\ML-Model\data\Train\FYP skin disease Dataset\Actinic Keratosis\PAT_224_1340_142.png,300,300,RGBA,1.0,32.14,Non-RGB mode (RGBA)
skin,train,Actinic Keratosis,PAT_230_350_872.png,E:\Mega project\MedvisionAi-\ML-Model\data\Train\FYP skin disease Dataset\Actinic Keratosis\PAT_230_350_872.png,300,300,RGBA,1.0,14.68,Non-RGB mode (RGBA)
skin,train,Actinic Keratosis,PAT_230_351_720.png,E:\Mega project\MedvisionAi-\ML-Model\data\Train\FYP skin disease Dataset\Actinic Keratosis\PAT_230_351_720.png,300,300,RGBA,1.0,18.38,Non-RGB mode (RGBA)
skin,train,Actinic Keratosis,PAT_236_361_180.png,E:\Mega project\MedvisionAi-\ML-Model\data\Train\FYP skin disease Dataset\Actinic Keratosis\PAT_236_361_180.png,300,300,RGBA,1.0,17.69,Non-RGB mode (RGBA)
skin,train,Actinic Keratosis,PAT_249_380_366.png,E:\Mega project\MedvisionAi-\ML-Model\data\Train\FYP skin disease Dataset\Actinic Keratosis\PAT_249_380_366.png,300,300,RGBA,1.0,13.1,Non-RGB mode (RGBA)
skin,train,Actinic Keratosis,PAT_260_400_566.png,E:\Mega project\MedvisionAi-\ML-Model\data\Train\FYP skin disease Dataset\Actinic Keratosis\PAT_260_400_566.png,300,300,RGBA,1.0,24.04,Non-RGB mode (RGBA)
skin,train,Actinic Keratosis,PAT_26_37_865.png,E:\Mega project\MedvisionAi-\ML-Model\data\Train\FYP skin disease Dataset\Actinic Keratosis\PAT_26_37_865.png,300,300,RGBA,1.0,16.06,Non-RGB mode (RGBA)
skin,train,Actinic Keratosis,PAT_277_427_658.png,E:\Mega project\MedvisionAi-\ML-Model\data\Train\FYP skin disease Dataset\Actinic Keratosis\PAT_277_427_658.png,300,300,RGBA,1.0,19.76,Non-RGB mode (RGBA)
skin,train,Actinic Keratosis,PAT_27_38_240.png,E:\Mega project\MedvisionAi-\ML-Model\data\Train\FYP skin disease Dataset\Actinic Keratosis\PAT_27_38_240.png,300,300,RGBA,1.0,21.41,Non-RGB mode (RGBA)
skin,train,Actinic Keratosis,PAT_300_1478_445.png,E:\Mega project\MedvisionAi-\ML-Model\data\Train\FYP skin disease Dataset\Actinic Keratosis\PAT_300_1478_445.png,300,300,RGBA,1.0,25.14,Non-RGB mode (RGBA)
skin,train,Actinic Keratosis,PAT_300_648_84.png,E:\Mega project\MedvisionAi-\ML-Model\data\Train\FYP skin disease Dataset\Actinic Keratosis\PAT_300_648_84.png,300,300,RGBA,1.0,9.69,Non-RGB mode (RGBA)
skin,train,Actinic Keratosis,PAT_307_1458_363.png,E:\Mega project\MedvisionAi-\ML-Model\data\Train\FYP skin disease Dataset\Actinic Keratosis\PAT_307_1458_363.png,300,300,RGBA,1.0,16.29,Non-RGB mode (RGBA)
skin,train,Actinic Keratosis,PAT_309_663_812.png,E:\Mega project\MedvisionAi-\ML-Model\data\Train\FYP skin disease Dataset\Actinic Keratosis\PAT_309_663_812.png,300,300,RGBA,1.0,27.34,Non-RGB mode (RGBA)
skin,train,Actinic Keratosis,PAT_317_675_144.png,E:\Mega project\MedvisionAi-\ML-Model\data\Train\FYP skin disease Dataset\Actinic Keratosis\PAT_317_675_144.png,300,300,RGBA,1.0,18.71,Non-RGB mode (RGBA)
skin,train,Actinic Keratosis,PAT_328_1738_890.png,E:\Mega project\MedvisionAi-\ML-Model\data\Train\FYP skin disease Dataset\Actinic Keratosis\PAT_328_1738_890.png,300,300,RGBA,1.0,42.22,Non-RGB mode (RGBA)
skin,train,Actinic Keratosis,PAT_359_1596_68.png,E:\Mega project\MedvisionAi-\ML-Model\data\Train\FYP skin disease Dataset\Actinic Keratosis\PAT_359_1596_68.png,300,300,RGBA,1.0,25.61,Non-RGB mode (RGBA)
skin,train,Actinic Keratosis,PAT_370_758_322.png,E:\Mega project\MedvisionAi-\ML-Model\data\Train\FYP skin disease Dataset\Actinic Keratosis\PAT_370_758_322.png,300,300,RGBA,1.0,22.58,Non-RGB mode (RGBA)
skin,train,Actinic Keratosis,PAT_384_782_292.png,E:\Mega project\MedvisionAi-\ML-Model\data\Train\FYP skin disease Dataset\Actinic Keratosis\PAT_384_782_292.png,300,300,RGBA,1.0,26.77,Non-RGB mode (RGBA)
skin,train,Actinic Keratosis,PAT_386_785_536.png,E:\Mega project\MedvisionAi-\ML-Model\data\Train\FYP skin disease Dataset\Actinic Keratosis\PAT_386_785_536.png,300,300,RGBA,1.0,16.43,Non-RGB mode (RGBA)
skin,train,Actinic Keratosis,PAT_388_2452_548.png,E:\Mega project\MedvisionAi-\ML-Model\data\Train\FYP skin disease Dataset\Actinic Keratosis\PAT_388_2452_548.png,300,300,RGBA,1.0,28.21,Non-RGB mode (RGBA)
skin,train,Actinic Keratosis,PAT_393_793_852.png,E:\Mega project\MedvisionAi-\ML-Model\data\Train\FYP skin disease Dataset\Actinic Keratosis\PAT_393_793_852.png,300,300,RGBA,1.0,9.15,Non-RGB mode (RGBA)
skin,train,Actinic Keratosis,PAT_401_4594_970.png,E:\Mega project\MedvisionAi-\ML-Model\data\Train\FYP skin disease Dataset\Actinic Keratosis\PAT_401_4594_970.png,300,300,RGBA,1.0,15.9,Non-RGB mode (RGBA)
skin,train,Actinic Keratosis,PAT_404_805_575.png,E:\Mega project\MedvisionAi-\ML-Model\data\Train\FYP skin disease Dataset\Actinic Keratosis\PAT_404_805_575.png,300,300,RGBA,1.0,12.84,Non-RGB mode (RGBA)
skin,train,Actinic Keratosis,PAT_409_2614_805.png,E:\Mega project\MedvisionAi-\ML-Model\data\Train\FYP skin disease Dataset\Actinic Keratosis\PAT_409_2614_805.png,300,300,RGBA,1.0,40.05,Non-RGB mode (RGBA)
skin,train,Actinic Keratosis,PAT_414_822_420.png,E:\Mega project\MedvisionAi-\ML-Model\data\Train\FYP skin disease Dataset\Actinic Keratosis\PAT_414_822_420.png,300,300,RGBA,1.0,11.95,Non-RGB mode (RGBA)
skin,train,Actinic Keratosis,PAT_420_834_948.png,E:\Mega project\MedvisionAi-\ML-Model\data\Train\FYP skin disease Dataset\Actinic Keratosis\PAT_420_834_948.png,300,300,RGBA,1.0,23.03,Non-RGB mode (RGBA)
skin,train,Actinic Keratosis,PAT_428_845_189.png,E:\Mega project\MedvisionAi-\ML-Model\data\Train\FYP skin disease Dataset\Actinic Keratosis\PAT_428_845_189.png,300,300,RGBA,1.0,12.32,Non-RGB mode (RGBA)
skin,train,Actinic Keratosis,PAT_437_857_425.png,E:\Mega project\MedvisionAi-\ML-Model\data\Train\FYP skin disease Dataset\Actinic Keratosis\PAT_437_857_425.png,300,300,RGBA,1.0,21.23,Non-RGB mode (RGBA)
skin,train,Actinic Keratosis,PAT_44_63_151.png,E:\Mega project\MedvisionAi-\ML-Model\data\Train\FYP skin disease Dataset\Actinic Keratosis\PAT_44_63_151.png,300,300,RGBA,1.0,31.86,Non-RGB mode (RGBA)
skin,train,Actinic Keratosis,PAT_457_890_255.png,E:\Mega project\MedvisionAi-\ML-Model\data\Train\FYP skin disease Dataset\Actinic Keratosis\PAT_457_890_255.png,300,300,RGBA,1.0,23.19,Non-RGB mode (RGBA)
skin,train,Actinic Keratosis,PAT_45_65_551.png,E:\Mega project\MedvisionAi-\ML-Model\data\Train\FYP skin disease Dataset\Actinic Keratosis\PAT_45_65_551.png,300,300,RGBA,1.0,33.91,Non-RGB mode (RGBA)
skin,train,Actinic Keratosis,PAT_492_1784_50.png,E:\Mega project\MedvisionAi-\ML-Model\data\Train\FYP skin disease Dataset\Actinic Keratosis\PAT_492_1784_50.png,300,300,RGBA,1.0,19.93,Non-RGB mode (RGBA)
skin,train,Actinic Keratosis,PAT_498_944_488.png,E:\Mega project\MedvisionAi-\ML-Model\data\Train\FYP skin disease Dataset\Actinic Keratosis\PAT_498_944_488.png,300,300,RGBA,1.0,18.94,Non-RGB mode (RGBA)
skin,train,Actinic Keratosis,PAT_505_3200_856.png,E:\Mega project\MedvisionAi-\ML-Model\data\Train\FYP skin disease Dataset\Actinic Keratosis\PAT_505_3200_856.png,300,300,RGBA,1.0,9.06,Non-RGB mode (RGBA)
skin,train,Actinic Keratosis,PAT_522_3174_761.png,E:\Mega project\MedvisionAi-\ML-Model\data\Train\FYP skin disease Dataset\Actinic Keratosis\PAT_522_3174_761.png,300,300,RGBA,1.0,22.41,Non-RGB mode (RGBA)
skin,train,Actinic Keratosis,PAT_522_985_991.png,E:\Mega project\MedvisionAi-\ML-Model\data\Train\FYP skin disease Dataset\Actinic Keratosis\PAT_522_985_991.png,300,300,RGBA,1.0,9.28,Non-RGB mode (RGBA)
skin,train,Actinic Keratosis,PAT_528_992_124.png,E:\Mega project\MedvisionAi-\ML-Model\data\Train\FYP skin disease Dataset\Actinic Keratosis\PAT_528_992_124.png,300,300,RGBA,1.0,16.23,Non-RGB mode (RGBA)
skin,train,Actinic Keratosis,PAT_536_3227_442.png,E:\Mega project\MedvisionAi-\ML-Model\data\Train\FYP skin disease Dataset\Actinic Keratosis\PAT_536_3227_442.png,300,300,RGBA,1.0,12.29,Non-RGB mode (RGBA)
skin,train,Actinic Keratosis,PAT_539_1023_878.png,E:\Mega project\MedvisionAi-\ML-Model\data\Train\FYP skin disease Dataset\Actinic Keratosis\PAT_539_1023_878.png,300,300,RGBA,1.0,13.4,Non-RGB mode (RGBA)
skin,train,Actinic Keratosis,PAT_539_1023_928.png,E:\Mega project\MedvisionAi-\ML-Model\data\Train\FYP skin disease Dataset\Actinic Keratosis\PAT_539_1023_928.png,300,300,RGBA,1.0,11.8,Non-RGB mode (RGBA)
skin,train,Actinic Keratosis,PAT_579_1099_551.png,E:\Mega project\MedvisionAi-\ML-Model\data\Train\FYP skin disease Dataset\Actinic Keratosis\PAT_579_1099_551.png,300,300,RGBA,1.0,18.96,Non-RGB mode (RGBA)
skin,train,Actinic Keratosis,PAT_579_1099_837.png,E:\Mega project\MedvisionAi-\ML-Model\data\Train\FYP skin disease Dataset\Actinic Keratosis\PAT_579_1099_837.png,300,300,RGBA,1.0,14.14,Non-RGB mode (RGBA)
skin,train,Actinic Keratosis,PAT_579_1100_988.png,E:\Mega project\MedvisionAi-\ML-Model\data\Train\FYP skin disease Dataset\Actinic Keratosis\PAT_579_1100_988.png,300,300,RGBA,1.0,24.8,Non-RGB mode (RGBA)
skin,train,Actinic Keratosis,PAT_57_90_910.png,E:\Mega project\MedvisionAi-\ML-Model\data\Train\FYP skin disease Dataset\Actinic Keratosis\PAT_57_90_910.png,300,300,RGBA,1.0,14.31,Non-RGB mode (RGBA)
skin,train,Actinic Keratosis,PAT_585_1130_552.png,E:\Mega project\MedvisionAi-\ML-Model\data\Train\FYP skin disease Dataset\Actinic Keratosis\PAT_585_1130_552.png,300,300,RGBA,1.0,19.78,Non-RGB mode (RGBA)
skin,train,Actinic Keratosis,PAT_595_1142_142.png,E:\Mega project\MedvisionAi-\ML-Model\data\Train\FYP skin disease Dataset\Actinic Keratosis\PAT_595_1142_142.png,300,300,RGBA,1.0,40.88,Non-RGB mode (RGBA)
skin,train,Actinic Keratosis,PAT_599_1140_399.png,E:\Mega project\MedvisionAi-\ML-Model\data\Train\FYP skin disease Dataset\Actinic Keratosis\PAT_599_1140_399.png,300,300,RGBA,1.0,37.2,Non-RGB mode (RGBA)
skin,train,Actinic Keratosis,PAT_632_3700_890.png,E:\Mega project\MedvisionAi-\ML-Model\data\Train\FYP skin disease Dataset\Actinic Keratosis\PAT_632_3700_890.png,300,300,RGBA,1.0,31.49,Non-RGB mode (RGBA)
skin,train,Actinic Keratosis,PAT_645_4042_489.png,E:\Mega project\MedvisionAi-\ML-Model\data\Train\FYP skin disease Dataset\Actinic Keratosis\PAT_645_4042_489.png,300,300,RGBA,1.0,47.84,Non-RGB mode (RGBA)
skin,train,Actinic Keratosis,PAT_645_4043_374.png,E:\Mega project\MedvisionAi-\ML-Model\data\Train\FYP skin disease Dataset\Actinic Keratosis\PAT_645_4043_374.png,300,300,RGBA,1.0,13.16,Non-RGB mode (RGBA)
skin,train,Actinic Keratosis,PAT_655_926_447.png,E:\Mega project\MedvisionAi-\ML-Model\data\Train\FYP skin disease Dataset\Actinic Keratosis\PAT_655_926_447.png,300,300,RGBA,1.0,22.08,Non-RGB mode (RGBA)
skin,train,Actinic Keratosis,PAT_65_101_847.png,E:\Mega project\MedvisionAi-\ML-Model\data\Train\FYP skin disease Dataset\Actinic Keratosis\PAT_65_101_847.png,300,300,RGBA,1.0,7.13,Non-RGB mode (RGBA)
skin,train,Actinic Keratosis,PAT_673_1276_752.png,E:\Mega project\MedvisionAi-\ML-Model\data\Train\FYP skin disease Dataset\Actinic Keratosis\PAT_673_1276_752.png,300,300,RGBA,1.0,12.52,Non-RGB mode (RGBA)
skin,train,Actinic Keratosis,PAT_673_3928_888.png,E:\Mega project\MedvisionAi-\ML-Model\data\Train\FYP skin disease Dataset\Actinic Keratosis\PAT_673_3928_888.png,300,300,RGBA,1.0,17.76,Non-RGB mode (RGBA)
skin,train,Actinic Keratosis,PAT_677_1350_358.png,E:\Mega project\MedvisionAi-\ML-Model\data\Train\FYP skin disease Dataset\Actinic Keratosis\PAT_677_1350_358.png,300,300,RGBA,1.0,32.22,Non-RGB mode (RGBA)
skin,train,Actinic Keratosis,PAT_677_1350_67.png,E:\Mega project\MedvisionAi-\ML-Model\data\Train\FYP skin disease Dataset\Actinic Keratosis\PAT_677_1350_67.png,300,300,RGBA,1.0,21.29,Non-RGB mode (RGBA)
skin,train,Actinic Keratosis,PAT_693_1313_304.png,E:\Mega project\MedvisionAi-\ML-Model\data\Train\FYP skin disease Dataset\Actinic Keratosis\PAT_693_1313_304.png,300,300,RGBA,1.0,19.39,Non-RGB mode (RGBA)
skin,train,Actinic Keratosis,PAT_69_1053_540.png,E:\Mega project\MedvisionAi-\ML-Model\data\Train\FYP skin disease Dataset\Actinic Keratosis\PAT_69_1053_540.png,300,300,RGBA,1.0,27.22,Non-RGB mode (RGBA)
skin,train,Actinic Keratosis,PAT_704_1324_359.png,E:\Mega project\MedvisionAi-\ML-Model\data\Train\FYP skin disease Dataset\Actinic Keratosis\PAT_704_1324_359.png,300,300,RGBA,1.0,24.89,Non-RGB mode (RGBA)
skin,train,Actinic Keratosis,PAT_707_1327_245.png,E:\Mega project\MedvisionAi-\ML-Model\data\Train\FYP skin disease Dataset\Actinic Keratosis\PAT_707_1327_245.png,300,300,RGBA,1.0,20.02,Non-RGB mode (RGBA)
skin,train,Actinic Keratosis,PAT_711_4067_260.png,E:\Mega project\MedvisionAi-\ML-Model\data\Train\FYP skin disease Dataset\Actinic Keratosis\PAT_711_4067_260.png,300,300,RGBA,1.0,21.71,Non-RGB mode (RGBA)
skin,train,Actinic Keratosis,PAT_71_108_617.png,E:\Mega project\MedvisionAi-\ML-Model\data\Train\FYP skin disease Dataset\Actinic Keratosis\PAT_71_108_617.png,300,300,RGBA,1.0,10.35,Non-RGB mode (RGBA)
skin,train,Actinic Keratosis,PAT_731_1387_634.png,E:\Mega project\MedvisionAi-\ML-Model\data\Train\FYP skin disease Dataset\Actinic Keratosis\PAT_731_1387_634.png,300,300,RGBA,1.0,47.79,Non-RGB mode (RGBA)
skin,train,Actinic Keratosis,PAT_735_1391_261.png,E:\Mega project\MedvisionAi-\ML-Model\data\Train\FYP skin disease Dataset\Actinic Keratosis\PAT_735_1391_261.png,300,300,RGBA,1.0,14.19,Non-RGB mode (RGBA)
skin,train,Actinic Keratosis,PAT_735_1391_683.png,E:\Mega project\MedvisionAi-\ML-Model\data\Train\FYP skin disease Dataset\Actinic Keratosis\PAT_735_1391_683.png,300,300,RGBA,1.0,12.47,Non-RGB mode (RGBA)
skin,train,Actinic Keratosis,PAT_747_1409_466.png,E:\Mega project\MedvisionAi-\ML-Model\data\Train\FYP skin disease Dataset\Actinic Keratosis\PAT_747_1409_466.png,300,300,RGBA,1.0,16.14,Non-RGB mode (RGBA)
skin,train,Actinic Keratosis,PAT_747_1410_622.png,E:\Mega project\MedvisionAi-\ML-Model\data\Train\FYP skin disease Dataset\Actinic Keratosis\PAT_747_1410_622.png,300,300,RGBA,1.0,12.25,Non-RGB mode (RGBA)
skin,train,Actinic Keratosis,PAT_749_1414_770.png,E:\Mega project\MedvisionAi-\ML-Model\data\Train\FYP skin disease Dataset\Actinic Keratosis\PAT_749_1414_770.png,300,300,RGBA,1.0,15.07,Non-RGB mode (RGBA)
skin,train,Actinic Keratosis,PAT_749_1415_164.png,E:\Mega project\MedvisionAi-\ML-Model\data\Train\FYP skin disease Dataset\Actinic Keratosis\PAT_749_1415_164.png,300,300,RGBA,1.0,20.24,Non-RGB mode (RGBA)
skin,train,Actinic Keratosis,PAT_755_1430_681.png,E:\Mega project\MedvisionAi-\ML-Model\data\Train\FYP skin disease Dataset\Actinic Keratosis\PAT_755_1430_681.png,300,300,RGBA,1.0,16.63,Non-RGB mode (RGBA)
skin,train,Actinic Keratosis,PAT_757_1431_696.png,E:\Mega project\MedvisionAi-\ML-Model\data\Train\FYP skin disease Dataset\Actinic Keratosis\PAT_757_1431_696.png,300,300,RGBA,1.0,36.99,Non-RGB mode (RGBA)
skin,train,Actinic Keratosis,PAT_757_1431_907.png,E:\Mega project\MedvisionAi-\ML-Model\data\Train\FYP skin disease Dataset\Actinic Keratosis\PAT_757_1431_907.png,300,300,RGBA,1.0,16.72,Non-RGB mode (RGBA)
skin,train,Actinic Keratosis,PAT_757_4220_942.png,E:\Mega project\MedvisionAi-\ML-Model\data\Train\FYP skin disease Dataset\Actinic Keratosis\PAT_757_4220_942.png,300,300,RGBA,1.0,16.09,Non-RGB mode (RGBA)
skin,train,Actinic Keratosis,PAT_763_1439_668.png,E:\Mega project\MedvisionAi-\ML-Model\data\Train\FYP skin disease Dataset\Actinic Keratosis\PAT_763_1439_668.png,300,300,RGBA,1.0,16.2,Non-RGB mode (RGBA)
skin,train,Actinic Keratosis,PAT_782_1493_140.png,E:\Mega project\MedvisionAi-\ML-Model\data\Train\FYP skin disease Dataset\Actinic Keratosis\PAT_782_1493_140.png,300,300,RGBA,1.0,19.01,Non-RGB mode (RGBA)
skin,train,Actinic Keratosis,PAT_792_1498_936.png,E:\Mega project\MedvisionAi-\ML-Model\data\Train\FYP skin disease Dataset\Actinic Keratosis\PAT_792_1498_936.png,300,300,RGBA,1.0,11.95,Non-RGB mode (RGBA)
skin,train,Actinic Keratosis,PAT_792_4351_858.png,E:\Mega project\MedvisionAi-\ML-Model\data\Train\FYP skin disease Dataset\Actinic Keratosis\PAT_792_4351_858.png,300,300,RGBA,1.0,14.25,Non-RGB mode (RGBA)
skin,train,Actinic Keratosis,PAT_799_1515_723.png,E:\Mega project\MedvisionAi-\ML-Model\data\Train\FYP skin disease Dataset\Actinic Keratosis\PAT_799_1515_723.png,300,300,RGBA,1.0,13.91,Non-RGB mode (RGBA)
skin,train,Actinic Keratosis,PAT_809_1528_118.png,E:\Mega project\MedvisionAi-\ML-Model\data\Train\FYP skin disease Dataset\Actinic Keratosis\PAT_809_1528_118.png,300,300,RGBA,1.0,17.58,Non-RGB mode (RGBA)
skin,train,Actinic Keratosis,PAT_81_123_52.png,E:\Mega project\MedvisionAi-\ML-Model\data\Train\FYP skin disease Dataset\Actinic Keratosis\PAT_81_123_52.png,300,300,RGBA,1.0,19.75,Non-RGB mode (RGBA)
skin,train,Actinic Keratosis,PAT_824_1561_796.png,E:\Mega project\MedvisionAi-\ML-Model\data\Train\FYP skin disease Dataset\Actinic Keratosis\PAT_824_1561_796.png,300,300,RGBA,1.0,13.61,Non-RGB mode (RGBA)
skin,train,Actinic Keratosis,PAT_831_1570_637.png,E:\Mega project\MedvisionAi-\ML-Model\data\Train\FYP skin disease Dataset\Actinic Keratosis\PAT_831_1570_637.png,300,300,RGBA,1.0,23.87,Non-RGB mode (RGBA)
skin,train,Actinic Keratosis,PAT_831_1570_991.png,E:\Mega project\MedvisionAi-\ML-Model\data\Train\FYP skin disease Dataset\Actinic Keratosis\PAT_831_1570_991.png,300,300,RGBA,1.0,21.84,Non-RGB mode (RGBA)
skin,train,Actinic Keratosis,PAT_846_1607_895.png,E:\Mega project\MedvisionAi-\ML-Model\data\Train\FYP skin disease Dataset\Actinic Keratosis\PAT_846_1607_895.png,300,300,RGBA,1.0,20.62,Non-RGB mode (RGBA)
skin,train,Actinic Keratosis,PAT_849_1613_824.png,E:\Mega project\MedvisionAi-\ML-Model\data\Train\FYP skin disease Dataset\Actinic Keratosis\PAT_849_1613_824.png,300,300,RGBA,1.0,6.26,Non-RGB mode (RGBA)
skin,train,Actinic Keratosis,PAT_851_1623_506.png,E:\Mega project\MedvisionAi-\ML-Model\data\Train\FYP skin disease Dataset\Actinic Keratosis\PAT_851_1623_506.png,300,300,RGBA,1.0,19.19,Non-RGB mode (RGBA)
skin,train,Actinic Keratosis,PAT_851_1623_815.png,E:\Mega project\MedvisionAi-\ML-Model\data\Train\FYP skin disease Dataset\Actinic Keratosis\PAT_851_1623_815.png,300,300,RGBA,1.0,21.24,Non-RGB mode (RGBA)
skin,train,Actinic Keratosis,PAT_851_4519_488.png,E:\Mega project\MedvisionAi-\ML-Model\data\Train\FYP skin disease Dataset\Actinic Keratosis\PAT_851_4519_488.png,300,300,RGBA,1.0,20.5,Non-RGB mode (RGBA)
skin,train,Actinic Keratosis,PAT_857_1628_916.png,E:\Mega project\MedvisionAi-\ML-Model\data\Train\FYP skin disease Dataset\Actinic Keratosis\PAT_857_1628_916.png,300,300,RGBA,1.0,29.26,Non-RGB mode (RGBA)
skin,train,Actinic Keratosis,PAT_85_129_896.png,E:\Mega project\MedvisionAi-\ML-Model\data\Train\FYP skin disease Dataset\Actinic Keratosis\PAT_85_129_896.png,300,300,RGBA,1.0,27.93,Non-RGB mode (RGBA)
skin,train,Actinic Keratosis,PAT_862_1643_386.png,E:\Mega project\MedvisionAi-\ML-Model\data\Train\FYP skin disease Dataset\Actinic Keratosis\PAT_862_1643_386.png,300,300,RGBA,1.0,38.96,Non-RGB mode (RGBA)
skin,train,Actinic Keratosis,PAT_868_1657_698.png,E:\Mega project\MedvisionAi-\ML-Model\data\Train\FYP skin disease Dataset\Actinic Keratosis\PAT_868_1657_698.png,300,300,RGBA,1.0,16.58,Non-RGB mode (RGBA)
skin,train,Actinic Keratosis,PAT_86_1082_220.png,E:\Mega project\MedvisionAi-\ML-Model\data\Train\FYP skin disease Dataset\Actinic Keratosis\PAT_86_1082_220.png,300,300,RGBA,1.0,20.04,Non-RGB mode (RGBA)
skin,train,Actinic Keratosis,PAT_86_1082_41.png,E:\Mega project\MedvisionAi-\ML-Model\data\Train\FYP skin disease Dataset\Actinic Keratosis\PAT_86_1082_41.png,300,300,RGBA,1.0,43.85,Non-RGB mode (RGBA)
skin,train,Actinic Keratosis,PAT_86_131_107.png,E:\Mega project\MedvisionAi-\ML-Model\data\Train\FYP skin disease Dataset\Actinic Keratosis\PAT_86_131_107.png,300,300,RGBA,1.0,18.95,Non-RGB mode (RGBA)
skin,train,Actinic Keratosis,PAT_873_1661_178.png,E:\Mega project\MedvisionAi-\ML-Model\data\Train\FYP skin disease Dataset\Actinic Keratosis\PAT_873_1661_178.png,300,300,RGBA,1.0,9.08,Non-RGB mode (RGBA)
skin,train,Actinic Keratosis,PAT_877_4672_612.png,E:\Mega project\MedvisionAi-\ML-Model\data\Train\FYP skin disease Dataset\Actinic Keratosis\PAT_877_4672_612.png,300,300,RGBA,1.0,12.89,Non-RGB mode (RGBA)
skin,train,Actinic Keratosis,PAT_878_1663_7.png,E:\Mega project\MedvisionAi-\ML-Model\data\Train\FYP skin disease Dataset\Actinic Keratosis\PAT_878_1663_7.png,300,300,RGBA,1.0,9.28,Non-RGB mode (RGBA)
skin,train,Actinic Keratosis,PAT_880_1673_410.png,E:\Mega project\MedvisionAi-\ML-Model\data\Train\FYP skin disease Dataset\Actinic Keratosis\PAT_880_1673_410.png,300,300,RGBA,1.0,12.96,Non-RGB mode (RGBA)
skin,train,Actinic Keratosis,PAT_880_1674_223.png,E:\Mega project\MedvisionAi-\ML-Model\data\Train\FYP skin disease Dataset\Actinic Keratosis\PAT_880_1674_223.png,300,300,RGBA,1.0,24.56,Non-RGB mode (RGBA)
skin,train,Actinic Keratosis,PAT_880_1675_704.png,E:\Mega project\MedvisionAi-\ML-Model\data\Train\FYP skin disease Dataset\Actinic Keratosis\PAT_880_1675_704.png,300,300,RGBA,1.0,51.85,Non-RGB mode (RGBA)
skin,train,Actinic Keratosis,PAT_883_1682_256.png,E:\Mega project\MedvisionAi-\ML-Model\data\Train\FYP skin disease Dataset\Actinic Keratosis\PAT_883_1682_256.png,300,300,RGBA,1.0,19.79,Non-RGB mode (RGBA)
skin,train,Actinic Keratosis,PAT_886_1684_103.png,E:\Mega project\MedvisionAi-\ML-Model\data\Train\FYP skin disease Dataset\Actinic Keratosis\PAT_886_1684_103.png,300,300,RGBA,1.0,24.84,Non-RGB mode (RGBA)
skin,train,Actinic Keratosis,PAT_886_1684_297.png,E:\Mega project\MedvisionAi-\ML-Model\data\Train\FYP skin disease Dataset\Actinic Keratosis\PAT_886_1684_297.png,300,300,RGBA,1.0,35.36,Non-RGB mode (RGBA)
skin,train,Actinic Keratosis,PAT_886_4635_304.png,E:\Mega project\MedvisionAi-\ML-Model\data\Train\FYP skin disease Dataset\Actinic Keratosis\PAT_886_4635_304.png,300,300,RGBA,1.0,14.99,Non-RGB mode (RGBA)
skin,train,Actinic Keratosis,PAT_914_1732_136.png,E:\Mega project\MedvisionAi-\ML-Model\data\Train\FYP skin disease Dataset\Actinic Keratosis\PAT_914_1732_136.png,300,300,RGBA,1.0,34.08,Non-RGB mode (RGBA)
skin,train,Actinic Keratosis,PAT_914_1740_932.png,E:\Mega project\MedvisionAi-\ML-Model\data\Train\FYP skin disease Dataset\Actinic Keratosis\PAT_914_1740_932.png,300,300,RGBA,1.0,21.18,Non-RGB mode (RGBA)
skin,train,Actinic Keratosis,PAT_91_354_332.png,E:\Mega project\MedvisionAi-\ML-Model\data\Train\FYP skin disease Dataset\Actinic Keratosis\PAT_91_354_332.png,300,300,RGBA,1.0,22.13,Non-RGB mode (RGBA)
skin,train,Actinic Keratosis,PAT_920_1748_942.png,E:\Mega project\MedvisionAi-\ML-Model\data\Train\FYP skin disease Dataset\Actinic Keratosis\PAT_920_1748_942.png,300,300,RGBA,1.0,12.62,Non-RGB mode (RGBA)
skin,train,Actinic Keratosis,PAT_934_1777_423.png,E:\Mega project\MedvisionAi-\ML-Model\data\Train\FYP skin disease Dataset\Actinic Keratosis\PAT_934_1777_423.png,300,300,RGBA,1.0,14.5,Non-RGB mode (RGBA)
skin,train,Actinic Keratosis,PAT_937_1768_126.png,E:\Mega project\MedvisionAi-\ML-Model\data\Train\FYP skin disease Dataset\Actinic Keratosis\PAT_937_1768_126.png,300,300,RGBA,1.0,15.65,Non-RGB mode (RGBA)
skin,train,Actinic Keratosis,PAT_942_1792_411.png,E:\Mega project\MedvisionAi-\ML-Model\data\Train\FYP skin disease Dataset\Actinic Keratosis\PAT_942_1792_411.png,300,300,RGBA,1.0,13.86,Non-RGB mode (RGBA)
skin,train,Actinic Keratosis,PAT_951_1836_991.png,E:\Mega project\MedvisionAi-\ML-Model\data\Train\FYP skin disease Dataset\Actinic Keratosis\PAT_951_1836_991.png,300,300,RGBA,1.0,13.52,Non-RGB mode (RGBA)
skin,train,Actinic Keratosis,PAT_960_1816_662.png,E:\Mega project\MedvisionAi-\ML-Model\data\Train\FYP skin disease Dataset\Actinic Keratosis\PAT_960_1816_662.png,300,300,RGBA,1.0,16.5,Non-RGB mode (RGBA)
skin,train,Actinic Keratosis,PAT_966_1826_587.png,E:\Mega project\MedvisionAi-\ML-Model\data\Train\FYP skin disease Dataset\Actinic Keratosis\PAT_966_1826_587.png,300,300,RGBA,1.0,7.81,Non-RGB mode (RGBA)
skin,train,Actinic Keratosis,PAT_971_1847_99.png,E:\Mega project\MedvisionAi-\ML-Model\data\Train\FYP skin disease Dataset\Actinic Keratosis\PAT_971_1847_99.png,300,300,RGBA,1.0,19.81,Non-RGB mode (RGBA)
skin,train,Actinic Keratosis,PAT_973_1839_34.png,E:\Mega project\MedvisionAi-\ML-Model\data\Train\FYP skin disease Dataset\Actinic Keratosis\PAT_973_1839_34.png,300,300,RGBA,1.0,19.49,Non-RGB mode (RGBA)
skin,train,Actinic Keratosis,PAT_987_1859_724.png,E:\Mega project\MedvisionAi-\ML-Model\data\Train\FYP skin disease Dataset\Actinic Keratosis\PAT_987_1859_724.png,300,300,RGBA,1.0,21.01,Non-RGB mode (RGBA)
skin,train,Actinic Keratosis,PAT_992_1864_653.png,E:\Mega project\MedvisionAi-\ML-Model\data\Train\FYP skin disease Dataset\Actinic Keratosis\PAT_992_1864_653.png,300,300,RGBA,1.0,16.05,Non-RGB mode (RGBA)
skin,train,Actinic Keratosis,PAT_996_6_367.png,E:\Mega project\MedvisionAi-\ML-Model\data\Train\FYP skin disease Dataset\Actinic Keratosis\PAT_996_6_367.png,300,300,RGBA,1.0,17.93,Non-RGB mode (RGBA)
skin,train,Actinic Keratosis,PAT_9_17_80.png,E:\Mega project\MedvisionAi-\ML-Model\data\Train\FYP skin disease Dataset\Actinic Keratosis\PAT_9_17_80.png,300,300,RGBA,1.0,16.49,Non-RGB mode (RGBA)
skin,train,Basal Cell Carcinoma,BCN_0000019832.jpg,E:\Mega project\MedvisionAi-\ML-Model\data\Train\FYP skin disease Dataset\Basal Cell Carcinoma\BCN_0000019832.jpg,300,300,RGB,1.0,4.97,Low pixel variance (std=4.97)
skin,train,Basal Cell Carcinoma,PAT_101_1041_651.png,E:\Mega project\MedvisionAi-\ML-Model\data\Train\FYP skin disease Dataset\Basal Cell Carcinoma\PAT_101_1041_651.png,300,300,RGBA,1.0,10.73,Non-RGB mode (RGBA)
skin,train,Basal Cell Carcinoma,PAT_101_1041_658.png,E:\Mega project\MedvisionAi-\ML-Model\data\Train\FYP skin disease Dataset\Basal Cell Carcinoma\PAT_101_1041_658.png,300,300,RGBA,1.0,13.63,Non-RGB mode (RGBA)
skin,train,Basal Cell Carcinoma,PAT_101_1041_898.png,E:\Mega project\MedvisionAi-\ML-Model\data\Train\FYP skin disease Dataset\Basal Cell Carcinoma\PAT_101_1041_898.png,300,300,RGBA,1.0,11.05,Non-RGB mode (RGBA)
skin,train,Basal Cell Carcinoma,PAT_106_158_249.png,E:\Mega project\MedvisionAi-\ML-Model\data\Train\FYP skin disease Dataset\Basal Cell Carcinoma\PAT_106_158_249.png,300,300,RGBA,1.0,23.04,Non-RGB mode (RGBA)
skin,train,Basal Cell Carcinoma,PAT_106_158_270.png,E:\Mega project\MedvisionAi-\ML-Model\data\Train\FYP skin disease Dataset\Basal Cell Carcinoma\PAT_106_158_270.png,300,300,RGBA,1.0,23.69,Non-RGB mode (RGBA)
skin,train,Basal Cell Carcinoma,PAT_106_159_325.png,E:\Mega project\MedvisionAi-\ML-Model\data\Train\FYP skin disease Dataset\Basal Cell Carcinoma\PAT_106_159_325.png,300,300,RGBA,1.0,28.67,Non-RGB mode (RGBA)
skin,train,Basal Cell Carcinoma,PAT_112_168_360.png,E:\Mega project\MedvisionAi-\ML-Model\data\Train\FYP skin disease Dataset\Basal Cell Carcinoma\PAT_112_168_360.png,300,300,RGBA,1.0,28.82,Non-RGB mode (RGBA)
skin,train,Basal Cell Carcinoma,PAT_114_173_213.png,E:\Mega project\MedvisionAi-\ML-Model\data\Train\FYP skin disease Dataset\Basal Cell Carcinoma\PAT_114_173_213.png,300,300,RGBA,1.0,26.56,Non-RGB mode (RGBA)
skin,train,Basal Cell Carcinoma,PAT_115_175_206.png,E:\Mega project\MedvisionAi-\ML-Model\data\Train\FYP skin disease Dataset\Basal Cell Carcinoma\PAT_115_175_206.png,300,300,RGBA,1.0,31.4,Non-RGB mode (RGBA)
skin,train,Basal Cell Carcinoma,PAT_115_175_283.png,E:\Mega project\MedvisionAi-\ML-Model\data\Train\FYP skin disease Dataset\Basal Cell Carcinoma\PAT_115_175_283.png,300,300,RGBA,1.0,32.3,Non-RGB mode (RGBA)
skin,train,Basal Cell Carcinoma,PAT_118_180_386.png,E:\Mega project\MedvisionAi-\ML-Model\data\Train\FYP skin disease Dataset\Basal Cell Carcinoma\PAT_118_180_386.png,300,300,RGBA,1.0,36.91,Non-RGB mode (RGBA)
skin,train,Basal Cell Carcinoma,PAT_118_180_500.png,E:\Mega project\MedvisionAi-\ML-Model\data\Train\FYP skin disease Dataset\Basal Cell Carcinoma\PAT_118_180_500.png,300,300,RGBA,1.0,31.89,Non-RGB mode (RGBA)
skin,train,Basal Cell Carcinoma,PAT_119_181_684.png,E:\Mega project\MedvisionAi-\ML-Model\data\Train\FYP skin disease Dataset\Basal Cell Carcinoma\PAT_119_181_684.png,300,300,RGBA,1.0,14.38,Non-RGB mode (RGBA)
skin,train,Basal Cell Carcinoma,PAT_121_184_502.png,E:\Mega project\MedvisionAi-\ML-Model\data\Train\FYP skin disease Dataset\Basal Cell Carcinoma\PAT_121_184_502.png,300,300,RGBA,1.0,15.73,Non-RGB mode (RGBA)
skin,train,Basal Cell Carcinoma,PAT_122_185_957.png,E:\Mega project\MedvisionAi-\ML-Model\data\Train\FYP skin disease Dataset\Basal Cell Carcinoma\PAT_122_185_957.png,300,300,RGBA,1.0,35.4,Non-RGB mode (RGBA)
skin,train,Basal Cell Carcinoma,PAT_122_869_60.png,E:\Mega project\MedvisionAi-\ML-Model\data\Train\FYP skin disease Dataset\Basal Cell Carcinoma\PAT_122_869_60.png,300,300,RGBA,1.0,18.38,Non-RGB mode (RGBA)
skin,train,Basal Cell Carcinoma,PAT_123_186_718.png,E:\Mega project\MedvisionAi-\ML-Model\data\Train\FYP skin disease Dataset\Basal Cell Carcinoma\PAT_123_186_718.png,300,300,RGBA,1.0,18.22,Non-RGB mode (RGBA)
skin,train,Basal Cell Carcinoma,PAT_123_187_164.png,E:\Mega project\MedvisionAi-\ML-Model\data\Train\FYP skin disease Dataset\Basal Cell Carcinoma\PAT_123_187_164.png,300,300,RGBA,1.0,32.46,Non-RGB mode (RGBA)
skin,train,Basal Cell Carcinoma,PAT_128_194_28.png,E:\Mega project\MedvisionAi-\ML-Model\data\Train\FYP skin disease Dataset\Basal Cell Carcinoma\PAT_128_194_28.png,300,300,RGBA,1.0,12.25,Non-RGB mode (RGBA)
skin,train,Basal Cell Carcinoma,PAT_134_201_587.png,E:\Mega project\MedvisionAi-\ML-Model\data\Train\FYP skin disease Dataset\Basal Cell Carcinoma\PAT_134_201_587.png,300,300,RGBA,1.0,10.3,Non-RGB mode (RGBA)
skin,train,Basal Cell Carcinoma,PAT_135_202_105.png,E:\Mega project\MedvisionAi-\ML-Model\data\Train\FYP skin disease Dataset\Basal Cell Carcinoma\PAT_135_202_105.png,300,300,RGBA,1.0,23.48,Non-RGB mode (RGBA)
skin,train,Basal Cell Carcinoma,PAT_136_203_436.png,E:\Mega project\MedvisionAi-\ML-Model\data\Train\FYP skin disease Dataset\Basal Cell Carcinoma\PAT_136_203_436.png,300,300,RGBA,1.0,22.9,Non-RGB mode (RGBA)
skin,train,Basal Cell Carcinoma,PAT_138_205_296.png,E:\Mega project\MedvisionAi-\ML-Model\data\Train\FYP skin disease Dataset\Basal Cell Carcinoma\PAT_138_205_296.png,300,300,RGBA,1.0,23.29,Non-RGB mode (RGBA)
skin,train,Basal Cell Carcinoma,PAT_138_206_507.png,E:\Mega project\MedvisionAi-\ML-Model\data\Train\FYP skin disease Dataset\Basal Cell Carcinoma\PAT_138_206_507.png,300,300,RGBA,1.0,20.44,Non-RGB mode (RGBA)
skin,train,Basal Cell Carcinoma,PAT_13_21_350.png,E:\Mega project\MedvisionAi-\ML-Model\data\Train\FYP skin disease Dataset\Basal Cell Carcinoma\PAT_13_21_350.png,300,300,RGBA,1.0,27.44,Non-RGB mode (RGBA)
skin,train,Basal Cell Carcinoma,PAT_141_209_438.png,E:\Mega project\MedvisionAi-\ML-Model\data\Train\FYP skin disease Dataset\Basal Cell Carcinoma\PAT_141_209_438.png,300,300,RGBA,1.0,12.89,Non-RGB mode (RGBA)
skin,train,Basal Cell Carcinoma,PAT_142_210_904.png,E:\Mega project\MedvisionAi-\ML-Model\data\Train\FYP skin disease Dataset\Basal Cell Carcinoma\PAT_142_210_904.png,300,300,RGBA,1.0,27.2,Non-RGB mode (RGBA)
skin,train,Basal Cell Carcinoma,PAT_145_216_110.png,E:\Mega project\MedvisionAi-\ML-Model\data\Train\FYP skin disease Dataset\Basal Cell Carcinoma\PAT_145_216_110.png,300,300,RGBA,1.0,42.66,Non-RGB mode (RGBA)
skin,train,Basal Cell Carcinoma,PAT_146_217_187.png,E:\Mega project\MedvisionAi-\ML-Model\data\Train\FYP skin disease Dataset\Basal Cell Carcinoma\PAT_146_217_187.png,300,300,RGBA,1.0,16.64,Non-RGB mode (RGBA)
skin,train,Basal Cell Carcinoma,PAT_147_219_544.png,E:\Mega project\MedvisionAi-\ML-Model\data\Train\FYP skin disease Dataset\Basal Cell Carcinoma\PAT_147_219_544.png,300,300,RGBA,1.0,16.95,Non-RGB mode (RGBA)
skin,train,Basal Cell Carcinoma,PAT_14_22_850.png,E:\Mega project\MedvisionAi-\ML-Model\data\Train\FYP skin disease Dataset\Basal Cell Carcinoma\PAT_14_22_850.png,300,300,RGBA,1.0,21.8,Non-RGB mode (RGBA)
skin,train,Basal Cell Carcinoma,PAT_153_233_45.png,E:\Mega project\MedvisionAi-\ML-Model\data\Train\FYP skin disease Dataset\Basal Cell Carcinoma\PAT_153_233_45.png,300,300,RGBA,1.0,18.51,Non-RGB mode (RGBA)
skin,train,Basal Cell Carcinoma,PAT_154_235_162.png,E:\Mega project\MedvisionAi-\ML-Model\data\Train\FYP skin disease Dataset\Basal Cell Carcinoma\PAT_154_235_162.png,300,300,RGBA,1.0,13.41,Non-RGB mode (RGBA)
skin,train,Basal Cell Carcinoma,PAT_154_235_30.png,E:\Mega project\MedvisionAi-\ML-Model\data\Train\FYP skin disease Dataset\Basal Cell Carcinoma\PAT_154_235_30.png,300,300,RGBA,1.0,18.57,Non-RGB mode (RGBA)
skin,train,Basal Cell Carcinoma,PAT_154_236_800.png,E:\Mega project\MedvisionAi-\ML-Model\data\Train\FYP skin disease Dataset\Basal Cell Carcinoma\PAT_154_236_800.png,300,300,RGBA,1.0,12.83,Non-RGB mode (RGBA)
skin,train,Basal Cell Carcinoma,PAT_154_237_2.png,E:\Mega project\MedvisionAi-\ML-Model\data\Train\FYP skin disease Dataset\Basal Cell Carcinoma\PAT_154_237_2.png,300,300,RGBA,1.0,37.93,Non-RGB mode (RGBA)
skin,train,Basal Cell Carcinoma,PAT_154_237_625.png,E:\Mega project\MedvisionAi-\ML-Model\data\Train\FYP skin disease Dataset\Basal Cell Carcinoma\PAT_154_237_625.png,300,300,RGBA,1.0,36.76,Non-RGB mode (RGBA)
skin,train,Basal Cell Carcinoma,PAT_159_244_102.png,E:\Mega project\MedvisionAi-\ML-Model\data\Train\FYP skin disease Dataset\Basal Cell Carcinoma\PAT_159_244_102.png,300,300,RGBA,1.0,15.12,Non-RGB mode (RGBA)
skin,train,Basal Cell Carcinoma,PAT_159_246_630.png,E:\Mega project\MedvisionAi-\ML-Model\data\Train\FYP skin disease Dataset\Basal Cell Carcinoma\PAT_159_246_630.png,300,300,RGBA,1.0,19.79,Non-RGB mode (RGBA)
skin,train,Basal Cell Carcinoma,PAT_15_23_240.png,E:\Mega project\MedvisionAi-\ML-Model\data\Train\FYP skin disease Dataset\Basal Cell Carcinoma\PAT_15_23_240.png,300,300,RGBA,1.0,19.77,Non-RGB mode (RGBA)
skin,train,Basal Cell Carcinoma,PAT_162_252_773.png,E:\Mega project\MedvisionAi-\ML-Model\data\Train\FYP skin disease Dataset\Basal Cell Carcinoma\PAT_162_252_773.png,300,300,RGBA,1.0,40.38,Non-RGB mode (RGBA)
skin,train,Basal Cell Carcinoma,PAT_165_256_460.png,E:\Mega project\MedvisionAi-\ML-Model\data\Train\FYP skin disease Dataset\Basal Cell Carcinoma\PAT_165_256_460.png,300,300,RGBA,1.0,13.88,Non-RGB mode (RGBA)
skin,train,Basal Cell Carcinoma,PAT_166_257_586.png,E:\Mega project\MedvisionAi-\ML-Model\data\Train\FYP skin disease Dataset\Basal Cell Carcinoma\PAT_166_257_586.png,300,300,RGBA,1.0,8.07,Non-RGB mode (RGBA)
skin,train,Basal Cell Carcinoma,PAT_167_258_711.png,E:\Mega project\MedvisionAi-\ML-Model\data\Train\FYP skin disease Dataset\Basal Cell Carcinoma\PAT_167_258_711.png,300,300,RGBA,1.0,18.14,Non-RGB mode (RGBA)
skin,train,Basal Cell Carcinoma,PAT_168_1486_97.png,E:\Mega project\MedvisionAi-\ML-Model\data\Train\FYP skin disease Dataset\Basal Cell Carcinoma\PAT_168_1486_97.png,300,300,RGBA,1.0,9.1,Non-RGB mode (RGBA)
skin,train,Basal Cell Carcinoma,PAT_168_260_654.png,E:\Mega project\MedvisionAi-\ML-Model\data\Train\FYP skin disease Dataset\Basal Cell Carcinoma\PAT_168_260_654.png,300,300,RGBA,1.0,13.65,Non-RGB mode (RGBA)
skin,train,Basal Cell Carcinoma,PAT_168_262_74.png,E:\Mega project\MedvisionAi-\ML-Model\data\Train\FYP skin disease Dataset\Basal Cell Carcinoma\PAT_168_262_74.png,300,300,RGBA,1.0,19.87,Non-RGB mode (RGBA)
skin,train,Basal Cell Carcinoma,PAT_16_24_691.png,E:\Mega project\MedvisionAi-\ML-Model\data\Train\FYP skin disease Dataset\Basal Cell Carcinoma\PAT_16_24_691.png,300,300,RGBA,1.0,23.85,Non-RGB mode (RGBA)
skin,train,Basal Cell Carcinoma,PAT_171_265_757.png,E:\Mega project\MedvisionAi-\ML-Model\data\Train\FYP skin disease Dataset\Basal Cell Carcinoma\PAT_171_265_757.png,300,300,RGBA,1.0,31.31,Non-RGB mode (RGBA)
skin,train,Basal Cell Carcinoma,PAT_172_266_950.png,E:\Mega project\MedvisionAi-\ML-Model\data\Train\FYP skin disease Dataset\Basal Cell Carcinoma\PAT_172_266_950.png,300,300,RGBA,1.0,24.46,Non-RGB mode (RGBA)
skin,train,Basal Cell Carcinoma,PAT_172_267_557.png,E:\Mega project\MedvisionAi-\ML-Model\data\Train\FYP skin disease Dataset\Basal Cell Carcinoma\PAT_172_267_557.png,300,300,RGBA,1.0,28.84,Non-RGB mode (RGBA)
skin,train,Basal Cell Carcinoma,PAT_177_274_371.png,E:\Mega project\MedvisionAi-\ML-Model\data\Train\FYP skin disease Dataset\Basal Cell Carcinoma\PAT_177_274_371.png,300,300,RGBA,1.0,15.79,Non-RGB mode (RGBA)
skin,train,Basal Cell Carcinoma,PAT_177_274_865.png,E:\Mega project\MedvisionAi-\ML-Model\data\Train\FYP skin disease Dataset\Basal Cell Carcinoma\PAT_177_274_865.png,300,300,RGBA,1.0,15.79,Non-RGB mode (RGBA)
skin,train,Basal Cell Carcinoma,PAT_177_275_905.png,E:\Mega project\MedvisionAi-\ML-Model\data\Train\FYP skin disease Dataset\Basal Cell Carcinoma\PAT_177_275_905.png,300,300,RGBA,1.0,15.6,Non-RGB mode (RGBA)
skin,train,Basal Cell Carcinoma,PAT_179_278_331.png,E:\Mega project\MedvisionAi-\ML-Model\data\Train\FYP skin disease Dataset\Basal Cell Carcinoma\PAT_179_278_331.png,300,300,RGBA,1.0,14.64,Non-RGB mode (RGBA)
skin,train,Basal Cell Carcinoma,PAT_180_279_377.png,E:\Mega project\MedvisionAi-\ML-Model\data\Train\FYP skin disease Dataset\Basal Cell Carcinoma\PAT_180_279_377.png,300,300,RGBA,1.0,20.79,Non-RGB mode (RGBA)
skin,train,Basal Cell Carcinoma,PAT_181_281_54.png,E:\Mega project\MedvisionAi-\ML-Model\data\Train\FYP skin disease Dataset\Basal Cell Carcinoma\PAT_181_281_54.png,300,300,RGBA,1.0,35.76,Non-RGB mode (RGBA)
skin,train,Basal Cell Carcinoma,PAT_185_285_862.png,E:\Mega project\MedvisionAi-\ML-Model\data\Train\FYP skin disease Dataset\Basal Cell Carcinoma\PAT_185_285_862.png,300,300,RGBA,1.0,9.16,Non-RGB mode (RGBA)
skin,train,Basal Cell Carcinoma,PAT_187_287_482.png,E:\Mega project\MedvisionAi-\ML-Model\data\Train\FYP skin disease Dataset\Basal Cell Carcinoma\PAT_187_287_482.png,300,300,RGBA,1.0,32.29,Non-RGB mode (RGBA)
skin,train,Basal Cell Carcinoma,PAT_188_289_859.png,E:\Mega project\MedvisionAi-\ML-Model\data\Train\FYP skin disease Dataset\Basal Cell Carcinoma\PAT_188_289_859.png,300,300,RGBA,1.0,11.69,Non-RGB mode (RGBA)
skin,train,Basal Cell Carcinoma,PAT_188_289_908.png,E:\Mega project\MedvisionAi-\ML-Model\data\Train\FYP skin disease Dataset\Basal Cell Carcinoma\PAT_188_289_908.png,300,300,RGBA,1.0,10.48,Non-RGB mode (RGBA)
skin,train,Basal Cell Carcinoma,PAT_190_291_366.png,E:\Mega project\MedvisionAi-\ML-Model\data\Train\FYP skin disease Dataset\Basal Cell Carcinoma\PAT_190_291_366.png,300,300,RGBA,1.0,12.09,Non-RGB mode (RGBA)
skin,train,Basal Cell Carcinoma,PAT_191_293_314.png,E:\Mega project\MedvisionAi-\ML-Model\data\Train\FYP skin disease Dataset\Basal Cell Carcinoma\PAT_191_293_314.png,300,300,RGBA,1.0,21.7,Non-RGB mode (RGBA)
skin,train,Basal Cell Carcinoma,PAT_191_293_391.png,E:\Mega project\MedvisionAi-\ML-Model\data\Train\FYP skin disease Dataset\Basal Cell Carcinoma\PAT_191_293_391.png,300,300,RGBA,1.0,22.91,Non-RGB mode (RGBA)
skin,train,Basal Cell Carcinoma,PAT_191_293_699.png,E:\Mega project\MedvisionAi-\ML-Model\data\Train\FYP skin disease Dataset\Basal Cell Carcinoma\PAT_191_293_699.png,300,300,RGBA,1.0,21.43,Non-RGB mode (RGBA)
skin,train,Basal Cell Carcinoma,PAT_191_294_419.png,E:\Mega project\MedvisionAi-\ML-Model\data\Train\FYP skin disease Dataset\Basal Cell Carcinoma\PAT_191_294_419.png,300,300,RGBA,1.0,27.56,Non-RGB mode (RGBA)
skin,train,Basal Cell Carcinoma,PAT_191_294_629.png,E:\Mega project\MedvisionAi-\ML-Model\data\Train\FYP skin disease Dataset\Basal Cell Carcinoma\PAT_191_294_629.png,300,300,RGBA,1.0,34.76,Non-RGB mode (RGBA)
skin,train,Basal Cell Carcinoma,PAT_193_297_295.png,E:\Mega project\MedvisionAi-\ML-Model\data\Train\FYP skin disease Dataset\Basal Cell Carcinoma\PAT_193_297_295.png,300,300,RGBA,1.0,13.57,Non-RGB mode (RGBA)
skin,train,Basal Cell Carcinoma,PAT_197_301_198.png,E:\Mega project\MedvisionAi-\ML-Model\data\Train\FYP skin disease Dataset\Basal Cell Carcinoma\PAT_197_301_198.png,300,300,RGBA,1.0,18.46,Non-RGB mode (RGBA)
skin,train,Basal Cell Carcinoma,PAT_197_301_449.png,E:\Mega project\MedvisionAi-\ML-Model\data\Train\FYP skin disease Dataset\Basal Cell Carcinoma\PAT_197_301_449.png,300,300,RGBA,1.0,19.92,Non-RGB mode (RGBA)
skin,train,Basal Cell Carcinoma,PAT_198_302_44.png,E:\Mega project\MedvisionAi-\ML-Model\data\Train\FYP skin disease Dataset\Basal Cell Carcinoma\PAT_198_302_44.png,300,300,RGBA,1.0,15.13,Non-RGB mode (RGBA)
skin,train,Basal Cell Carcinoma,PAT_202_307_927.png,E:\Mega project\MedvisionAi-\ML-Model\data\Train\FYP skin disease Dataset\Basal Cell Carcinoma\PAT_202_307_927.png,300,300,RGBA,1.0,28.98,Non-RGB mode (RGBA)
skin,train,Basal Cell Carcinoma,PAT_206_312_595.png,E:\Mega project\MedvisionAi-\ML-Model\data\Train\FYP skin disease Dataset\Basal Cell Carcinoma\PAT_206_312_595.png,300,300,RGBA,1.0,9.36,Non-RGB mode (RGBA)
skin,train,Basal Cell Carcinoma,PAT_206_312_760.png,E:\Mega project\MedvisionAi-\ML-Model\data\Train\FYP skin disease Dataset\Basal Cell Carcinoma\PAT_206_312_760.png,300,300,RGBA,1.0,9.37,Non-RGB mode (RGBA)
skin,train,Basal Cell Carcinoma,PAT_207_313_1.png,E:\Mega project\MedvisionAi-\ML-Model\data\Train\FYP skin disease Dataset\Basal Cell Carcinoma\PAT_207_313_1.png,300,300,RGBA,1.0,23.77,Non-RGB mode (RGBA)
skin,train,Basal Cell Carcinoma,PAT_207_313_709.png,E:\Mega project\MedvisionAi-\ML-Model\data\Train\FYP skin disease Dataset\Basal Cell Carcinoma\PAT_207_313_709.png,300,300,RGBA,1.0,28.86,Non-RGB mode (RGBA)
skin,train,Basal Cell Carcinoma,PAT_208_314_741.png,E:\Mega project\MedvisionAi-\ML-Model\data\Train\FYP skin disease Dataset\Basal Cell Carcinoma\PAT_208_314_741.png,300,300,RGBA,1.0,26.6,Non-RGB mode (RGBA)
skin,train,Basal Cell Carcinoma,PAT_20_29_850.png,E:\Mega project\MedvisionAi-\ML-Model\data\Train\FYP skin disease Dataset\Basal Cell Carcinoma\PAT_20_29_850.png,300,300,RGBA,1.0,16.49,Non-RGB mode (RGBA)
skin,train,Basal Cell Carcinoma,PAT_211_318_942.png,E:\Mega project\MedvisionAi-\ML-Model\data\Train\FYP skin disease Dataset\Basal Cell Carcinoma\PAT_211_318_942.png,300,300,RGBA,1.0,11.68,Non-RGB mode (RGBA)
skin,train,Basal Cell Carcinoma,PAT_211_319_777.png,E:\Mega project\MedvisionAi-\ML-Model\data\Train\FYP skin disease Dataset\Basal Cell Carcinoma\PAT_211_319_777.png,300,300,RGBA,1.0,13.59,Non-RGB mode (RGBA)
skin,train,Basal Cell Carcinoma,PAT_212_327_532.png,E:\Mega project\MedvisionAi-\ML-Model\data\Train\FYP skin disease Dataset\Basal Cell Carcinoma\PAT_212_327_532.png,300,300,RGBA,1.0,42.95,Non-RGB mode (RGBA)
skin,train,Basal Cell Carcinoma,PAT_217_1291_419.png,E:\Mega project\MedvisionAi-\ML-Model\data\Train\FYP skin disease Dataset\Basal Cell Carcinoma\PAT_217_1291_419.png,300,300,RGBA,1.0,15.95,Non-RGB mode (RGBA)
skin,train,Basal Cell Carcinoma,PAT_221_339_566.png,E:\Mega project\MedvisionAi-\ML-Model\data\Train\FYP skin disease Dataset\Basal Cell Carcinoma\PAT_221_339_566.png,300,300,RGBA,1.0,25.92,Non-RGB mode (RGBA)
skin,train,Basal Cell Carcinoma,PAT_224_343_782.png,E:\Mega project\MedvisionAi-\ML-Model\data\Train\FYP skin disease Dataset\Basal Cell Carcinoma\PAT_224_343_782.png,300,300,RGBA,1.0,33.63,Non-RGB mode (RGBA)
skin,train,Basal Cell Carcinoma,PAT_228_348_2.png,E:\Mega project\MedvisionAi-\ML-Model\data\Train\FYP skin disease Dataset\Basal Cell Carcinoma\PAT_228_348_2.png,300,300,RGBA,1.0,29.18,Non-RGB mode (RGBA)
skin,train,Basal Cell Carcinoma,PAT_228_348_535.png,E:\Mega project\MedvisionAi-\ML-Model\data\Train\FYP skin disease Dataset\Basal Cell Carcinoma\PAT_228_348_535.png,300,300,RGBA,1.0,30.54,Non-RGB mode (RGBA)
skin,train,Basal Cell Carcinoma,PAT_229_349_141.png,E:\Mega project\MedvisionAi-\ML-Model\data\Train\FYP skin disease Dataset\Basal Cell Carcinoma\PAT_229_349_141.png,300,300,RGBA,1.0,34.02,Non-RGB mode (RGBA)
skin,train,Basal Cell Carcinoma,PAT_237_362_52.png,E:\Mega project\MedvisionAi-\ML-Model\data\Train\FYP skin disease Dataset\Basal Cell Carcinoma\PAT_237_362_52.png,300,300,RGBA,1.0,17.43,Non-RGB mode (RGBA)
skin,train,Basal Cell Carcinoma,PAT_237_362_909.png,E:\Mega project\MedvisionAi-\ML-Model\data\Train\FYP skin disease Dataset\Basal Cell Carcinoma\PAT_237_362_909.png,300,300,RGBA,1.0,15.37,Non-RGB mode (RGBA)
skin,train,Basal Cell Carcinoma,PAT_237_363_344.png,E:\Mega project\MedvisionAi-\ML-Model\data\Train\FYP skin disease Dataset\Basal Cell Carcinoma\PAT_237_363_344.png,300,300,RGBA,1.0,31.12,Non-RGB mode (RGBA)
skin,train,Basal Cell Carcinoma,PAT_241_367_374.png,E:\Mega project\MedvisionAi-\ML-Model\data\Train\FYP skin disease Dataset\Basal Cell Carcinoma\PAT_241_367_374.png,300,300,RGBA,1.0,30.45,Non-RGB mode (RGBA)
skin,train,Basal Cell Carcinoma,PAT_242_368_261.png,E:\Mega project\MedvisionAi-\ML-Model\data\Train\FYP skin disease Dataset\Basal Cell Carcinoma\PAT_242_368_261.png,300,300,RGBA,1.0,25.55,Non-RGB mode (RGBA)
skin,train,Basal Cell Carcinoma,PAT_242_369_337.png,E:\Mega project\MedvisionAi-\ML-Model\data\Train\FYP skin disease Dataset\Basal Cell Carcinoma\PAT_242_369_337.png,300,300,RGBA,1.0,14.35,Non-RGB mode (RGBA)
skin,train,Basal Cell Carcinoma,PAT_242_369_930.png,E:\Mega project\MedvisionAi-\ML-Model\data\Train\FYP skin disease Dataset\Basal Cell Carcinoma\PAT_242_369_930.png,300,300,RGBA,1.0,12.69,Non-RGB mode (RGBA)
skin,train,Basal Cell Carcinoma,PAT_243_372_119.png,E:\Mega project\MedvisionAi-\ML-Model\data\Train\FYP skin disease Dataset\Basal Cell Carcinoma\PAT_243_372_119.png,300,300,RGBA,1.0,16.45,Non-RGB mode (RGBA)
skin,train,Basal Cell Carcinoma,PAT_245_376_24.png,E:\Mega project\MedvisionAi-\ML-Model\data\Train\FYP skin disease Dataset\Basal Cell Carcinoma\PAT_245_376_24.png,300,300,RGBA,1.0,23.04,Non-RGB mode (RGBA)
skin,train,Basal Cell Carcinoma,PAT_247_1293_449.png,E:\Mega project\MedvisionAi-\ML-Model\data\Train\FYP skin disease Dataset\Basal Cell Carcinoma\PAT_247_1293_449.png,300,300,RGBA,1.0,17.03,Non-RGB mode (RGBA)
skin,train,Basal Cell Carcinoma,PAT_247_1294_292.png,E:\Mega project\MedvisionAi-\ML-Model\data\Train\FYP skin disease Dataset\Basal Cell Carcinoma\PAT_247_1294_292.png,300,300,RGBA,1.0,39.16,Non-RGB mode (RGBA)
skin,train,Basal Cell Carcinoma,PAT_247_378_484.png,E:\Mega project\MedvisionAi-\ML-Model\data\Train\FYP skin disease Dataset\Basal Cell Carcinoma\PAT_247_378_484.png,300,300,RGBA,1.0,19.29,Non-RGB mode (RGBA)
skin,train,Basal Cell Carcinoma,PAT_248_379_695.png,E:\Mega project\MedvisionAi-\ML-Model\data\Train\FYP skin disease Dataset\Basal Cell Carcinoma\PAT_248_379_695.png,300,300,RGBA,1.0,32.03,Non-RGB mode (RGBA)
skin,train,Basal Cell Carcinoma,PAT_251_382_240.png,E:\Mega project\MedvisionAi-\ML-Model\data\Train\FYP skin disease Dataset\Basal Cell Carcinoma\PAT_251_382_240.png,300,300,RGBA,1.0,13.06,Non-RGB mode (RGBA)
skin,train,Basal Cell Carcinoma,PAT_251_382_576.png,E:\Mega project\MedvisionAi-\ML-Model\data\Train\FYP skin disease Dataset\Basal Cell Carcinoma\PAT_251_382_576.png,300,300,RGBA,1.0,14.47,Non-RGB mode (RGBA)
skin,train,Basal Cell Carcinoma,PAT_252_383_31.png,E:\Mega project\MedvisionAi-\ML-Model\data\Train\FYP skin disease Dataset\Basal Cell Carcinoma\PAT_252_383_31.png,300,300,RGBA,1.0,55.78,Non-RGB mode (RGBA)
skin,train,Basal Cell Carcinoma,PAT_252_383_389.png,E:\Mega project\MedvisionAi-\ML-Model\data\Train\FYP skin disease Dataset\Basal Cell Carcinoma\PAT_252_383_389.png,300,300,RGBA,1.0,26.15,Non-RGB mode (RGBA)
skin,train,Basal Cell Carcinoma,PAT_253_384_607.png,E:\Mega project\MedvisionAi-\ML-Model\data\Train\FYP skin disease Dataset\Basal Cell Carcinoma\PAT_253_384_607.png,300,300,RGBA,1.0,18.72,Non-RGB mode (RGBA)
skin,train,Basal Cell Carcinoma,PAT_255_388_77.png,E:\Mega project\MedvisionAi-\ML-Model\data\Train\FYP skin disease Dataset\Basal Cell Carcinoma\PAT_255_388_77.png,300,300,RGBA,1.0,24.06,Non-RGB mode (RGBA)
skin,train,Basal Cell Carcinoma,PAT_257_395_866.png,E:\Mega project\MedvisionAi-\ML-Model\data\Train\FYP skin disease Dataset\Basal Cell Carcinoma\PAT_257_395_866.png,300,300,RGBA,1.0,11.47,Non-RGB mode (RGBA)
skin,train,Basal Cell Carcinoma,PAT_257_396_494.png,E:\Mega project\MedvisionAi-\ML-Model\data\Train\FYP skin disease Dataset\Basal Cell Carcinoma\PAT_257_396_494.png,300,300,RGBA,1.0,27.27,Non-RGB mode (RGBA)
skin,train,Basal Cell Carcinoma,PAT_258_397_198.png,E:\Mega project\MedvisionAi-\ML-Model\data\Train\FYP skin disease Dataset\Basal Cell Carcinoma\PAT_258_397_198.png,300,300,RGBA,1.0,9.62,Non-RGB mode (RGBA)
skin,train,Basal Cell Carcinoma,PAT_261_401_911.png,E:\Mega project\MedvisionAi-\ML-Model\data\Train\FYP skin disease Dataset\Basal Cell Carcinoma\PAT_261_401_911.png,300,300,RGBA,1.0,21.83,Non-RGB mode (RGBA)
skin,train,Basal Cell Carcinoma,PAT_264_405_118.png,E:\Mega project\MedvisionAi-\ML-Model\data\Train\FYP skin disease Dataset\Basal Cell Carcinoma\PAT_264_405_118.png,300,300,RGBA,1.0,16.36,Non-RGB mode (RGBA)
skin,train,Basal Cell Carcinoma,PAT_265_407_421.png,E:\Mega project\MedvisionAi-\ML-Model\data\Train\FYP skin disease Dataset\Basal Cell Carcinoma\PAT_265_407_421.png,300,300,RGBA,1.0,22.42,Non-RGB mode (RGBA)
skin,train,Basal Cell Carcinoma,PAT_267_1061_324.png,E:\Mega project\MedvisionAi-\ML-Model\data\Train\FYP skin disease Dataset\Basal Cell Carcinoma\PAT_267_1061_324.png,300,300,RGBA,1.0,24.37,Non-RGB mode (RGBA)
skin,train,Basal Cell Carcinoma,PAT_267_411_513.png,E:\Mega project\MedvisionAi-\ML-Model\data\Train\FYP skin disease Dataset\Basal Cell Carcinoma\PAT_267_411_513.png,300,300,RGBA,1.0,46.1,Non-RGB mode (RGBA)
skin,train,Basal Cell Carcinoma,PAT_267_412_275.png,E:\Mega project\MedvisionAi-\ML-Model\data\Train\FYP skin disease Dataset\Basal Cell Carcinoma\PAT_267_412_275.png,300,300,RGBA,1.0,18.0,Non-RGB mode (RGBA)
skin,train,Basal Cell Carcinoma,PAT_269_415_103.png,E:\Mega project\MedvisionAi-\ML-Model\data\Train\FYP skin disease Dataset\Basal Cell Carcinoma\PAT_269_415_103.png,300,300,RGBA,1.0,35.82,Non-RGB mode (RGBA)
skin,train,Basal Cell Carcinoma,PAT_270_416_398.png,E:\Mega project\MedvisionAi-\ML-Model\data\Train\FYP skin disease Dataset\Basal Cell Carcinoma\PAT_270_416_398.png,300,300,RGBA,1.0,9.85,Non-RGB mode (RGBA)
skin,train,Basal Cell Carcinoma,PAT_272_420_10.png,E:\Mega project\MedvisionAi-\ML-Model\data\Train\FYP skin disease Dataset\Basal Cell Carcinoma\PAT_272_420_10.png,300,300,RGBA,1.0,19.55,Non-RGB mode (RGBA)
skin,train,Basal Cell Carcinoma,PAT_272_420_25.png,E:\Mega project\MedvisionAi-\ML-Model\data\Train\FYP skin disease Dataset\Basal Cell Carcinoma\PAT_272_420_25.png,300,300,RGBA,1.0,22.42,Non-RGB mode (RGBA)
skin,train,Basal Cell Carcinoma,PAT_273_421_905.png,E:\Mega project\MedvisionAi-\ML-Model\data\Train\FYP skin disease Dataset\Basal Cell Carcinoma\PAT_273_421_905.png,300,300,RGBA,1.0,13.4,Non-RGB mode (RGBA)
skin,train,Basal Cell Carcinoma,PAT_275_424_966.png,E:\Mega project\MedvisionAi-\ML-Model\data\Train\FYP skin disease Dataset\Basal Cell Carcinoma\PAT_275_424_966.png,300,300,RGBA,1.0,26.31,Non-RGB mode (RGBA)
skin,train,Basal Cell Carcinoma,PAT_280_431_466.png,E:\Mega project\MedvisionAi-\ML-Model\data\Train\FYP skin disease Dataset\Basal Cell Carcinoma\PAT_280_431_466.png,300,300,RGBA,1.0,10.76,Non-RGB mode (RGBA)
skin,train,Basal Cell Carcinoma,PAT_288_441_312.png,E:\Mega project\MedvisionAi-\ML-Model\data\Train\FYP skin disease Dataset\Basal Cell Carcinoma\PAT_288_441_312.png,300,300,RGBA,1.0,17.43,Non-RGB mode (RGBA)
skin,train,Basal Cell Carcinoma,PAT_290_445_988.png,E:\Mega project\MedvisionAi-\ML-Model\data\Train\FYP skin disease Dataset\Basal Cell Carcinoma\PAT_290_445_988.png,300,300,RGBA,1.0,23.9,Non-RGB mode (RGBA)
skin,train,Basal Cell Carcinoma,PAT_294_638_564.png,E:\Mega project\MedvisionAi-\ML-Model\data\Train\FYP skin disease Dataset\Basal Cell Carcinoma\PAT_294_638_564.png,300,300,RGBA,1.0,26.85,Non-RGB mode (RGBA)
skin,train,Basal Cell Carcinoma,PAT_295_639_240.png,E:\Mega project\MedvisionAi-\ML-Model\data\Train\FYP skin disease Dataset\Basal Cell Carcinoma\PAT_295_639_240.png,300,300,RGBA,1.0,22.43,Non-RGB mode (RGBA)
skin,train,Basal Cell Carcinoma,PAT_299_1455_759.png,E:\Mega project\MedvisionAi-\ML-Model\data\Train\FYP skin disease Dataset\Basal Cell Carcinoma\PAT_299_1455_759.png,300,300,RGBA,1.0,31.44,Non-RGB mode (RGBA)
skin,train,Basal Cell Carcinoma,PAT_300_647_501.png,E:\Mega project\MedvisionAi-\ML-Model\data\Train\FYP skin disease Dataset\Basal Cell Carcinoma\PAT_300_647_501.png,300,300,RGBA,1.0,36.75,Non-RGB mode (RGBA)
skin,train,Basal Cell Carcinoma,PAT_301_649_533.png,E:\Mega project\MedvisionAi-\ML-Model\data\Train\FYP skin disease Dataset\Basal Cell Carcinoma\PAT_301_649_533.png,300,300,RGBA,1.0,31.69,Non-RGB mode (RGBA)
skin,train,Basal Cell Carcinoma,PAT_303_652_342.png,E:\Mega project\MedvisionAi-\ML-Model\data\Train\FYP skin disease Dataset\Basal Cell Carcinoma\PAT_303_652_342.png,300,300,RGBA,1.0,29.33,Non-RGB mode (RGBA)
skin,train,Basal Cell Carcinoma,PAT_305_655_30.png,E:\Mega project\MedvisionAi-\ML-Model\data\Train\FYP skin disease Dataset\Basal Cell Carcinoma\PAT_305_655_30.png,300,300,RGBA,1.0,20.45,Non-RGB mode (RGBA)
skin,train,Basal Cell Carcinoma,PAT_309_662_737.png,E:\Mega project\MedvisionAi-\ML-Model\data\Train\FYP skin disease Dataset\Basal Cell Carcinoma\PAT_309_662_737.png,300,300,RGBA,1.0,21.49,Non-RGB mode (RGBA)
skin,train,Basal Cell Carcinoma,PAT_309_662_76.png,E:\Mega project\MedvisionAi-\ML-Model\data\Train\FYP skin disease Dataset\Basal Cell Carcinoma\PAT_309_662_76.png,300,300,RGBA,1.0,21.6,Non-RGB mode (RGBA)
skin,train,Basal Cell Carcinoma,PAT_30_41_815.png,E:\Mega project\MedvisionAi-\ML-Model\data\Train\FYP skin disease Dataset\Basal Cell Carcinoma\PAT_30_41_815.png,300,300,RGBA,1.0,26.33,Non-RGB mode (RGBA)
skin,train,Basal Cell Carcinoma,PAT_312_668_480.png,E:\Mega project\MedvisionAi-\ML-Model\data\Train\FYP skin disease Dataset\Basal Cell Carcinoma\PAT_312_668_480.png,300,300,RGBA,1.0,31.98,Non-RGB mode (RGBA)
skin,train,Basal Cell Carcinoma,PAT_313_669_908.png,E:\Mega project\MedvisionAi-\ML-Model\data\Train\FYP skin disease Dataset\Basal Cell Carcinoma\PAT_313_669_908.png,300,300,RGBA,1.0,12.6,Non-RGB mode (RGBA)
skin,train,Basal Cell Carcinoma,PAT_314_672_909.png,E:\Mega project\MedvisionAi-\ML-Model\data\Train\FYP skin disease Dataset\Basal Cell Carcinoma\PAT_314_672_909.png,300,300,RGBA,1.0,14.78,Non-RGB mode (RGBA)
skin,train,Basal Cell Carcinoma,PAT_315_673_227.png,E:\Mega project\MedvisionAi-\ML-Model\data\Train\FYP skin disease Dataset\Basal Cell Carcinoma\PAT_315_673_227.png,300,300,RGBA,1.0,13.89,Non-RGB mode (RGBA)
skin,train,Basal Cell Carcinoma,PAT_319_679_533.png,E:\Mega project\MedvisionAi-\ML-Model\data\Train\FYP skin disease Dataset\Basal Cell Carcinoma\PAT_319_679_533.png,300,300,RGBA,1.0,21.92,Non-RGB mode (RGBA)
skin,train,Basal Cell Carcinoma,PAT_31_42_680.png,E:\Mega project\MedvisionAi-\ML-Model\data\Train\FYP skin disease Dataset\Basal Cell Carcinoma\PAT_31_42_680.png,300,300,RGBA,1.0,21.58,Non-RGB mode (RGBA)
skin,train,Basal Cell Carcinoma,PAT_31_43_129.png,E:\Mega project\MedvisionAi-\ML-Model\data\Train\FYP skin disease Dataset\Basal Cell Carcinoma\PAT_31_43_129.png,300,300,RGBA,1.0,32.86,Non-RGB mode (RGBA)
skin,train,Basal Cell Carcinoma,PAT_323_686_356.png,E:\Mega project\MedvisionAi-\ML-Model\data\Train\FYP skin disease Dataset\Basal Cell Carcinoma\PAT_323_686_356.png,300,300,RGBA,1.0,14.35,Non-RGB mode (RGBA)
skin,train,Basal Cell Carcinoma,PAT_324_1464_266.png,E:\Mega project\MedvisionAi-\ML-Model\data\Train\FYP skin disease Dataset\Basal Cell Carcinoma\PAT_324_1464_266.png,300,300,RGBA,1.0,14.94,Non-RGB mode (RGBA)
skin,train,Basal Cell Carcinoma,PAT_326_690_797.png,E:\Mega project\MedvisionAi-\ML-Model\data\Train\FYP skin disease Dataset\Basal Cell Carcinoma\PAT_326_690_797.png,300,300,RGBA,1.0,11.66,Non-RGB mode (RGBA)
skin,train,Basal Cell Carcinoma,PAT_326_690_823.png,E:\Mega project\MedvisionAi-\ML-Model\data\Train\FYP skin disease Dataset\Basal Cell Carcinoma\PAT_326_690_823.png,300,300,RGBA,1.0,16.42,Non-RGB mode (RGBA)
skin,train,Basal Cell Carcinoma,PAT_328_692_681.png,E:\Mega project\MedvisionAi-\ML-Model\data\Train\FYP skin disease Dataset\Basal Cell Carcinoma\PAT_328_692_681.png,300,300,RGBA,1.0,50.17,Non-RGB mode (RGBA)
skin,train,Basal Cell Carcinoma,PAT_32_44_211.png,E:\Mega project\MedvisionAi-\ML-Model\data\Train\FYP skin disease Dataset\Basal Cell Carcinoma\PAT_32_44_211.png,300,300,RGBA,1.0,16.31,Non-RGB mode (RGBA)
skin,train,Basal Cell Carcinoma,PAT_330_1438_323.png,E:\Mega project\MedvisionAi-\ML-Model\data\Train\FYP skin disease Dataset\Basal Cell Carcinoma\PAT_330_1438_323.png,300,300,RGBA,1.0,28.34,Non-RGB mode (RGBA)
skin,train,Basal Cell Carcinoma,PAT_336_705_711.png,E:\Mega project\MedvisionAi-\ML-Model\data\Train\FYP skin disease Dataset\Basal Cell Carcinoma\PAT_336_705_711.png,300,300,RGBA,1.0,12.11,Non-RGB mode (RGBA)
skin,train,Basal Cell Carcinoma,PAT_337_706_254.png,E:\Mega project\MedvisionAi-\ML-Model\data\Train\FYP skin disease Dataset\Basal Cell Carcinoma\PAT_337_706_254.png,300,300,RGBA,1.0,14.21,Non-RGB mode (RGBA)
skin,train,Basal Cell Carcinoma,PAT_337_706_944.png,E:\Mega project\MedvisionAi-\ML-Model\data\Train\FYP skin disease Dataset\Basal Cell Carcinoma\PAT_337_706_944.png,300,300,RGBA,1.0,12.29,Non-RGB mode (RGBA)
skin,train,Basal Cell Carcinoma,PAT_338_707_774.png,E:\Mega project\MedvisionAi-\ML-Model\data\Train\FYP skin disease Dataset\Basal Cell Carcinoma\PAT_338_707_774.png,300,300,RGBA,1.0,34.26,Non-RGB mode (RGBA)
skin,train,Basal Cell Carcinoma,PAT_342_716_316.png,E:\Mega project\MedvisionAi-\ML-Model\data\Train\FYP skin disease Dataset\Basal Cell Carcinoma\PAT_342_716_316.png,300,300,RGBA,1.0,11.58,Non-RGB mode (RGBA)
skin,train,Basal Cell Carcinoma,PAT_342_716_845.png,E:\Mega project\MedvisionAi-\ML-Model\data\Train\FYP skin disease Dataset\Basal Cell Carcinoma\PAT_342_716_845.png,300,300,RGBA,1.0,10.06,Non-RGB mode (RGBA)
skin,train,Basal Cell Carcinoma,PAT_346_720_265.png,E:\Mega project\MedvisionAi-\ML-Model\data\Train\FYP skin disease Dataset\Basal Cell Carcinoma\PAT_346_720_265.png,300,300,RGBA,1.0,23.9,Non-RGB mode (RGBA)
skin,train,Basal Cell Carcinoma,PAT_34_47_108.png,E:\Mega project\MedvisionAi-\ML-Model\data\Train\FYP skin disease Dataset\Basal Cell Carcinoma\PAT_34_47_108.png,300,300,RGBA,1.0,18.02,Non-RGB mode (RGBA)
skin,train,Basal Cell Carcinoma,PAT_351_728_683.png,E:\Mega project\MedvisionAi-\ML-Model\data\Train\FYP skin disease Dataset\Basal Cell Carcinoma\PAT_351_728_683.png,300,300,RGBA,1.0,15.64,Non-RGB mode (RGBA)
skin,train,Basal Cell Carcinoma,PAT_354_731_155.png,E:\Mega project\MedvisionAi-\ML-Model\data\Train\FYP skin disease Dataset\Basal Cell Carcinoma\PAT_354_731_155.png,300,300,RGBA,1.0,13.65,Non-RGB mode (RGBA)
skin,train,Basal Cell Carcinoma,PAT_355_732_102.png,E:\Mega project\MedvisionAi-\ML-Model\data\Train\FYP skin disease Dataset\Basal Cell Carcinoma\PAT_355_732_102.png,300,300,RGBA,1.0,20.3,Non-RGB mode (RGBA)
skin,train,Basal Cell Carcinoma,PAT_356_736_188.png,E:\Mega project\MedvisionAi-\ML-Model\data\Train\FYP skin disease Dataset\Basal Cell Carcinoma\PAT_356_736_188.png,300,300,RGBA,1.0,29.5,Non-RGB mode (RGBA)
skin,train,Basal Cell Carcinoma,PAT_357_737_77.png,E:\Mega project\MedvisionAi-\ML-Model\data\Train\FYP skin disease Dataset\Basal Cell Carcinoma\PAT_357_737_77.png,300,300,RGBA,1.0,17.76,Non-RGB mode (RGBA)
skin,train,Basal Cell Carcinoma,PAT_358_738_837.png,E:\Mega project\MedvisionAi-\ML-Model\data\Train\FYP skin disease Dataset\Basal Cell Carcinoma\PAT_358_738_837.png,300,300,RGBA,1.0,8.9,Non-RGB mode (RGBA)
skin,train,Basal Cell Carcinoma,PAT_35_48_43.png,E:\Mega project\MedvisionAi-\ML-Model\data\Train\FYP skin disease Dataset\Basal Cell Carcinoma\PAT_35_48_43.png,300,300,RGBA,1.0,20.94,Non-RGB mode (RGBA)
skin,train,Basal Cell Carcinoma,PAT_363_745_516.png,E:\Mega project\MedvisionAi-\ML-Model\data\Train\FYP skin disease Dataset\Basal Cell Carcinoma\PAT_363_745_516.png,300,300,RGBA,1.0,7.12,Non-RGB mode (RGBA)
skin,train,Basal Cell Carcinoma,PAT_363_746_18.png,E:\Mega project\MedvisionAi-\ML-Model\data\Train\FYP skin disease Dataset\Basal Cell Carcinoma\PAT_363_746_18.png,300,300,RGBA,1.0,11.44,Non-RGB mode (RGBA)
skin,train,Basal Cell Carcinoma,PAT_364_748_278.png,E:\Mega project\MedvisionAi-\ML-Model\data\Train\FYP skin disease Dataset\Basal Cell Carcinoma\PAT_364_748_278.png,300,300,RGBA,1.0,25.72,Non-RGB mode (RGBA)
skin,train,Basal Cell Carcinoma,PAT_366_752_782.png,E:\Mega project\MedvisionAi-\ML-Model\data\Train\FYP skin disease Dataset\Basal Cell Carcinoma\PAT_366_752_782.png,300,300,RGBA,1.0,11.45,Non-RGB mode (RGBA)
skin,train,Basal Cell Carcinoma,PAT_36_49_935.png,E:\Mega project\MedvisionAi-\ML-Model\data\Train\FYP skin disease Dataset\Basal Cell Carcinoma\PAT_36_49_935.png,300,300,RGBA,1.0,27.71,Non-RGB mode (RGBA)
skin,train,Basal Cell Carcinoma,PAT_375_764_705.png,E:\Mega project\MedvisionAi-\ML-Model\data\Train\FYP skin disease Dataset\Basal Cell Carcinoma\PAT_375_764_705.png,300,300,RGBA,1.0,16.67,Non-RGB mode (RGBA)
skin,train,Basal Cell Carcinoma,PAT_377_768_643.png,E:\Mega project\MedvisionAi-\ML-Model\data\Train\FYP skin disease Dataset\Basal Cell Carcinoma\PAT_377_768_643.png,300,300,RGBA,1.0,16.3,Non-RGB mode (RGBA)
skin,train,Basal Cell Carcinoma,PAT_378_769_36.png,E:\Mega project\MedvisionAi-\ML-Model\data\Train\FYP skin disease Dataset\Basal Cell Carcinoma\PAT_378_769_36.png,300,300,RGBA,1.0,28.9,Non-RGB mode (RGBA)
skin,train,Basal Cell Carcinoma,PAT_378_770_302.png,E:\Mega project\MedvisionAi-\ML-Model\data\Train\FYP skin disease Dataset\Basal Cell Carcinoma\PAT_378_770_302.png,300,300,RGBA,1.0,14.04,Non-RGB mode (RGBA)
skin,train,Basal Cell Carcinoma,PAT_380_773_542.png,E:\Mega project\MedvisionAi-\ML-Model\data\Train\FYP skin disease Dataset\Basal Cell Carcinoma\PAT_380_773_542.png,300,300,RGBA,1.0,14.35,Non-RGB mode (RGBA)
skin,train,Basal Cell Carcinoma,PAT_381_775_566.png,E:\Mega project\MedvisionAi-\ML-Model\data\Train\FYP skin disease Dataset\Basal Cell Carcinoma\PAT_381_775_566.png,300,300,RGBA,1.0,16.62,Non-RGB mode (RGBA)
skin,train,Basal Cell Carcinoma,PAT_382_776_986.png,E:\Mega project\MedvisionAi-\ML-Model\data\Train\FYP skin disease Dataset\Basal Cell Carcinoma\PAT_382_776_986.png,300,300,RGBA,1.0,15.79,Non-RGB mode (RGBA)
skin,train,Basal Cell Carcinoma,PAT_383_779_429.png,E:\Mega project\MedvisionAi-\ML-Model\data\Train\FYP skin disease Dataset\Basal Cell Carcinoma\PAT_383_779_429.png,300,300,RGBA,1.0,32.33,Non-RGB mode (RGBA)
skin,train,Basal Cell Carcinoma,PAT_385_783_574.png,E:\Mega project\MedvisionAi-\ML-Model\data\Train\FYP skin disease Dataset\Basal Cell Carcinoma\PAT_385_783_574.png,300,300,RGBA,1.0,27.76,Non-RGB mode (RGBA)
skin,train,Basal Cell Carcinoma,PAT_386_1554_280.png,E:\Mega project\MedvisionAi-\ML-Model\data\Train\FYP skin disease Dataset\Basal Cell Carcinoma\PAT_386_1554_280.png,300,300,RGBA,1.0,14.04,Non-RGB mode (RGBA)
skin,train,Basal Cell Carcinoma,PAT_388_1590_518.png,E:\Mega project\MedvisionAi-\ML-Model\data\Train\FYP skin disease Dataset\Basal Cell Carcinoma\PAT_388_1590_518.png,300,300,RGBA,1.0,17.13,Non-RGB mode (RGBA)
skin,train,Basal Cell Carcinoma,PAT_388_1592_850.png,E:\Mega project\MedvisionAi-\ML-Model\data\Train\FYP skin disease Dataset\Basal Cell Carcinoma\PAT_388_1592_850.png,300,300,RGBA,1.0,23.49,Non-RGB mode (RGBA)
skin,train,Basal Cell Carcinoma,PAT_38_53_198.png,E:\Mega project\MedvisionAi-\ML-Model\data\Train\FYP skin disease Dataset\Basal Cell Carcinoma\PAT_38_53_198.png,300,300,RGBA,1.0,32.29,Non-RGB mode (RGBA)
skin,train,Basal Cell Carcinoma,PAT_392_792_22.png,E:\Mega project\MedvisionAi-\ML-Model\data\Train\FYP skin disease Dataset\Basal Cell Carcinoma\PAT_392_792_22.png,300,300,RGBA,1.0,23.63,Non-RGB mode (RGBA)
skin,train,Basal Cell Carcinoma,PAT_392_792_712.png,E:\Mega project\MedvisionAi-\ML-Model\data\Train\FYP skin disease Dataset\Basal Cell Carcinoma\PAT_392_792_712.png,300,300,RGBA,1.0,30.07,Non-RGB mode (RGBA)
skin,train,Basal Cell Carcinoma,PAT_394_1562_579.png,E:\Mega project\MedvisionAi-\ML-Model\data\Train\FYP skin disease Dataset\Basal Cell Carcinoma\PAT_394_1562_579.png,300,300,RGBA,1.0,19.65,Non-RGB mode (RGBA)
skin,train,Basal Cell Carcinoma,PAT_394_794_235.png,E:\Mega project\MedvisionAi-\ML-Model\data\Train\FYP skin disease Dataset\Basal Cell Carcinoma\PAT_394_794_235.png,300,300,RGBA,1.0,20.99,Non-RGB mode (RGBA)
skin,train,Basal Cell Carcinoma,PAT_39_55_233.png,E:\Mega project\MedvisionAi-\ML-Model\data\Train\FYP skin disease Dataset\Basal Cell Carcinoma\PAT_39_55_233.png,300,300,RGBA,1.0,24.31,Non-RGB mode (RGBA)
skin,train,Basal Cell Carcinoma,PAT_406_1542_301.png,E:\Mega project\MedvisionAi-\ML-Model\data\Train\FYP skin disease Dataset\Basal Cell Carcinoma\PAT_406_1542_301.png,300,300,RGBA,1.0,12.41,Non-RGB mode (RGBA)
skin,train,Basal Cell Carcinoma,PAT_406_808_560.png,E:\Mega project\MedvisionAi-\ML-Model\data\Train\FYP skin disease Dataset\Basal Cell Carcinoma\PAT_406_808_560.png,300,300,RGBA,1.0,13.54,Non-RGB mode (RGBA)
skin,train,Basal Cell Carcinoma,PAT_406_808_975.png,E:\Mega project\MedvisionAi-\ML-Model\data\Train\FYP skin disease Dataset\Basal Cell Carcinoma\PAT_406_808_975.png,300,300,RGBA,1.0,12.6,Non-RGB mode (RGBA)
skin,train,Basal Cell Carcinoma,PAT_406_809_581.png,E:\Mega project\MedvisionAi-\ML-Model\data\Train\FYP skin disease Dataset\Basal Cell Carcinoma\PAT_406_809_581.png,300,300,RGBA,1.0,16.84,Non-RGB mode (RGBA)
skin,train,Basal Cell Carcinoma,PAT_407_810_390.png,E:\Mega project\MedvisionAi-\ML-Model\data\Train\FYP skin disease Dataset\Basal Cell Carcinoma\PAT_407_810_390.png,300,300,RGBA,1.0,22.55,Non-RGB mode (RGBA)
skin,train,Basal Cell Carcinoma,PAT_40_1026_312.png,E:\Mega project\MedvisionAi-\ML-Model\data\Train\FYP skin disease Dataset\Basal Cell Carcinoma\PAT_40_1026_312.png,300,300,RGBA,1.0,17.37,Non-RGB mode (RGBA)
skin,train,Basal Cell Carcinoma,PAT_40_56_160.png,E:\Mega project\MedvisionAi-\ML-Model\data\Train\FYP skin disease Dataset\Basal Cell Carcinoma\PAT_40_56_160.png,300,300,RGBA,1.0,16.3,Non-RGB mode (RGBA)
skin,train,Basal Cell Carcinoma,PAT_40_56_499.png,E:\Mega project\MedvisionAi-\ML-Model\data\Train\FYP skin disease Dataset\Basal Cell Carcinoma\PAT_40_56_499.png,300,300,RGBA,1.0,15.97,Non-RGB mode (RGBA)
skin,train,Basal Cell Carcinoma,PAT_413_819_268.png,E:\Mega project\MedvisionAi-\ML-Model\data\Train\FYP skin disease Dataset\Basal Cell Carcinoma\PAT_413_819_268.png,300,300,RGBA,1.0,56.47,Non-RGB mode (RGBA)
skin,train,Basal Cell Carcinoma,PAT_416_824_540.png,E:\Mega project\MedvisionAi-\ML-Model\data\Train\FYP skin disease Dataset\Basal Cell Carcinoma\PAT_416_824_540.png,300,300,RGBA,1.0,29.5,Non-RGB mode (RGBA)
skin,train,Basal Cell Carcinoma,PAT_416_826_123.png,E:\Mega project\MedvisionAi-\ML-Model\data\Train\FYP skin disease Dataset\Basal Cell Carcinoma\PAT_416_826_123.png,300,300,RGBA,1.0,17.1,Non-RGB mode (RGBA)
skin,train,Basal Cell Carcinoma,PAT_419_832_706.png,E:\Mega project\MedvisionAi-\ML-Model\data\Train\FYP skin disease Dataset\Basal Cell Carcinoma\PAT_419_832_706.png,300,300,RGBA,1.0,38.73,Non-RGB mode (RGBA)
skin,train,Basal Cell Carcinoma,PAT_422_837_617.png,E:\Mega project\MedvisionAi-\ML-Model\data\Train\FYP skin disease Dataset\Basal Cell Carcinoma\PAT_422_837_617.png,300,300,RGBA,1.0,24.09,Non-RGB mode (RGBA)
skin,train,Basal Cell Carcinoma,PAT_423_839_717.png,E:\Mega project\MedvisionAi-\ML-Model\data\Train\FYP skin disease Dataset\Basal Cell Carcinoma\PAT_423_839_717.png,300,300,RGBA,1.0,20.8,Non-RGB mode (RGBA)
skin,train,Basal Cell Carcinoma,PAT_430_848_550.png,E:\Mega project\MedvisionAi-\ML-Model\data\Train\FYP skin disease Dataset\Basal Cell Carcinoma\PAT_430_848_550.png,300,300,RGBA,1.0,14.74,Non-RGB mode (RGBA)
skin,train,Basal Cell Carcinoma,PAT_432_851_386.png,E:\Mega project\MedvisionAi-\ML-Model\data\Train\FYP skin disease Dataset\Basal Cell Carcinoma\PAT_432_851_386.png,300,300,RGBA,1.0,23.29,Non-RGB mode (RGBA)
skin,train,Basal Cell Carcinoma,PAT_432_851_560.png,E:\Mega project\MedvisionAi-\ML-Model\data\Train\FYP skin disease Dataset\Basal Cell Carcinoma\PAT_432_851_560.png,300,300,RGBA,1.0,26.31,Non-RGB mode (RGBA)
skin,train,Basal Cell Carcinoma,PAT_435_854_68.png,E:\Mega project\MedvisionAi-\ML-Model\data\Train\FYP skin disease Dataset\Basal Cell Carcinoma\PAT_435_854_68.png,300,300,RGBA,1.0,17.4,Non-RGB mode (RGBA)
skin,train,Basal Cell Carcinoma,PAT_43_1017_483.png,E:\Mega project\MedvisionAi-\ML-Model\data\Train\FYP skin disease Dataset\Basal Cell Carcinoma\PAT_43_1017_483.png,300,300,RGBA,1.0,6.37,Non-RGB mode (RGBA)
skin,train,Basal Cell Carcinoma,PAT_442_863_795.png,E:\Mega project\MedvisionAi-\ML-Model\data\Train\FYP skin disease Dataset\Basal Cell Carcinoma\PAT_442_863_795.png,300,300,RGBA,1.0,15.7,Non-RGB mode (RGBA)
skin,train,Basal Cell Carcinoma,PAT_443_864_894.png,E:\Mega project\MedvisionAi-\ML-Model\data\Train\FYP skin disease Dataset\Basal Cell Carcinoma\PAT_443_864_894.png,300,300,RGBA,1.0,12.5,Non-RGB mode (RGBA)
skin,train,Basal Cell Carcinoma,PAT_445_871_524.png,E:\Mega project\MedvisionAi-\ML-Model\data\Train\FYP skin disease Dataset\Basal Cell Carcinoma\PAT_445_871_524.png,300,300,RGBA,1.0,39.31,Non-RGB mode (RGBA)
skin,train,Basal Cell Carcinoma,PAT_451_878_890.png,E:\Mega project\MedvisionAi-\ML-Model\data\Train\FYP skin disease Dataset\Basal Cell Carcinoma\PAT_451_878_890.png,300,300,RGBA,1.0,10.97,Non-RGB mode (RGBA)
skin,train,Basal Cell Carcinoma,PAT_456_887_499.png,E:\Mega project\MedvisionAi-\ML-Model\data\Train\FYP skin disease Dataset\Basal Cell Carcinoma\PAT_456_887_499.png,300,300,RGBA,1.0,13.76,Non-RGB mode (RGBA)
skin,train,Basal Cell Carcinoma,PAT_456_888_961.png,E:\Mega project\MedvisionAi-\ML-Model\data\Train\FYP skin disease Dataset\Basal Cell Carcinoma\PAT_456_888_961.png,300,300,RGBA,1.0,13.3,Non-RGB mode (RGBA)
skin,train,Basal Cell Carcinoma,PAT_457_889_346.png,E:\Mega project\MedvisionAi-\ML-Model\data\Train\FYP skin disease Dataset\Basal Cell Carcinoma\PAT_457_889_346.png,300,300,RGBA,1.0,23.78,Non-RGB mode (RGBA)
skin,train,Basal Cell Carcinoma,PAT_458_891_709.png,E:\Mega project\MedvisionAi-\ML-Model\data\Train\FYP skin disease Dataset\Basal Cell Carcinoma\PAT_458_891_709.png,300,300,RGBA,1.0,10.34,Non-RGB mode (RGBA)
skin,train,Basal Cell Carcinoma,PAT_460_894_401.png,E:\Mega project\MedvisionAi-\ML-Model\data\Train\FYP skin disease Dataset\Basal Cell Carcinoma\PAT_460_894_401.png,300,300,RGBA,1.0,30.52,Non-RGB mode (RGBA)
skin,train,Basal Cell Carcinoma,PAT_461_895_72.png,E:\Mega project\MedvisionAi-\ML-Model\data\Train\FYP skin disease Dataset\Basal Cell Carcinoma\PAT_461_895_72.png,300,300,RGBA,1.0,30.16,Non-RGB mode (RGBA)
skin,train,Basal Cell Carcinoma,PAT_462_896_893.png,E:\Mega project\MedvisionAi-\ML-Model\data\Train\FYP skin disease Dataset\Basal Cell Carcinoma\PAT_462_896_893.png,300,300,RGBA,1.0,24.43,Non-RGB mode (RGBA)
skin,train,Basal Cell Carcinoma,PAT_464_1794_78.png,E:\Mega project\MedvisionAi-\ML-Model\data\Train\FYP skin disease Dataset\Basal Cell Carcinoma\PAT_464_1794_78.png,300,300,RGBA,1.0,24.62,Non-RGB mode (RGBA)
skin,train,Basal Cell Carcinoma,PAT_464_899_646.png,E:\Mega project\MedvisionAi-\ML-Model\data\Train\FYP skin disease Dataset\Basal Cell Carcinoma\PAT_464_899_646.png,300,300,RGBA,1.0,43.4,Non-RGB mode (RGBA)
skin,train,Basal Cell Carcinoma,PAT_464_900_548.png,E:\Mega project\MedvisionAi-\ML-Model\data\Train\FYP skin disease Dataset\Basal Cell Carcinoma\PAT_464_900_548.png,300,300,RGBA,1.0,31.27,Non-RGB mode (RGBA)
skin,train,Basal Cell Carcinoma,PAT_466_903_893.png,E:\Mega project\MedvisionAi-\ML-Model\data\Train\FYP skin disease Dataset\Basal Cell Carcinoma\PAT_466_903_893.png,300,300,RGBA,1.0,14.39,Non-RGB mode (RGBA)
skin,train,Basal Cell Carcinoma,PAT_467_904_235.png,E:\Mega project\MedvisionAi-\ML-Model\data\Train\FYP skin disease Dataset\Basal Cell Carcinoma\PAT_467_904_235.png,300,300,RGBA,1.0,10.14,Non-RGB mode (RGBA)
skin,train,Basal Cell Carcinoma,PAT_467_904_535.png,E:\Mega project\MedvisionAi-\ML-Model\data\Train\FYP skin disease Dataset\Basal Cell Carcinoma\PAT_467_904_535.png,300,300,RGBA,1.0,13.39,Non-RGB mode (RGBA)
skin,train,Basal Cell Carcinoma,PAT_468_905_765.png,E:\Mega project\MedvisionAi-\ML-Model\data\Train\FYP skin disease Dataset\Basal Cell Carcinoma\PAT_468_905_765.png,300,300,RGBA,1.0,20.68,Non-RGB mode (RGBA)
skin,train,Basal Cell Carcinoma,PAT_46_879_225.png,E:\Mega project\MedvisionAi-\ML-Model\data\Train\FYP skin disease Dataset\Basal Cell Carcinoma\PAT_46_879_225.png,300,300,RGBA,1.0,21.93,Non-RGB mode (RGBA)
skin,train,Basal Cell Carcinoma,PAT_46_879_386.png,E:\Mega project\MedvisionAi-\ML-Model\data\Train\FYP skin disease Dataset\Basal Cell Carcinoma\PAT_46_879_386.png,300,300,RGBA,1.0,17.14,Non-RGB mode (RGBA)
skin,train,Basal Cell Carcinoma,PAT_46_880_308.png,E:\Mega project\MedvisionAi-\ML-Model\data\Train\FYP skin disease Dataset\Basal Cell Carcinoma\PAT_46_880_308.png,300,300,RGBA,1.0,16.34,Non-RGB mode (RGBA)
skin,train,Basal Cell Carcinoma,PAT_46_881_14.png,E:\Mega project\MedvisionAi-\ML-Model\data\Train\FYP skin disease Dataset\Basal Cell Carcinoma\PAT_46_881_14.png,300,300,RGBA,1.0,21.67,Non-RGB mode (RGBA)
skin,train,Basal Cell Carcinoma,PAT_470_908_103.png,E:\Mega project\MedvisionAi-\ML-Model\data\Train\FYP skin disease Dataset\Basal Cell Carcinoma\PAT_470_908_103.png,300,300,RGBA,1.0,21.58,Non-RGB mode (RGBA)
skin,train,Basal Cell Carcinoma,PAT_472_910_453.png,E:\Mega project\MedvisionAi-\ML-Model\data\Train\FYP skin disease Dataset\Basal Cell Carcinoma\PAT_472_910_453.png,300,300,RGBA,1.0,13.86,Non-RGB mode (RGBA)
skin,train,Basal Cell Carcinoma,PAT_473_911_610.png,E:\Mega project\MedvisionAi-\ML-Model\data\Train\FYP skin disease Dataset\Basal Cell Carcinoma\PAT_473_911_610.png,300,300,RGBA,1.0,20.85,Non-RGB mode (RGBA)
skin,train,Basal Cell Carcinoma,PAT_473_911_630.png,E:\Mega project\MedvisionAi-\ML-Model\data\Train\FYP skin disease Dataset\Basal Cell Carcinoma\PAT_473_911_630.png,300,300,RGBA,1.0,16.62,Non-RGB mode (RGBA)
skin,train,Basal Cell Carcinoma,PAT_474_912_879.png,E:\Mega project\MedvisionAi-\ML-Model\data\Train\FYP skin disease Dataset\Basal Cell Carcinoma\PAT_474_912_879.png,300,300,RGBA,1.0,22.16,Non-RGB mode (RGBA)
skin,train,Basal Cell Carcinoma,PAT_477_915_389.png,E:\Mega project\MedvisionAi-\ML-Model\data\Train\FYP skin disease Dataset\Basal Cell Carcinoma\PAT_477_915_389.png,300,300,RGBA,1.0,15.23,Non-RGB mode (RGBA)
skin,train,Basal Cell Carcinoma,PAT_478_1829_141.png,E:\Mega project\MedvisionAi-\ML-Model\data\Train\FYP skin disease Dataset\Basal Cell Carcinoma\PAT_478_1829_141.png,300,300,RGBA,1.0,27.45,Non-RGB mode (RGBA)
skin,train,Basal Cell Carcinoma,PAT_478_916_806.png,E:\Mega project\MedvisionAi-\ML-Model\data\Train\FYP skin disease Dataset\Basal Cell Carcinoma\PAT_478_916_806.png,300,300,RGBA,1.0,19.98,Non-RGB mode (RGBA)
skin,train,Basal Cell Carcinoma,PAT_479_917_41.png,E:\Mega project\MedvisionAi-\ML-Model\data\Train\FYP skin disease Dataset\Basal Cell Carcinoma\PAT_479_917_41.png,300,300,RGBA,1.0,22.83,Non-RGB mode (RGBA)
skin,train,Basal Cell Carcinoma,PAT_479_917_598.png,E:\Mega project\MedvisionAi-\ML-Model\data\Train\FYP skin disease Dataset\Basal Cell Carcinoma\PAT_479_917_598.png,300,300,RGBA,1.0,22.94,Non-RGB mode (RGBA)
skin,train,Basal Cell Carcinoma,PAT_479_919_97.png,E:\Mega project\MedvisionAi-\ML-Model\data\Train\FYP skin disease Dataset\Basal Cell Carcinoma\PAT_479_919_97.png,300,300,RGBA,1.0,12.4,Non-RGB mode (RGBA)
skin,train,Basal Cell Carcinoma,PAT_483_925_716.png,E:\Mega project\MedvisionAi-\ML-Model\data\Train\FYP skin disease Dataset\Basal Cell Carcinoma\PAT_483_925_716.png,300,300,RGBA,1.0,20.97,Non-RGB mode (RGBA)
skin,train,Basal Cell Carcinoma,PAT_485_928_796.png,E:\Mega project\MedvisionAi-\ML-Model\data\Train\FYP skin disease Dataset\Basal Cell Carcinoma\PAT_485_928_796.png,300,300,RGBA,1.0,20.63,Non-RGB mode (RGBA)
skin,train,Basal Cell Carcinoma,PAT_488_931_321.png,E:\Mega project\MedvisionAi-\ML-Model\data\Train\FYP skin disease Dataset\Basal Cell Carcinoma\PAT_488_931_321.png,300,300,RGBA,1.0,15.48,Non-RGB mode (RGBA)
skin,train,Basal Cell Carcinoma,PAT_489_932_138.png,E:\Mega project\MedvisionAi-\ML-Model\data\Train\FYP skin disease Dataset\Basal Cell Carcinoma\PAT_489_932_138.png,300,300,RGBA,1.0,25.83,Non-RGB mode (RGBA)
skin,train,Basal Cell Carcinoma,PAT_494_939_518.png,E:\Mega project\MedvisionAi-\ML-Model\data\Train\FYP skin disease Dataset\Basal Cell Carcinoma\PAT_494_939_518.png,300,300,RGBA,1.0,29.95,Non-RGB mode (RGBA)
skin,train,Basal Cell Carcinoma,PAT_499_945_878.png,E:\Mega project\MedvisionAi-\ML-Model\data\Train\FYP skin disease Dataset\Basal Cell Carcinoma\PAT_499_945_878.png,300,300,RGBA,1.0,12.67,Non-RGB mode (RGBA)
skin,train,Basal Cell Carcinoma,PAT_503_950_368.png,E:\Mega project\MedvisionAi-\ML-Model\data\Train\FYP skin disease Dataset\Basal Cell Carcinoma\PAT_503_950_368.png,300,300,RGBA,1.0,17.48,Non-RGB mode (RGBA)
skin,train,Basal Cell Carcinoma,PAT_503_950_552.png,E:\Mega project\MedvisionAi-\ML-Model\data\Train\FYP skin disease Dataset\Basal Cell Carcinoma\PAT_503_950_552.png,300,300,RGBA,1.0,26.09,Non-RGB mode (RGBA)
skin,train,Basal Cell Carcinoma,PAT_505_951_710.png,E:\Mega project\MedvisionAi-\ML-Model\data\Train\FYP skin disease Dataset\Basal Cell Carcinoma\PAT_505_951_710.png,300,300,RGBA,1.0,16.58,Non-RGB mode (RGBA)
skin,train,Basal Cell Carcinoma,PAT_507_954_812.png,E:\Mega project\MedvisionAi-\ML-Model\data\Train\FYP skin disease Dataset\Basal Cell Carcinoma\PAT_507_954_812.png,300,300,RGBA,1.0,12.34,Non-RGB mode (RGBA)
skin,train,Basal Cell Carcinoma,PAT_50_76_728.png,E:\Mega project\MedvisionAi-\ML-Model\data\Train\FYP skin disease Dataset\Basal Cell Carcinoma\PAT_50_76_728.png,300,300,RGBA,1.0,28.71,Non-RGB mode (RGBA)
skin,train,Basal Cell Carcinoma,PAT_510_959_174.png,E:\Mega project\MedvisionAi-\ML-Model\data\Train\FYP skin disease Dataset\Basal Cell Carcinoma\PAT_510_959_174.png,300,300,RGBA,1.0,17.99,Non-RGB mode (RGBA)
skin,train,Basal Cell Carcinoma,PAT_510_959_985.png,E:\Mega project\MedvisionAi-\ML-Model\data\Train\FYP skin disease Dataset\Basal Cell Carcinoma\PAT_510_959_985.png,300,300,RGBA,1.0,16.96,Non-RGB mode (RGBA)
skin,train,Basal Cell Carcinoma,PAT_512_962_998.png,E:\Mega project\MedvisionAi-\ML-Model\data\Train\FYP skin disease Dataset\Basal Cell Carcinoma\PAT_512_962_998.png,300,300,RGBA,1.0,16.25,Non-RGB mode (RGBA)
skin,train,Basal Cell Carcinoma,PAT_513_965_496.png,E:\Mega project\MedvisionAi-\ML-Model\data\Train\FYP skin disease Dataset\Basal Cell Carcinoma\PAT_513_965_496.png,300,300,RGBA,1.0,17.66,Non-RGB mode (RGBA)
skin,train,Basal Cell Carcinoma,PAT_514_967_300.png,E:\Mega project\MedvisionAi-\ML-Model\data\Train\FYP skin disease Dataset\Basal Cell Carcinoma\PAT_514_967_300.png,300,300,RGBA,1.0,14.79,Non-RGB mode (RGBA)
skin,train,Basal Cell Carcinoma,PAT_514_967_908.png,E:\Mega project\MedvisionAi-\ML-Model\data\Train\FYP skin disease Dataset\Basal Cell Carcinoma\PAT_514_967_908.png,300,300,RGBA,1.0,14.58,Non-RGB mode (RGBA)
skin,train,Basal Cell Carcinoma,PAT_514_968_269.png,E:\Mega project\MedvisionAi-\ML-Model\data\Train\FYP skin disease Dataset\Basal Cell Carcinoma\PAT_514_968_269.png,300,300,RGBA,1.0,23.38,Non-RGB mode (RGBA)
skin,train,Basal Cell Carcinoma,PAT_514_969_187.png,E:\Mega project\MedvisionAi-\ML-Model\data\Train\FYP skin disease Dataset\Basal Cell Carcinoma\PAT_514_969_187.png,300,300,RGBA,1.0,23.02,Non-RGB mode (RGBA)
skin,train,Basal Cell Carcinoma,PAT_516_966_57.png,E:\Mega project\MedvisionAi-\ML-Model\data\Train\FYP skin disease Dataset\Basal Cell Carcinoma\PAT_516_966_57.png,300,300,RGBA,1.0,39.63,Non-RGB mode (RGBA)
skin,train,Basal Cell Carcinoma,PAT_517_972_845.png,E:\Mega project\MedvisionAi-\ML-Model\data\Train\FYP skin disease Dataset\Basal Cell Carcinoma\PAT_517_972_845.png,300,300,RGBA,1.0,14.35,Non-RGB mode (RGBA)
skin,train,Basal Cell Carcinoma,PAT_520_983_932.png,E:\Mega project\MedvisionAi-\ML-Model\data\Train\FYP skin disease Dataset\Basal Cell Carcinoma\PAT_520_983_932.png,300,300,RGBA,1.0,17.34,Non-RGB mode (RGBA)
skin,train,Basal Cell Carcinoma,PAT_521_984_412.png,E:\Mega project\MedvisionAi-\ML-Model\data\Train\FYP skin disease Dataset\Basal Cell Carcinoma\PAT_521_984_412.png,300,300,RGBA,1.0,14.49,Non-RGB mode (RGBA)
skin,train,Basal Cell Carcinoma,PAT_522_986_800.png,E:\Mega project\MedvisionAi-\ML-Model\data\Train\FYP skin disease Dataset\Basal Cell Carcinoma\PAT_522_986_800.png,300,300,RGBA,1.0,13.09,Non-RGB mode (RGBA)
skin,train,Basal Cell Carcinoma,PAT_523_988_851.png,E:\Mega project\MedvisionAi-\ML-Model\data\Train\FYP skin disease Dataset\Basal Cell Carcinoma\PAT_523_988_851.png,300,300,RGBA,1.0,12.49,Non-RGB mode (RGBA)
skin,train,Basal Cell Carcinoma,PAT_523_988_900.png,E:\Mega project\MedvisionAi-\ML-Model\data\Train\FYP skin disease Dataset\Basal Cell Carcinoma\PAT_523_988_900.png,300,300,RGBA,1.0,8.01,Non-RGB mode (RGBA)
skin,train,Basal Cell Carcinoma,PAT_524_987_738.png,E:\Mega project\MedvisionAi-\ML-Model\data\Train\FYP skin disease Dataset\Basal Cell Carcinoma\PAT_524_987_738.png,300,300,RGBA,1.0,17.64,Non-RGB mode (RGBA)
skin,train,Basal Cell Carcinoma,PAT_529_994_419.png,E:\Mega project\MedvisionAi-\ML-Model\data\Train\FYP skin disease Dataset\Basal Cell Carcinoma\PAT_529_994_419.png,300,300,RGBA,1.0,29.76,Non-RGB mode (RGBA)
skin,train,Basal Cell Carcinoma,PAT_531_1004_189.png,E:\Mega project\MedvisionAi-\ML-Model\data\Train\FYP skin disease Dataset\Basal Cell Carcinoma\PAT_531_1004_189.png,300,300,RGBA,1.0,15.67,Non-RGB mode (RGBA)
skin,train,Basal Cell Carcinoma,PAT_531_1004_792.png,E:\Mega project\MedvisionAi-\ML-Model\data\Train\FYP skin disease Dataset\Basal Cell Carcinoma\PAT_531_1004_792.png,300,300,RGBA,1.0,12.77,Non-RGB mode (RGBA)
skin,train,Basal Cell Carcinoma,PAT_532_1007_854.png,E:\Mega project\MedvisionAi-\ML-Model\data\Train\FYP skin disease Dataset\Basal Cell Carcinoma\PAT_532_1007_854.png,300,300,RGBA,1.0,23.49,Non-RGB mode (RGBA)
skin,train,Basal Cell Carcinoma,PAT_534_1009_924.png,E:\Mega project\MedvisionAi-\ML-Model\data\Train\FYP skin disease Dataset\Basal Cell Carcinoma\PAT_534_1009_924.png,300,300,RGBA,1.0,29.82,Non-RGB mode (RGBA)
skin,train,Basal Cell Carcinoma,PAT_535_1010_303.png,E:\Mega project\MedvisionAi-\ML-Model\data\Train\FYP skin disease Dataset\Basal Cell Carcinoma\PAT_535_1010_303.png,300,300,RGBA,1.0,16.57,Non-RGB mode (RGBA)
skin,train,Basal Cell Carcinoma,PAT_535_1012_145.png,E:\Mega project\MedvisionAi-\ML-Model\data\Train\FYP skin disease Dataset\Basal Cell Carcinoma\PAT_535_1012_145.png,300,300,RGBA,1.0,9.24,Non-RGB mode (RGBA)
skin,train,Basal Cell Carcinoma,PAT_53_1370_288.png,E:\Mega project\MedvisionAi-\ML-Model\data\Train\FYP skin disease Dataset\Basal Cell Carcinoma\PAT_53_1370_288.png,300,300,RGBA,1.0,9.57,Non-RGB mode (RGBA)
skin,train,Basal Cell Carcinoma,PAT_53_81_194.png,E:\Mega project\MedvisionAi-\ML-Model\data\Train\FYP skin disease Dataset\Basal Cell Carcinoma\PAT_53_81_194.png,300,300,RGBA,1.0,18.32,Non-RGB mode (RGBA)
skin,train,Basal Cell Carcinoma,PAT_540_1016_644.png,E:\Mega project\MedvisionAi-\ML-Model\data\Train\FYP skin disease Dataset\Basal Cell Carcinoma\PAT_540_1016_644.png,300,300,RGBA,1.0,25.82,Non-RGB mode (RGBA)
skin,train,Basal Cell Carcinoma,PAT_545_1029_650.png,E:\Mega project\MedvisionAi-\ML-Model\data\Train\FYP skin disease Dataset\Basal Cell Carcinoma\PAT_545_1029_650.png,300,300,RGBA,1.0,16.01,Non-RGB mode (RGBA)
skin,train,Basal Cell Carcinoma,PAT_545_1030_854.png,E:\Mega project\MedvisionAi-\ML-Model\data\Train\FYP skin disease Dataset\Basal Cell Carcinoma\PAT_545_1030_854.png,300,300,RGBA,1.0,14.55,Non-RGB mode (RGBA)
skin,train,Basal Cell Carcinoma,PAT_545_1031_428.png,E:\Mega project\MedvisionAi-\ML-Model\data\Train\FYP skin disease Dataset\Basal Cell Carcinoma\PAT_545_1031_428.png,300,300,RGBA,1.0,13.65,Non-RGB mode (RGBA)
skin,train,Basal Cell Carcinoma,PAT_547_1033_445.png,E:\Mega project\MedvisionAi-\ML-Model\data\Train\FYP skin disease Dataset\Basal Cell Carcinoma\PAT_547_1033_445.png,300,300,RGBA,1.0,19.23,Non-RGB mode (RGBA)
skin,train,Basal Cell Carcinoma,PAT_547_1033_911.png,E:\Mega project\MedvisionAi-\ML-Model\data\Train\FYP skin disease Dataset\Basal Cell Carcinoma\PAT_547_1033_911.png,300,300,RGBA,1.0,30.24,Non-RGB mode (RGBA)
skin,train,Basal Cell Carcinoma,PAT_54_83_405.png,E:\Mega project\MedvisionAi-\ML-Model\data\Train\FYP skin disease Dataset\Basal Cell Carcinoma\PAT_54_83_405.png,300,300,RGBA,1.0,12.34,Non-RGB mode (RGBA)
skin,train,Basal Cell Carcinoma,PAT_550_1045_81.png,E:\Mega project\MedvisionAi-\ML-Model\data\Train\FYP skin disease Dataset\Basal Cell Carcinoma\PAT_550_1045_81.png,300,300,RGBA,1.0,23.14,Non-RGB mode (RGBA)
skin,train,Basal Cell Carcinoma,PAT_551_1047_567.png,E:\Mega project\MedvisionAi-\ML-Model\data\Train\FYP skin disease Dataset\Basal Cell Carcinoma\PAT_551_1047_567.png,300,300,RGBA,1.0,46.57,Non-RGB mode (RGBA)
skin,train,Basal Cell Carcinoma,PAT_553_1049_461.png,E:\Mega project\MedvisionAi-\ML-Model\data\Train\FYP skin disease Dataset\Basal Cell Carcinoma\PAT_553_1049_461.png,300,300,RGBA,1.0,15.61,Non-RGB mode (RGBA)
skin,train,Basal Cell Carcinoma,PAT_558_1072_486.png,E:\Mega project\MedvisionAi-\ML-Model\data\Train\FYP skin disease Dataset\Basal Cell Carcinoma\PAT_558_1072_486.png,300,300,RGBA,1.0,28.27,Non-RGB mode (RGBA)
skin,train,Basal Cell Carcinoma,PAT_559_1093_774.png,E:\Mega project\MedvisionAi-\ML-Model\data\Train\FYP skin disease Dataset\Basal Cell Carcinoma\PAT_559_1093_774.png,300,300,RGBA,1.0,14.31,Non-RGB mode (RGBA)
skin,train,Basal Cell Carcinoma,PAT_55_84_506.png,E:\Mega project\MedvisionAi-\ML-Model\data\Train\FYP skin disease Dataset\Basal Cell Carcinoma\PAT_55_84_506.png,300,300,RGBA,1.0,14.29,Non-RGB mode (RGBA)
skin,train,Basal Cell Carcinoma,PAT_55_85_884.png,E:\Mega project\MedvisionAi-\ML-Model\data\Train\FYP skin disease Dataset\Basal Cell Carcinoma\PAT_55_85_884.png,300,300,RGBA,1.0,62.42,Non-RGB mode (RGBA)
skin,train,Basal Cell Carcinoma,PAT_561_1068_557.png,E:\Mega project\MedvisionAi-\ML-Model\data\Train\FYP skin disease Dataset\Basal Cell Carcinoma\PAT_561_1068_557.png,300,300,RGBA,1.0,26.38,Non-RGB mode (RGBA)
skin,train,Basal Cell Carcinoma,PAT_561_1068_909.png,E:\Mega project\MedvisionAi-\ML-Model\data\Train\FYP skin disease Dataset\Basal Cell Carcinoma\PAT_561_1068_909.png,300,300,RGBA,1.0,43.42,Non-RGB mode (RGBA)
skin,train,Basal Cell Carcinoma,PAT_562_1110_360.png,E:\Mega project\MedvisionAi-\ML-Model\data\Train\FYP skin disease Dataset\Basal Cell Carcinoma\PAT_562_1110_360.png,300,300,RGBA,1.0,11.51,Non-RGB mode (RGBA)
skin,train,Basal Cell Carcinoma,PAT_563_1070_63.png,E:\Mega project\MedvisionAi-\ML-Model\data\Train\FYP skin disease Dataset\Basal Cell Carcinoma\PAT_563_1070_63.png,300,300,RGBA,1.0,25.77,Non-RGB mode (RGBA)
skin,train,Basal Cell Carcinoma,PAT_564_1079_31.png,E:\Mega project\MedvisionAi-\ML-Model\data\Train\FYP skin disease Dataset\Basal Cell Carcinoma\PAT_564_1079_31.png,300,300,RGBA,1.0,18.93,Non-RGB mode (RGBA)
skin,train,Basal Cell Carcinoma,PAT_564_1079_430.png,E:\Mega project\MedvisionAi-\ML-Model\data\Train\FYP skin disease Dataset\Basal Cell Carcinoma\PAT_564_1079_430.png,300,300,RGBA,1.0,13.89,Non-RGB mode (RGBA)
skin,train,Basal Cell Carcinoma,PAT_567_1076_545.png,E:\Mega project\MedvisionAi-\ML-Model\data\Train\FYP skin disease Dataset\Basal Cell Carcinoma\PAT_567_1076_545.png,300,300,RGBA,1.0,21.22,Non-RGB mode (RGBA)
skin,train,Basal Cell Carcinoma,PAT_567_1077_64.png,E:\Mega project\MedvisionAi-\ML-Model\data\Train\FYP skin disease Dataset\Basal Cell Carcinoma\PAT_567_1077_64.png,300,300,RGBA,1.0,18.36,Non-RGB mode (RGBA)
skin,train,Basal Cell Carcinoma,PAT_568_1066_235.png,E:\Mega project\MedvisionAi-\ML-Model\data\Train\FYP skin disease Dataset\Basal Cell Carcinoma\PAT_568_1066_235.png,300,300,RGBA,1.0,13.34,Non-RGB mode (RGBA)
skin,train,Basal Cell Carcinoma,PAT_571_1096_10.png,E:\Mega project\MedvisionAi-\ML-Model\data\Train\FYP skin disease Dataset\Basal Cell Carcinoma\PAT_571_1096_10.png,300,300,RGBA,1.0,31.76,Non-RGB mode (RGBA)
skin,train,Basal Cell Carcinoma,PAT_572_1086_130.png,E:\Mega project\MedvisionAi-\ML-Model\data\Train\FYP skin disease Dataset\Basal Cell Carcinoma\PAT_572_1086_130.png,300,300,RGBA,1.0,12.98,Non-RGB mode (RGBA)
skin,train,Basal Cell Carcinoma,PAT_573_1090_164.png,E:\Mega project\MedvisionAi-\ML-Model\data\Train\FYP skin disease Dataset\Basal Cell Carcinoma\PAT_573_1090_164.png,300,300,RGBA,1.0,18.96,Non-RGB mode (RGBA)
skin,train,Basal Cell Carcinoma,PAT_573_1090_660.png,E:\Mega project\MedvisionAi-\ML-Model\data\Train\FYP skin disease Dataset\Basal Cell Carcinoma\PAT_573_1090_660.png,300,300,RGBA,1.0,15.63,Non-RGB mode (RGBA)
skin,train,Basal Cell Carcinoma,PAT_575_1087_29.png,E:\Mega project\MedvisionAi-\ML-Model\data\Train\FYP skin disease Dataset\Basal Cell Carcinoma\PAT_575_1087_29.png,300,300,RGBA,1.0,24.78,Non-RGB mode (RGBA)
skin,train,Basal Cell Carcinoma,PAT_575_1088_134.png,E:\Mega project\MedvisionAi-\ML-Model\data\Train\FYP skin disease Dataset\Basal Cell Carcinoma\PAT_575_1088_134.png,300,300,RGBA,1.0,20.91,Non-RGB mode (RGBA)
skin,train,Basal Cell Carcinoma,PAT_580_1104_684.png,E:\Mega project\MedvisionAi-\ML-Model\data\Train\FYP skin disease Dataset\Basal Cell Carcinoma\PAT_580_1104_684.png,300,300,RGBA,1.0,16.17,Non-RGB mode (RGBA)
skin,train,Basal Cell Carcinoma,PAT_581_1114_116.png,E:\Mega project\MedvisionAi-\ML-Model\data\Train\FYP skin disease Dataset\Basal Cell Carcinoma\PAT_581_1114_116.png,300,300,RGBA,1.0,31.5,Non-RGB mode (RGBA)
skin,train,Basal Cell Carcinoma,PAT_582_1363_358.png,E:\Mega project\MedvisionAi-\ML-Model\data\Train\FYP skin disease Dataset\Basal Cell Carcinoma\PAT_582_1363_358.png,300,300,RGBA,1.0,34.29,Non-RGB mode (RGBA)
skin,train,Basal Cell Carcinoma,PAT_587_1117_880.png,E:\Mega project\MedvisionAi-\ML-Model\data\Train\FYP skin disease Dataset\Basal Cell Carcinoma\PAT_587_1117_880.png,300,300,RGBA,1.0,15.94,Non-RGB mode (RGBA)
skin,train,Basal Cell Carcinoma,PAT_58_91_143.png,E:\Mega project\MedvisionAi-\ML-Model\data\Train\FYP skin disease Dataset\Basal Cell Carcinoma\PAT_58_91_143.png,300,300,RGBA,1.0,18.09,Non-RGB mode (RGBA)
skin,train,Basal Cell Carcinoma,PAT_58_91_845.png,E:\Mega project\MedvisionAi-\ML-Model\data\Train\FYP skin disease Dataset\Basal Cell Carcinoma\PAT_58_91_845.png,300,300,RGBA,1.0,20.61,Non-RGB mode (RGBA)
skin,train,Basal Cell Carcinoma,PAT_593_1127_823.png,E:\Mega project\MedvisionAi-\ML-Model\data\Train\FYP skin disease Dataset\Basal Cell Carcinoma\PAT_593_1127_823.png,300,300,RGBA,1.0,17.19,Non-RGB mode (RGBA)
skin,train,Basal Cell Carcinoma,PAT_596_1146_294.png,E:\Mega project\MedvisionAi-\ML-Model\data\Train\FYP skin disease Dataset\Basal Cell Carcinoma\PAT_596_1146_294.png,300,300,RGBA,1.0,19.05,Non-RGB mode (RGBA)
skin,train,Basal Cell Carcinoma,PAT_596_1146_316.png,E:\Mega project\MedvisionAi-\ML-Model\data\Train\FYP skin disease Dataset\Basal Cell Carcinoma\PAT_596_1146_316.png,300,300,RGBA,1.0,23.29,Non-RGB mode (RGBA)
skin,train,Basal Cell Carcinoma,PAT_597_1139_181.png,E:\Mega project\MedvisionAi-\ML-Model\data\Train\FYP skin disease Dataset\Basal Cell Carcinoma\PAT_597_1139_181.png,300,300,RGBA,1.0,36.87,Non-RGB mode (RGBA)
skin,train,Basal Cell Carcinoma,PAT_59_93_342.png,E:\Mega project\MedvisionAi-\ML-Model\data\Train\FYP skin disease Dataset\Basal Cell Carcinoma\PAT_59_93_342.png,300,300,RGBA,1.0,22.82,Non-RGB mode (RGBA)
skin,train,Basal Cell Carcinoma,PAT_59_93_573.png,E:\Mega project\MedvisionAi-\ML-Model\data\Train\FYP skin disease Dataset\Basal Cell Carcinoma\PAT_59_93_573.png,300,300,RGBA,1.0,27.58,Non-RGB mode (RGBA)
skin,train,Basal Cell Carcinoma,PAT_601_1147_889.png,E:\Mega project\MedvisionAi-\ML-Model\data\Train\FYP skin disease Dataset\Basal Cell Carcinoma\PAT_601_1147_889.png,300,300,RGBA,1.0,15.22,Non-RGB mode (RGBA)
skin,train,Basal Cell Carcinoma,PAT_601_1147_943.png,E:\Mega project\MedvisionAi-\ML-Model\data\Train\FYP skin disease Dataset\Basal Cell Carcinoma\PAT_601_1147_943.png,300,300,RGBA,1.0,11.59,Non-RGB mode (RGBA)
skin,train,Basal Cell Carcinoma,PAT_604_1150_336.png,E:\Mega project\MedvisionAi-\ML-Model\data\Train\FYP skin disease Dataset\Basal Cell Carcinoma\PAT_604_1150_336.png,300,300,RGBA,1.0,17.42,Non-RGB mode (RGBA)
skin,train,Basal Cell Carcinoma,PAT_609_1159_932.png,E:\Mega project\MedvisionAi-\ML-Model\data\Train\FYP skin disease Dataset\Basal Cell Carcinoma\PAT_609_1159_932.png,300,300,RGBA,1.0,17.75,Non-RGB mode (RGBA)
skin,train,Basal Cell Carcinoma,PAT_609_1159_942.png,E:\Mega project\MedvisionAi-\ML-Model\data\Train\FYP skin disease Dataset\Basal Cell Carcinoma\PAT_609_1159_942.png,300,300,RGBA,1.0,28.49,Non-RGB mode (RGBA)
skin,train,Basal Cell Carcinoma,PAT_613_1164_827.png,E:\Mega project\MedvisionAi-\ML-Model\data\Train\FYP skin disease Dataset\Basal Cell Carcinoma\PAT_613_1164_827.png,300,300,RGBA,1.0,20.0,Non-RGB mode (RGBA)
skin,train,Basal Cell Carcinoma,PAT_618_1174_596.png,E:\Mega project\MedvisionAi-\ML-Model\data\Train\FYP skin disease Dataset\Basal Cell Carcinoma\PAT_618_1174_596.png,300,300,RGBA,1.0,15.1,Non-RGB mode (RGBA)
skin,train,Basal Cell Carcinoma,PAT_620_1176_980.png,E:\Mega project\MedvisionAi-\ML-Model\data\Train\FYP skin disease Dataset\Basal Cell Carcinoma\PAT_620_1176_980.png,300,300,RGBA,1.0,20.27,Non-RGB mode (RGBA)
skin,train,Basal Cell Carcinoma,PAT_626_1186_898.png,E:\Mega project\MedvisionAi-\ML-Model\data\Train\FYP skin disease Dataset\Basal Cell Carcinoma\PAT_626_1186_898.png,300,300,RGBA,1.0,22.78,Non-RGB mode (RGBA)
skin,train,Basal Cell Carcinoma,PAT_626_1187_34.png,E:\Mega project\MedvisionAi-\ML-Model\data\Train\FYP skin disease Dataset\Basal Cell Carcinoma\PAT_626_1187_34.png,300,300,RGBA,1.0,25.52,Non-RGB mode (RGBA)
skin,train,Basal Cell Carcinoma,PAT_631_1207_982.png,E:\Mega project\MedvisionAi-\ML-Model\data\Train\FYP skin disease Dataset\Basal Cell Carcinoma\PAT_631_1207_982.png,300,300,RGBA,1.0,30.34,Non-RGB mode (RGBA)
skin,train,Basal Cell Carcinoma,PAT_631_1227_585.png,E:\Mega project\MedvisionAi-\ML-Model\data\Train\FYP skin disease Dataset\Basal Cell Carcinoma\PAT_631_1227_585.png,300,300,RGBA,1.0,29.78,Non-RGB mode (RGBA)
skin,train,Basal Cell Carcinoma,PAT_636_1204_521.png,E:\Mega project\MedvisionAi-\ML-Model\data\Train\FYP skin disease Dataset\Basal Cell Carcinoma\PAT_636_1204_521.png,300,300,RGBA,1.0,12.66,Non-RGB mode (RGBA)
skin,train,Basal Cell Carcinoma,PAT_636_1204_666.png,E:\Mega project\MedvisionAi-\ML-Model\data\Train\FYP skin disease Dataset\Basal Cell Carcinoma\PAT_636_1204_666.png,300,300,RGBA,1.0,18.86,Non-RGB mode (RGBA)
skin,train,Basal Cell Carcinoma,PAT_63_1075_331.png,E:\Mega project\MedvisionAi-\ML-Model\data\Train\FYP skin disease Dataset\Basal Cell Carcinoma\PAT_63_1075_331.png,300,300,RGBA,1.0,23.48,Non-RGB mode (RGBA)
skin,train,Basal Cell Carcinoma,PAT_63_1075_498.png,E:\Mega project\MedvisionAi-\ML-Model\data\Train\FYP skin disease Dataset\Basal Cell Carcinoma\PAT_63_1075_498.png,300,300,RGBA,1.0,29.14,Non-RGB mode (RGBA)
skin,train,Basal Cell Carcinoma,PAT_63_98_127.png,E:\Mega project\MedvisionAi-\ML-Model\data\Train\FYP skin disease Dataset\Basal Cell Carcinoma\PAT_63_98_127.png,300,300,RGBA,1.0,15.01,Non-RGB mode (RGBA)
skin,train,Basal Cell Carcinoma,PAT_63_98_187.png,E:\Mega project\MedvisionAi-\ML-Model\data\Train\FYP skin disease Dataset\Basal Cell Carcinoma\PAT_63_98_187.png,300,300,RGBA,1.0,12.73,Non-RGB mode (RGBA)
skin,train,Basal Cell Carcinoma,PAT_63_99_189.png,E:\Mega project\MedvisionAi-\ML-Model\data\Train\FYP skin disease Dataset\Basal Cell Carcinoma\PAT_63_99_189.png,300,300,RGBA,1.0,11.93,Non-RGB mode (RGBA)
skin,train,Basal Cell Carcinoma,PAT_63_99_736.png,E:\Mega project\MedvisionAi-\ML-Model\data\Train\FYP skin disease Dataset\Basal Cell Carcinoma\PAT_63_99_736.png,300,300,RGBA,1.0,16.93,Non-RGB mode (RGBA)
skin,train,Basal Cell Carcinoma,PAT_645_1222_140.png,E:\Mega project\MedvisionAi-\ML-Model\data\Train\FYP skin disease Dataset\Basal Cell Carcinoma\PAT_645_1222_140.png,300,300,RGBA,1.0,19.31,Non-RGB mode (RGBA)
skin,train,Basal Cell Carcinoma,PAT_645_1222_860.png,E:\Mega project\MedvisionAi-\ML-Model\data\Train\FYP skin disease Dataset\Basal Cell Carcinoma\PAT_645_1222_860.png,300,300,RGBA,1.0,25.37,Non-RGB mode (RGBA)
skin,train,Basal Cell Carcinoma,PAT_645_1223_443.png,E:\Mega project\MedvisionAi-\ML-Model\data\Train\FYP skin disease Dataset\Basal Cell Carcinoma\PAT_645_1223_443.png,300,300,RGBA,1.0,15.89,Non-RGB mode (RGBA)
skin,train,Basal Cell Carcinoma,PAT_645_1224_768.png,E:\Mega project\MedvisionAi-\ML-Model\data\Train\FYP skin disease Dataset\Basal Cell Carcinoma\PAT_645_1224_768.png,300,300,RGBA,1.0,25.12,Non-RGB mode (RGBA)
skin,train,Basal Cell Carcinoma,PAT_645_1300_463.png,E:\Mega project\MedvisionAi-\ML-Model\data\Train\FYP skin disease Dataset\Basal Cell Carcinoma\PAT_645_1300_463.png,300,300,RGBA,1.0,17.31,Non-RGB mode (RGBA)
skin,train,Basal Cell Carcinoma,PAT_645_1500_364.png,E:\Mega project\MedvisionAi-\ML-Model\data\Train\FYP skin disease Dataset\Basal Cell Carcinoma\PAT_645_1500_364.png,300,300,RGBA,1.0,26.96,Non-RGB mode (RGBA)
skin,train,Basal Cell Carcinoma,PAT_646_1225_590.png,E:\Mega project\MedvisionAi-\ML-Model\data\Train\FYP skin disease Dataset\Basal Cell Carcinoma\PAT_646_1225_590.png,300,300,RGBA,1.0,25.19,Non-RGB mode (RGBA)
skin,train,Basal Cell Carcinoma,PAT_650_1230_636.png,E:\Mega project\MedvisionAi-\ML-Model\data\Train\FYP skin disease Dataset\Basal Cell Carcinoma\PAT_650_1230_636.png,300,300,RGBA,1.0,9.03,Non-RGB mode (RGBA)
skin,train,Basal Cell Carcinoma,PAT_650_1241_329.png,E:\Mega project\MedvisionAi-\ML-Model\data\Train\FYP skin disease Dataset\Basal Cell Carcinoma\PAT_650_1241_329.png,300,300,RGBA,1.0,25.45,Non-RGB mode (RGBA)
skin,train,Basal Cell Carcinoma,PAT_657_1247_455.png,E:\Mega project\MedvisionAi-\ML-Model\data\Train\FYP skin disease Dataset\Basal Cell Carcinoma\PAT_657_1247_455.png,300,300,RGBA,1.0,21.56,Non-RGB mode (RGBA)
skin,train,Basal Cell Carcinoma,PAT_658_1266_149.png,E:\Mega project\MedvisionAi-\ML-Model\data\Train\FYP skin disease Dataset\Basal Cell Carcinoma\PAT_658_1266_149.png,300,300,RGBA,1.0,14.31,Non-RGB mode (RGBA)
skin,train,Basal Cell Carcinoma,PAT_660_1249_373.png,E:\Mega project\MedvisionAi-\ML-Model\data\Train\FYP skin disease Dataset\Basal Cell Carcinoma\PAT_660_1249_373.png,300,300,RGBA,1.0,9.41,Non-RGB mode (RGBA)
skin,train,Basal Cell Carcinoma,PAT_662_1251_380.png,E:\Mega project\MedvisionAi-\ML-Model\data\Train\FYP skin disease Dataset\Basal Cell Carcinoma\PAT_662_1251_380.png,300,300,RGBA,1.0,38.93,Non-RGB mode (RGBA)
skin,train,Basal Cell Carcinoma,PAT_662_1251_43.png,E:\Mega project\MedvisionAi-\ML-Model\data\Train\FYP skin disease Dataset\Basal Cell Carcinoma\PAT_662_1251_43.png,300,300,RGBA,1.0,36.19,Non-RGB mode (RGBA)
skin,train,Basal Cell Carcinoma,PAT_666_1268_870.png,E:\Mega project\MedvisionAi-\ML-Model\data\Train\FYP skin disease Dataset\Basal Cell Carcinoma\PAT_666_1268_870.png,300,300,RGBA,1.0,9.21,Non-RGB mode (RGBA)
skin,train,Basal Cell Carcinoma,PAT_666_1269_65.png,E:\Mega project\MedvisionAi-\ML-Model\data\Train\FYP skin disease Dataset\Basal Cell Carcinoma\PAT_666_1269_65.png,300,300,RGBA,1.0,25.09,Non-RGB mode (RGBA)
skin,train,Basal Cell Carcinoma,PAT_666_1271_645.png,E:\Mega project\MedvisionAi-\ML-Model\data\Train\FYP skin disease Dataset\Basal Cell Carcinoma\PAT_666_1271_645.png,300,300,RGBA,1.0,6.15,Non-RGB mode (RGBA)
skin,train,Basal Cell Carcinoma,PAT_667_1264_8.png,E:\Mega project\MedvisionAi-\ML-Model\data\Train\FYP skin disease Dataset\Basal Cell Carcinoma\PAT_667_1264_8.png,300,300,RGBA,1.0,36.26,Non-RGB mode (RGBA)
skin,train,Basal Cell Carcinoma,PAT_668_1259_681.png,E:\Mega project\MedvisionAi-\ML-Model\data\Train\FYP skin disease Dataset\Basal Cell Carcinoma\PAT_668_1259_681.png,300,300,RGBA,1.0,7.43,Non-RGB mode (RGBA)
skin,train,Basal Cell Carcinoma,PAT_669_1265_76.png,E:\Mega project\MedvisionAi-\ML-Model\data\Train\FYP skin disease Dataset\Basal Cell Carcinoma\PAT_669_1265_76.png,300,300,RGBA,1.0,20.54,Non-RGB mode (RGBA)
skin,train,Basal Cell Carcinoma,PAT_674_1277_9.png,E:\Mega project\MedvisionAi-\ML-Model\data\Train\FYP skin disease Dataset\Basal Cell Carcinoma\PAT_674_1277_9.png,300,300,RGBA,1.0,16.01,Non-RGB mode (RGBA)
skin,train,Basal Cell Carcinoma,PAT_677_1348_51.png,E:\Mega project\MedvisionAi-\ML-Model\data\Train\FYP skin disease Dataset\Basal Cell Carcinoma\PAT_677_1348_51.png,300,300,RGBA,1.0,20.44,Non-RGB mode (RGBA)
skin,train,Basal Cell Carcinoma,PAT_677_1348_657.png,E:\Mega project\MedvisionAi-\ML-Model\data\Train\FYP skin disease Dataset\Basal Cell Carcinoma\PAT_677_1348_657.png,300,300,RGBA,1.0,13.13,Non-RGB mode (RGBA)
skin,train,Basal Cell Carcinoma,PAT_678_1287_652.png,E:\Mega project\MedvisionAi-\ML-Model\data\Train\FYP skin disease Dataset\Basal Cell Carcinoma\PAT_678_1287_652.png,300,300,RGBA,1.0,24.66,Non-RGB mode (RGBA)
skin,train,Basal Cell Carcinoma,PAT_681_1299_458.png,E:\Mega project\MedvisionAi-\ML-Model\data\Train\FYP skin disease Dataset\Basal Cell Carcinoma\PAT_681_1299_458.png,300,300,RGBA,1.0,30.59,Non-RGB mode (RGBA)
skin,train,Basal Cell Carcinoma,PAT_684_1302_588.png,E:\Mega project\MedvisionAi-\ML-Model\data\Train\FYP skin disease Dataset\Basal Cell Carcinoma\PAT_684_1302_588.png,300,300,RGBA,1.0,14.97,Non-RGB mode (RGBA)
skin,train,Basal Cell Carcinoma,PAT_684_1303_178.png,E:\Mega project\MedvisionAi-\ML-Model\data\Train\FYP skin disease Dataset\Basal Cell Carcinoma\PAT_684_1303_178.png,300,300,RGBA,1.0,27.24,Non-RGB mode (RGBA)
skin,train,Basal Cell Carcinoma,PAT_687_1304_898.png,E:\Mega project\MedvisionAi-\ML-Model\data\Train\FYP skin disease Dataset\Basal Cell Carcinoma\PAT_687_1304_898.png,300,300,RGBA,1.0,30.33,Non-RGB mode (RGBA)
skin,train,Basal Cell Carcinoma,PAT_688_1305_242.png,E:\Mega project\MedvisionAi-\ML-Model\data\Train\FYP skin disease Dataset\Basal Cell Carcinoma\PAT_688_1305_242.png,300,300,RGBA,1.0,12.02,Non-RGB mode (RGBA)
skin,train,Basal Cell Carcinoma,PAT_68_105_871.png,E:\Mega project\MedvisionAi-\ML-Model\data\Train\FYP skin disease Dataset\Basal Cell Carcinoma\PAT_68_105_871.png,300,300,RGBA,1.0,31.58,Non-RGB mode (RGBA)
skin,train,Basal Cell Carcinoma,PAT_690_1309_154.png,E:\Mega project\MedvisionAi-\ML-Model\data\Train\FYP skin disease Dataset\Basal Cell Carcinoma\PAT_690_1309_154.png,300,300,RGBA,1.0,20.23,Non-RGB mode (RGBA)
skin,train,Basal Cell Carcinoma,PAT_690_1309_217.png,E:\Mega project\MedvisionAi-\ML-Model\data\Train\FYP skin disease Dataset\Basal Cell Carcinoma\PAT_690_1309_217.png,300,300,RGBA,1.0,20.19,Non-RGB mode (RGBA)
skin,train,Basal Cell Carcinoma,PAT_690_1309_981.png,E:\Mega project\MedvisionAi-\ML-Model\data\Train\FYP skin disease Dataset\Basal Cell Carcinoma\PAT_690_1309_981.png,300,300,RGBA,1.0,27.54,Non-RGB mode (RGBA)
skin,train,Basal Cell Carcinoma,PAT_691_1311_686.png,E:\Mega project\MedvisionAi-\ML-Model\data\Train\FYP skin disease Dataset\Basal Cell Carcinoma\PAT_691_1311_686.png,300,300,RGBA,1.0,15.39,Non-RGB mode (RGBA)
skin,train,Basal Cell Carcinoma,PAT_692_1308_364.png,E:\Mega project\MedvisionAi-\ML-Model\data\Train\FYP skin disease Dataset\Basal Cell Carcinoma\PAT_692_1308_364.png,300,300,RGBA,1.0,32.77,Non-RGB mode (RGBA)
skin,train,Basal Cell Carcinoma,PAT_695_1314_822.png,E:\Mega project\MedvisionAi-\ML-Model\data\Train\FYP skin disease Dataset\Basal Cell Carcinoma\PAT_695_1314_822.png,300,300,RGBA,1.0,26.35,Non-RGB mode (RGBA)
skin,train,Basal Cell Carcinoma,PAT_697_1317_892.png,E:\Mega project\MedvisionAi-\ML-Model\data\Train\FYP skin disease Dataset\Basal Cell Carcinoma\PAT_697_1317_892.png,300,300,RGBA,1.0,13.8,Non-RGB mode (RGBA)
skin,train,Basal Cell Carcinoma,PAT_699_1320_901.png,E:\Mega project\MedvisionAi-\ML-Model\data\Train\FYP skin disease Dataset\Basal Cell Carcinoma\PAT_699_1320_901.png,300,300,RGBA,1.0,21.19,Non-RGB mode (RGBA)
skin,train,Basal Cell Carcinoma,PAT_703_1329_112.png,E:\Mega project\MedvisionAi-\ML-Model\data\Train\FYP skin disease Dataset\Basal Cell Carcinoma\PAT_703_1329_112.png,300,300,RGBA,1.0,23.11,Non-RGB mode (RGBA)
skin,train,Basal Cell Carcinoma,PAT_711_1334_480.png,E:\Mega project\MedvisionAi-\ML-Model\data\Train\FYP skin disease Dataset\Basal Cell Carcinoma\PAT_711_1334_480.png,300,300,RGBA,1.0,25.54,Non-RGB mode (RGBA)
skin,train,Basal Cell Carcinoma,PAT_718_1358_919.png,E:\Mega project\MedvisionAi-\ML-Model\data\Train\FYP skin disease Dataset\Basal Cell Carcinoma\PAT_718_1358_919.png,300,300,RGBA,1.0,15.7,Non-RGB mode (RGBA)
skin,train,Basal Cell Carcinoma,PAT_720_1362_700.png,E:\Mega project\MedvisionAi-\ML-Model\data\Train\FYP skin disease Dataset\Basal Cell Carcinoma\PAT_720_1362_700.png,300,300,RGBA,1.0,10.58,Non-RGB mode (RGBA)
skin,train,Basal Cell Carcinoma,PAT_721_1365_142.png,E:\Mega project\MedvisionAi-\ML-Model\data\Train\FYP skin disease Dataset\Basal Cell Carcinoma\PAT_721_1365_142.png,300,300,RGBA,1.0,17.84,Non-RGB mode (RGBA)
skin,train,Basal Cell Carcinoma,PAT_723_1396_338.png,E:\Mega project\MedvisionAi-\ML-Model\data\Train\FYP skin disease Dataset\Basal Cell Carcinoma\PAT_723_1396_338.png,300,300,RGBA,1.0,13.18,Non-RGB mode (RGBA)
skin,train,Basal Cell Carcinoma,PAT_724_1369_896.png,E:\Mega project\MedvisionAi-\ML-Model\data\Train\FYP skin disease Dataset\Basal Cell Carcinoma\PAT_724_1369_896.png,300,300,RGBA,1.0,11.07,Non-RGB mode (RGBA)
skin,train,Basal Cell Carcinoma,PAT_727_1373_718.png,E:\Mega project\MedvisionAi-\ML-Model\data\Train\FYP skin disease Dataset\Basal Cell Carcinoma\PAT_727_1373_718.png,300,300,RGBA,1.0,30.15,Non-RGB mode (RGBA)
skin,train,Basal Cell Carcinoma,PAT_728_1381_63.png,E:\Mega project\MedvisionAi-\ML-Model\data\Train\FYP skin disease Dataset\Basal Cell Carcinoma\PAT_728_1381_63.png,300,300,RGBA,1.0,28.29,Non-RGB mode (RGBA)
skin,train,Basal Cell Carcinoma,PAT_730_1383_535.png,E:\Mega project\MedvisionAi-\ML-Model\data\Train\FYP skin disease Dataset\Basal Cell Carcinoma\PAT_730_1383_535.png,300,300,RGBA,1.0,26.93,Non-RGB mode (RGBA)
skin,train,Basal Cell Carcinoma,PAT_730_1385_585.png,E:\Mega project\MedvisionAi-\ML-Model\data\Train\FYP skin disease Dataset\Basal Cell Carcinoma\PAT_730_1385_585.png,300,300,RGBA,1.0,11.25,Non-RGB mode (RGBA)
skin,train,Basal Cell Carcinoma,PAT_734_1390_631.png,E:\Mega project\MedvisionAi-\ML-Model\data\Train\FYP skin disease Dataset\Basal Cell Carcinoma\PAT_734_1390_631.png,300,300,RGBA,1.0,45.42,Non-RGB mode (RGBA)
skin,train,Basal Cell Carcinoma,PAT_736_1392_562.png,E:\Mega project\MedvisionAi-\ML-Model\data\Train\FYP skin disease Dataset\Basal Cell Carcinoma\PAT_736_1392_562.png,300,300,RGBA,1.0,18.75,Non-RGB mode (RGBA)
skin,train,Basal Cell Carcinoma,PAT_737_1394_936.png,E:\Mega project\MedvisionAi-\ML-Model\data\Train\FYP skin disease Dataset\Basal Cell Carcinoma\PAT_737_1394_936.png,300,300,RGBA,1.0,15.9,Non-RGB mode (RGBA)
skin,train,Basal Cell Carcinoma,PAT_73_111_435.png,E:\Mega project\MedvisionAi-\ML-Model\data\Train\FYP skin disease Dataset\Basal Cell Carcinoma\PAT_73_111_435.png,300,300,RGBA,1.0,39.13,Non-RGB mode (RGBA)
skin,train,Basal Cell Carcinoma,PAT_73_111_609.png,E:\Mega project\MedvisionAi-\ML-Model\data\Train\FYP skin disease Dataset\Basal Cell Carcinoma\PAT_73_111_609.png,300,300,RGBA,1.0,40.61,Non-RGB mode (RGBA)
skin,train,Basal Cell Carcinoma,PAT_741_1401_619.png,E:\Mega project\MedvisionAi-\ML-Model\data\Train\FYP skin disease Dataset\Basal Cell Carcinoma\PAT_741_1401_619.png,300,300,RGBA,1.0,26.28,Non-RGB mode (RGBA)
skin,train,Basal Cell Carcinoma,PAT_744_1404_951.png,E:\Mega project\MedvisionAi-\ML-Model\data\Train\FYP skin disease Dataset\Basal Cell Carcinoma\PAT_744_1404_951.png,300,300,RGBA,1.0,31.02,Non-RGB mode (RGBA)
skin,train,Basal Cell Carcinoma,PAT_744_1405_742.png,E:\Mega project\MedvisionAi-\ML-Model\data\Train\FYP skin disease Dataset\Basal Cell Carcinoma\PAT_744_1405_742.png,300,300,RGBA,1.0,17.92,Non-RGB mode (RGBA)
skin,train,Basal Cell Carcinoma,PAT_747_1408_427.png,E:\Mega project\MedvisionAi-\ML-Model\data\Train\FYP skin disease Dataset\Basal Cell Carcinoma\PAT_747_1408_427.png,300,300,RGBA,1.0,15.1,Non-RGB mode (RGBA)
skin,train,Basal Cell Carcinoma,PAT_747_1408_742.png,E:\Mega project\MedvisionAi-\ML-Model\data\Train\FYP skin disease Dataset\Basal Cell Carcinoma\PAT_747_1408_742.png,300,300,RGBA,1.0,20.11,Non-RGB mode (RGBA)
skin,train,Basal Cell Carcinoma,PAT_74_112_729.png,E:\Mega project\MedvisionAi-\ML-Model\data\Train\FYP skin disease Dataset\Basal Cell Carcinoma\PAT_74_112_729.png,300,300,RGBA,1.0,47.16,Non-RGB mode (RGBA)
skin,train,Basal Cell Carcinoma,PAT_752_1426_714.png,E:\Mega project\MedvisionAi-\ML-Model\data\Train\FYP skin disease Dataset\Basal Cell Carcinoma\PAT_752_1426_714.png,300,300,RGBA,1.0,14.12,Non-RGB mode (RGBA)
skin,train,Basal Cell Carcinoma,PAT_753_1428_451.png,E:\Mega project\MedvisionAi-\ML-Model\data\Train\FYP skin disease Dataset\Basal Cell Carcinoma\PAT_753_1428_451.png,300,300,RGBA,1.0,45.61,Non-RGB mode (RGBA)
skin,train,Basal Cell Carcinoma,PAT_758_1441_891.png,E:\Mega project\MedvisionAi-\ML-Model\data\Train\FYP skin disease Dataset\Basal Cell Carcinoma\PAT_758_1441_891.png,300,300,RGBA,1.0,12.68,Non-RGB mode (RGBA)
skin,train,Basal Cell Carcinoma,PAT_75_114_73.png,E:\Mega project\MedvisionAi-\ML-Model\data\Train\FYP skin disease Dataset\Basal Cell Carcinoma\PAT_75_114_73.png,300,300,RGBA,1.0,15.07,Non-RGB mode (RGBA)
skin,train,Basal Cell Carcinoma,PAT_761_1435_561.png,E:\Mega project\MedvisionAi-\ML-Model\data\Train\FYP skin disease Dataset\Basal Cell Carcinoma\PAT_761_1435_561.png,300,300,RGBA,1.0,22.98,Non-RGB mode (RGBA)
skin,train,Basal Cell Carcinoma,PAT_767_1501_691.png,E:\Mega project\MedvisionAi-\ML-Model\data\Train\FYP skin disease Dataset\Basal Cell Carcinoma\PAT_767_1501_691.png,300,300,RGBA,1.0,17.05,Non-RGB mode (RGBA)
skin,train,Basal Cell Carcinoma,PAT_768_1450_402.png,E:\Mega project\MedvisionAi-\ML-Model\data\Train\FYP skin disease Dataset\Basal Cell Carcinoma\PAT_768_1450_402.png,300,300,RGBA,1.0,21.48,Non-RGB mode (RGBA)
skin,train,Basal Cell Carcinoma,PAT_771_1490_334.png,E:\Mega project\MedvisionAi-\ML-Model\data\Train\FYP skin disease Dataset\Basal Cell Carcinoma\PAT_771_1490_334.png,300,300,RGBA,1.0,17.13,Non-RGB mode (RGBA)
skin,train,Basal Cell Carcinoma,PAT_771_1491_390.png,E:\Mega project\MedvisionAi-\ML-Model\data\Train\FYP skin disease Dataset\Basal Cell Carcinoma\PAT_771_1491_390.png,300,300,RGBA,1.0,19.42,Non-RGB mode (RGBA)
skin,train,Basal Cell Carcinoma,PAT_773_1459_554.png,E:\Mega project\MedvisionAi-\ML-Model\data\Train\FYP skin disease Dataset\Basal Cell Carcinoma\PAT_773_1459_554.png,300,300,RGBA,1.0,13.13,Non-RGB mode (RGBA)
skin,train,Basal Cell Carcinoma,PAT_774_1462_821.png,E:\Mega project\MedvisionAi-\ML-Model\data\Train\FYP skin disease Dataset\Basal Cell Carcinoma\PAT_774_1462_821.png,300,300,RGBA,1.0,12.5,Non-RGB mode (RGBA)
skin,train,Basal Cell Carcinoma,PAT_775_1463_616.png,E:\Mega project\MedvisionAi-\ML-Model\data\Train\FYP skin disease Dataset\Basal Cell Carcinoma\PAT_775_1463_616.png,300,300,RGBA,1.0,22.26,Non-RGB mode (RGBA)
skin,train,Basal Cell Carcinoma,PAT_778_1471_835.png,E:\Mega project\MedvisionAi-\ML-Model\data\Train\FYP skin disease Dataset\Basal Cell Carcinoma\PAT_778_1471_835.png,300,300,RGBA,1.0,10.55,Non-RGB mode (RGBA)
skin,train,Basal Cell Carcinoma,PAT_779_1472_741.png,E:\Mega project\MedvisionAi-\ML-Model\data\Train\FYP skin disease Dataset\Basal Cell Carcinoma\PAT_779_1472_741.png,300,300,RGBA,1.0,13.69,Non-RGB mode (RGBA)
skin,train,Basal Cell Carcinoma,PAT_782_1494_418.png,E:\Mega project\MedvisionAi-\ML-Model\data\Train\FYP skin disease Dataset\Basal Cell Carcinoma\PAT_782_1494_418.png,300,300,RGBA,1.0,25.02,Non-RGB mode (RGBA)
skin,train,Basal Cell Carcinoma,PAT_785_1479_108.png,E:\Mega project\MedvisionAi-\ML-Model\data\Train\FYP skin disease Dataset\Basal Cell Carcinoma\PAT_785_1479_108.png,300,300,RGBA,1.0,35.51,Non-RGB mode (RGBA)
skin,train,Basal Cell Carcinoma,PAT_786_1480_914.png,E:\Mega project\MedvisionAi-\ML-Model\data\Train\FYP skin disease Dataset\Basal Cell Carcinoma\PAT_786_1480_914.png,300,300,RGBA,1.0,20.13,Non-RGB mode (RGBA)
skin,train,Basal Cell Carcinoma,PAT_789_1483_793.png,E:\Mega project\MedvisionAi-\ML-Model\data\Train\FYP skin disease Dataset\Basal Cell Carcinoma\PAT_789_1483_793.png,300,300,RGBA,1.0,16.21,Non-RGB mode (RGBA)
skin,train,Basal Cell Carcinoma,PAT_78_118_685.png,E:\Mega project\MedvisionAi-\ML-Model\data\Train\FYP skin disease Dataset\Basal Cell Carcinoma\PAT_78_118_685.png,300,300,RGBA,1.0,12.6,Non-RGB mode (RGBA)
skin,train,Basal Cell Carcinoma,PAT_796_1509_400.png,E:\Mega project\MedvisionAi-\ML-Model\data\Train\FYP skin disease Dataset\Basal Cell Carcinoma\PAT_796_1509_400.png,300,300,RGBA,1.0,23.21,Non-RGB mode (RGBA)
skin,train,Basal Cell Carcinoma,PAT_796_1509_459.png,E:\Mega project\MedvisionAi-\ML-Model\data\Train\FYP skin disease Dataset\Basal Cell Carcinoma\PAT_796_1509_459.png,300,300,RGBA,1.0,37.33,Non-RGB mode (RGBA)
skin,train,Basal Cell Carcinoma,PAT_796_1510_361.png,E:\Mega project\MedvisionAi-\ML-Model\data\Train\FYP skin disease Dataset\Basal Cell Carcinoma\PAT_796_1510_361.png,300,300,RGBA,1.0,30.43,Non-RGB mode (RGBA)
skin,train,Basal Cell Carcinoma,PAT_797_1511_805.png,E:\Mega project\MedvisionAi-\ML-Model\data\Train\FYP skin disease Dataset\Basal Cell Carcinoma\PAT_797_1511_805.png,300,300,RGBA,1.0,41.83,Non-RGB mode (RGBA)
skin,train,Basal Cell Carcinoma,PAT_79_120_532.png,E:\Mega project\MedvisionAi-\ML-Model\data\Train\FYP skin disease Dataset\Basal Cell Carcinoma\PAT_79_120_532.png,300,300,RGBA,1.0,6.96,Non-RGB mode (RGBA)
skin,train,Basal Cell Carcinoma,PAT_79_120_739.png,E:\Mega project\MedvisionAi-\ML-Model\data\Train\FYP skin disease Dataset\Basal Cell Carcinoma\PAT_79_120_739.png,300,300,RGBA,1.0,11.69,Non-RGB mode (RGBA)
skin,train,Basal Cell Carcinoma,PAT_803_1522_907.png,E:\Mega project\MedvisionAi-\ML-Model\data\Train\FYP skin disease Dataset\Basal Cell Carcinoma\PAT_803_1522_907.png,300,300,RGBA,1.0,15.89,Non-RGB mode (RGBA)
skin,train,Basal Cell Carcinoma,PAT_806_1520_60.png,E:\Mega project\MedvisionAi-\ML-Model\data\Train\FYP skin disease Dataset\Basal Cell Carcinoma\PAT_806_1520_60.png,300,300,RGBA,1.0,16.73,Non-RGB mode (RGBA)
skin,train,Basal Cell Carcinoma,PAT_810_1526_639.png,E:\Mega project\MedvisionAi-\ML-Model\data\Train\FYP skin disease Dataset\Basal Cell Carcinoma\PAT_810_1526_639.png,300,300,RGBA,1.0,22.09,Non-RGB mode (RGBA)
skin,train,Basal Cell Carcinoma,PAT_812_1625_430.png,E:\Mega project\MedvisionAi-\ML-Model\data\Train\FYP skin disease Dataset\Basal Cell Carcinoma\PAT_812_1625_430.png,300,300,RGBA,1.0,19.71,Non-RGB mode (RGBA)
skin,train,Basal Cell Carcinoma,PAT_813_1619_543.png,E:\Mega project\MedvisionAi-\ML-Model\data\Train\FYP skin disease Dataset\Basal Cell Carcinoma\PAT_813_1619_543.png,300,300,RGBA,1.0,17.57,Non-RGB mode (RGBA)
skin,train,Basal Cell Carcinoma,PAT_814_1532_265.png,E:\Mega project\MedvisionAi-\ML-Model\data\Train\FYP skin disease Dataset\Basal Cell Carcinoma\PAT_814_1532_265.png,300,300,RGBA,1.0,33.96,Non-RGB mode (RGBA)
skin,train,Basal Cell Carcinoma,PAT_814_1532_545.png,E:\Mega project\MedvisionAi-\ML-Model\data\Train\FYP skin disease Dataset\Basal Cell Carcinoma\PAT_814_1532_545.png,300,300,RGBA,1.0,20.8,Non-RGB mode (RGBA)
skin,train,Basal Cell Carcinoma,PAT_815_1534_411.png,E:\Mega project\MedvisionAi-\ML-Model\data\Train\FYP skin disease Dataset\Basal Cell Carcinoma\PAT_815_1534_411.png,300,300,RGBA,1.0,34.87,Non-RGB mode (RGBA)
skin,train,Basal Cell Carcinoma,PAT_815_1535_536.png,E:\Mega project\MedvisionAi-\ML-Model\data\Train\FYP skin disease Dataset\Basal Cell Carcinoma\PAT_815_1535_536.png,300,300,RGBA,1.0,25.27,Non-RGB mode (RGBA)
skin,train,Basal Cell Carcinoma,PAT_815_1536_963.png,E:\Mega project\MedvisionAi-\ML-Model\data\Train\FYP skin disease Dataset\Basal Cell Carcinoma\PAT_815_1536_963.png,300,300,RGBA,1.0,22.21,Non-RGB mode (RGBA)
skin,train,Basal Cell Carcinoma,PAT_818_1539_859.png,E:\Mega project\MedvisionAi-\ML-Model\data\Train\FYP skin disease Dataset\Basal Cell Carcinoma\PAT_818_1539_859.png,300,300,RGBA,1.0,35.22,Non-RGB mode (RGBA)
skin,train,Basal Cell Carcinoma,PAT_821_1547_77.png,E:\Mega project\MedvisionAi-\ML-Model\data\Train\FYP skin disease Dataset\Basal Cell Carcinoma\PAT_821_1547_77.png,300,300,RGBA,1.0,30.46,Non-RGB mode (RGBA)
skin,train,Basal Cell Carcinoma,PAT_822_1550_132.png,E:\Mega project\MedvisionAi-\ML-Model\data\Train\FYP skin disease Dataset\Basal Cell Carcinoma\PAT_822_1550_132.png,300,300,RGBA,1.0,34.67,Non-RGB mode (RGBA)
skin,train,Basal Cell Carcinoma,PAT_822_1551_573.png,E:\Mega project\MedvisionAi-\ML-Model\data\Train\FYP skin disease Dataset\Basal Cell Carcinoma\PAT_822_1551_573.png,300,300,RGBA,1.0,18.66,Non-RGB mode (RGBA)
skin,train,Basal Cell Carcinoma,PAT_823_1558_67.png,E:\Mega project\MedvisionAi-\ML-Model\data\Train\FYP skin disease Dataset\Basal Cell Carcinoma\PAT_823_1558_67.png,300,300,RGBA,1.0,26.98,Non-RGB mode (RGBA)
skin,train,Basal Cell Carcinoma,PAT_823_1558_870.png,E:\Mega project\MedvisionAi-\ML-Model\data\Train\FYP skin disease Dataset\Basal Cell Carcinoma\PAT_823_1558_870.png,300,300,RGBA,1.0,18.33,Non-RGB mode (RGBA)
skin,train,Basal Cell Carcinoma,PAT_826_1615_908.png,E:\Mega project\MedvisionAi-\ML-Model\data\Train\FYP skin disease Dataset\Basal Cell Carcinoma\PAT_826_1615_908.png,300,300,RGBA,1.0,28.88,Non-RGB mode (RGBA)
skin,train,Basal Cell Carcinoma,PAT_827_1599_248.png,E:\Mega project\MedvisionAi-\ML-Model\data\Train\FYP skin disease Dataset\Basal Cell Carcinoma\PAT_827_1599_248.png,300,300,RGBA,1.0,11.64,Non-RGB mode (RGBA)
skin,train,Basal Cell Carcinoma,PAT_827_1601_859.png,E:\Mega project\MedvisionAi-\ML-Model\data\Train\FYP skin disease Dataset\Basal Cell Carcinoma\PAT_827_1601_859.png,300,300,RGBA,1.0,17.42,Non-RGB mode (RGBA)
skin,train,Basal Cell Carcinoma,PAT_82_125_525.png,E:\Mega project\MedvisionAi-\ML-Model\data\Train\FYP skin disease Dataset\Basal Cell Carcinoma\PAT_82_125_525.png,300,300,RGBA,1.0,27.52,Non-RGB mode (RGBA)
skin,train,Basal Cell Carcinoma,PAT_830_1564_54.png,E:\Mega project\MedvisionAi-\ML-Model\data\Train\FYP skin disease Dataset\Basal Cell Carcinoma\PAT_830_1564_54.png,300,300,RGBA,1.0,44.63,Non-RGB mode (RGBA)
skin,train,Basal Cell Carcinoma,PAT_830_1564_740.png,E:\Mega project\MedvisionAi-\ML-Model\data\Train\FYP skin disease Dataset\Basal Cell Carcinoma\PAT_830_1564_740.png,300,300,RGBA,1.0,47.17,Non-RGB mode (RGBA)
skin,train,Basal Cell Carcinoma,PAT_830_1565_911.png,E:\Mega project\MedvisionAi-\ML-Model\data\Train\FYP skin disease Dataset\Basal Cell Carcinoma\PAT_830_1565_911.png,300,300,RGBA,1.0,15.06,Non-RGB mode (RGBA)
skin,train,Basal Cell Carcinoma,PAT_833_1571_134.png,E:\Mega project\MedvisionAi-\ML-Model\data\Train\FYP skin disease Dataset\Basal Cell Carcinoma\PAT_833_1571_134.png,300,300,RGBA,1.0,20.13,Non-RGB mode (RGBA)
skin,train,Basal Cell Carcinoma,PAT_835_1577_938.png,E:\Mega project\MedvisionAi-\ML-Model\data\Train\FYP skin disease Dataset\Basal Cell Carcinoma\PAT_835_1577_938.png,300,300,RGBA,1.0,14.12,Non-RGB mode (RGBA)
skin,train,Basal Cell Carcinoma,PAT_835_1578_592.png,E:\Mega project\MedvisionAi-\ML-Model\data\Train\FYP skin disease Dataset\Basal Cell Carcinoma\PAT_835_1578_592.png,300,300,RGBA,1.0,20.99,Non-RGB mode (RGBA)
skin,train,Basal Cell Carcinoma,PAT_837_1582_714.png,E:\Mega project\MedvisionAi-\ML-Model\data\Train\FYP skin disease Dataset\Basal Cell Carcinoma\PAT_837_1582_714.png,300,300,RGBA,1.0,34.2,Non-RGB mode (RGBA)
skin,train,Basal Cell Carcinoma,PAT_837_1583_124.png,E:\Mega project\MedvisionAi-\ML-Model\data\Train\FYP skin disease Dataset\Basal Cell Carcinoma\PAT_837_1583_124.png,300,300,RGBA,1.0,15.43,Non-RGB mode (RGBA)
skin,train,Basal Cell Carcinoma,PAT_838_1585_282.png,E:\Mega project\MedvisionAi-\ML-Model\data\Train\FYP skin disease Dataset\Basal Cell Carcinoma\PAT_838_1585_282.png,300,300,RGBA,1.0,11.78,Non-RGB mode (RGBA)
skin,train,Basal Cell Carcinoma,PAT_838_1585_979.png,E:\Mega project\MedvisionAi-\ML-Model\data\Train\FYP skin disease Dataset\Basal Cell Carcinoma\PAT_838_1585_979.png,300,300,RGBA,1.0,14.71,Non-RGB mode (RGBA)
skin,train,Basal Cell Carcinoma,PAT_838_1587_73.png,E:\Mega project\MedvisionAi-\ML-Model\data\Train\FYP skin disease Dataset\Basal Cell Carcinoma\PAT_838_1587_73.png,300,300,RGBA,1.0,9.97,Non-RGB mode (RGBA)
skin,train,Basal Cell Carcinoma,PAT_83_126_513.png,E:\Mega project\MedvisionAi-\ML-Model\data\Train\FYP skin disease Dataset\Basal Cell Carcinoma\PAT_83_126_513.png,300,300,RGBA,1.0,21.11,Non-RGB mode (RGBA)
skin,train,Basal Cell Carcinoma,PAT_83_126_820.png,E:\Mega project\MedvisionAi-\ML-Model\data\Train\FYP skin disease Dataset\Basal Cell Carcinoma\PAT_83_126_820.png,300,300,RGBA,1.0,23.72,Non-RGB mode (RGBA)
skin,train,Basal Cell Carcinoma,PAT_840_1595_981.png,E:\Mega project\MedvisionAi-\ML-Model\data\Train\FYP skin disease Dataset\Basal Cell Carcinoma\PAT_840_1595_981.png,300,300,RGBA,1.0,21.71,Non-RGB mode (RGBA)
skin,train,Basal Cell Carcinoma,PAT_841_1603_667.png,E:\Mega project\MedvisionAi-\ML-Model\data\Train\FYP skin disease Dataset\Basal Cell Carcinoma\PAT_841_1603_667.png,300,300,RGBA,1.0,14.69,Non-RGB mode (RGBA)
skin,train,Basal Cell Carcinoma,PAT_842_1606_720.png,E:\Mega project\MedvisionAi-\ML-Model\data\Train\FYP skin disease Dataset\Basal Cell Carcinoma\PAT_842_1606_720.png,300,300,RGBA,1.0,26.38,Non-RGB mode (RGBA)
skin,train,Basal Cell Carcinoma,PAT_845_1604_313.png,E:\Mega project\MedvisionAi-\ML-Model\data\Train\FYP skin disease Dataset\Basal Cell Carcinoma\PAT_845_1604_313.png,300,300,RGBA,1.0,18.55,Non-RGB mode (RGBA)
skin,train,Basal Cell Carcinoma,PAT_847_1610_165.png,E:\Mega project\MedvisionAi-\ML-Model\data\Train\FYP skin disease Dataset\Basal Cell Carcinoma\PAT_847_1610_165.png,300,300,RGBA,1.0,16.26,Non-RGB mode (RGBA)
skin,train,Basal Cell Carcinoma,PAT_849_1612_143.png,E:\Mega project\MedvisionAi-\ML-Model\data\Train\FYP skin disease Dataset\Basal Cell Carcinoma\PAT_849_1612_143.png,300,300,RGBA,1.0,16.47,Non-RGB mode (RGBA)
skin,train,Basal Cell Carcinoma,PAT_850_1611_332.png,E:\Mega project\MedvisionAi-\ML-Model\data\Train\FYP skin disease Dataset\Basal Cell Carcinoma\PAT_850_1611_332.png,300,300,RGBA,1.0,18.46,Non-RGB mode (RGBA)
skin,train,Basal Cell Carcinoma,PAT_852_1629_265.png,E:\Mega project\MedvisionAi-\ML-Model\data\Train\FYP skin disease Dataset\Basal Cell Carcinoma\PAT_852_1629_265.png,300,300,RGBA,1.0,17.42,Non-RGB mode (RGBA)
skin,train,Basal Cell Carcinoma,PAT_854_1635_103.png,E:\Mega project\MedvisionAi-\ML-Model\data\Train\FYP skin disease Dataset\Basal Cell Carcinoma\PAT_854_1635_103.png,300,300,RGBA,1.0,33.68,Non-RGB mode (RGBA)
skin,train,Basal Cell Carcinoma,PAT_856_1626_523.png,E:\Mega project\MedvisionAi-\ML-Model\data\Train\FYP skin disease Dataset\Basal Cell Carcinoma\PAT_856_1626_523.png,300,300,RGBA,1.0,15.99,Non-RGB mode (RGBA)
skin,train,Basal Cell Carcinoma,PAT_856_1626_630.png,E:\Mega project\MedvisionAi-\ML-Model\data\Train\FYP skin disease Dataset\Basal Cell Carcinoma\PAT_856_1626_630.png,300,300,RGBA,1.0,25.35,Non-RGB mode (RGBA)
skin,train,Basal Cell Carcinoma,PAT_858_1631_427.png,E:\Mega project\MedvisionAi-\ML-Model\data\Train\FYP skin disease Dataset\Basal Cell Carcinoma\PAT_858_1631_427.png,300,300,RGBA,1.0,23.01,Non-RGB mode (RGBA)
skin,train,Basal Cell Carcinoma,PAT_858_1632_977.png,E:\Mega project\MedvisionAi-\ML-Model\data\Train\FYP skin disease Dataset\Basal Cell Carcinoma\PAT_858_1632_977.png,300,300,RGBA,1.0,21.58,Non-RGB mode (RGBA)
skin,train,Basal Cell Carcinoma,PAT_858_1633_926.png,E:\Mega project\MedvisionAi-\ML-Model\data\Train\FYP skin disease Dataset\Basal Cell Carcinoma\PAT_858_1633_926.png,300,300,RGBA,1.0,17.37,Non-RGB mode (RGBA)
skin,train,Basal Cell Carcinoma,PAT_864_1646_822.png,E:\Mega project\MedvisionAi-\ML-Model\data\Train\FYP skin disease Dataset\Basal Cell Carcinoma\PAT_864_1646_822.png,300,300,RGBA,1.0,18.35,Non-RGB mode (RGBA)
skin,train,Basal Cell Carcinoma,PAT_866_1649_674.png,E:\Mega project\MedvisionAi-\ML-Model\data\Train\FYP skin disease Dataset\Basal Cell Carcinoma\PAT_866_1649_674.png,300,300,RGBA,1.0,10.11,Non-RGB mode (RGBA)
skin,train,Basal Cell Carcinoma,PAT_867_1650_825.png,E:\Mega project\MedvisionAi-\ML-Model\data\Train\FYP skin disease Dataset\Basal Cell Carcinoma\PAT_867_1650_825.png,300,300,RGBA,1.0,22.85,Non-RGB mode (RGBA)
skin,train,Basal Cell Carcinoma,PAT_867_1650_901.png,E:\Mega project\MedvisionAi-\ML-Model\data\Train\FYP skin disease Dataset\Basal Cell Carcinoma\PAT_867_1650_901.png,300,300,RGBA,1.0,6.63,Non-RGB mode (RGBA)
skin,train,Basal Cell Carcinoma,PAT_872_1707_638.png,E:\Mega project\MedvisionAi-\ML-Model\data\Train\FYP skin disease Dataset\Basal Cell Carcinoma\PAT_872_1707_638.png,300,300,RGBA,1.0,28.18,Non-RGB mode (RGBA)
skin,train,Basal Cell Carcinoma,PAT_874_1671_176.png,E:\Mega project\MedvisionAi-\ML-Model\data\Train\FYP skin disease Dataset\Basal Cell Carcinoma\PAT_874_1671_176.png,300,300,RGBA,1.0,20.81,Non-RGB mode (RGBA)
skin,train,Basal Cell Carcinoma,PAT_875_1668_588.png,E:\Mega project\MedvisionAi-\ML-Model\data\Train\FYP skin disease Dataset\Basal Cell Carcinoma\PAT_875_1668_588.png,300,300,RGBA,1.0,28.97,Non-RGB mode (RGBA)
skin,train,Basal Cell Carcinoma,PAT_875_1670_121.png,E:\Mega project\MedvisionAi-\ML-Model\data\Train\FYP skin disease Dataset\Basal Cell Carcinoma\PAT_875_1670_121.png,300,300,RGBA,1.0,12.95,Non-RGB mode (RGBA)
skin,train,Basal Cell Carcinoma,PAT_876_1664_579.png,E:\Mega project\MedvisionAi-\ML-Model\data\Train\FYP skin disease Dataset\Basal Cell Carcinoma\PAT_876_1664_579.png,300,300,RGBA,1.0,40.38,Non-RGB mode (RGBA)
skin,train,Basal Cell Carcinoma,PAT_876_1665_569.png,E:\Mega project\MedvisionAi-\ML-Model\data\Train\FYP skin disease Dataset\Basal Cell Carcinoma\PAT_876_1665_569.png,300,300,RGBA,1.0,13.1,Non-RGB mode (RGBA)
skin,train,Basal Cell Carcinoma,PAT_876_1666_961.png,E:\Mega project\MedvisionAi-\ML-Model\data\Train\FYP skin disease Dataset\Basal Cell Carcinoma\PAT_876_1666_961.png,300,300,RGBA,1.0,23.42,Non-RGB mode (RGBA)
skin,train,Basal Cell Carcinoma,PAT_877_1667_118.png,E:\Mega project\MedvisionAi-\ML-Model\data\Train\FYP skin disease Dataset\Basal Cell Carcinoma\PAT_877_1667_118.png,300,300,RGBA,1.0,11.14,Non-RGB mode (RGBA)
skin,train,Basal Cell Carcinoma,PAT_885_1687_204.png,E:\Mega project\MedvisionAi-\ML-Model\data\Train\FYP skin disease Dataset\Basal Cell Carcinoma\PAT_885_1687_204.png,300,300,RGBA,1.0,16.63,Non-RGB mode (RGBA)
skin,train,Basal Cell Carcinoma,PAT_885_1687_823.png,E:\Mega project\MedvisionAi-\ML-Model\data\Train\FYP skin disease Dataset\Basal Cell Carcinoma\PAT_885_1687_823.png,300,300,RGBA,1.0,14.43,Non-RGB mode (RGBA)
skin,train,Basal Cell Carcinoma,PAT_88_133_64.png,E:\Mega project\MedvisionAi-\ML-Model\data\Train\FYP skin disease Dataset\Basal Cell Carcinoma\PAT_88_133_64.png,300,300,RGBA,1.0,37.34,Non-RGB mode (RGBA)
skin,train,Basal Cell Carcinoma,PAT_894_1680_410.png,E:\Mega project\MedvisionAi-\ML-Model\data\Train\FYP skin disease Dataset\Basal Cell Carcinoma\PAT_894_1680_410.png,300,300,RGBA,1.0,24.6,Non-RGB mode (RGBA)
skin,train,Basal Cell Carcinoma,PAT_896_1705_582.png,E:\Mega project\MedvisionAi-\ML-Model\data\Train\FYP skin disease Dataset\Basal Cell Carcinoma\PAT_896_1705_582.png,300,300,RGBA,1.0,35.84,Non-RGB mode (RGBA)
skin,train,Basal Cell Carcinoma,PAT_897_1710_793.png,E:\Mega project\MedvisionAi-\ML-Model\data\Train\FYP skin disease Dataset\Basal Cell Carcinoma\PAT_897_1710_793.png,300,300,RGBA,1.0,15.35,Non-RGB mode (RGBA)
skin,train,Basal Cell Carcinoma,PAT_899_1702_32.png,E:\Mega project\MedvisionAi-\ML-Model\data\Train\FYP skin disease Dataset\Basal Cell Carcinoma\PAT_899_1702_32.png,300,300,RGBA,1.0,8.34,Non-RGB mode (RGBA)
skin,train,Basal Cell Carcinoma,PAT_8_15_820.png,E:\Mega project\MedvisionAi-\ML-Model\data\Train\FYP skin disease Dataset\Basal Cell Carcinoma\PAT_8_15_820.png,300,300,RGBA,1.0,21.28,Non-RGB mode (RGBA)
skin,train,Basal Cell Carcinoma,PAT_901_1716_497.png,E:\Mega project\MedvisionAi-\ML-Model\data\Train\FYP skin disease Dataset\Basal Cell Carcinoma\PAT_901_1716_497.png,300,300,RGBA,1.0,7.07,Non-RGB mode (RGBA)
skin,train,Basal Cell Carcinoma,PAT_903_1719_943.png,E:\Mega project\MedvisionAi-\ML-Model\data\Train\FYP skin disease Dataset\Basal Cell Carcinoma\PAT_903_1719_943.png,300,300,RGBA,1.0,18.92,Non-RGB mode (RGBA)
skin,train,Basal Cell Carcinoma,PAT_903_1720_647.png,E:\Mega project\MedvisionAi-\ML-Model\data\Train\FYP skin disease Dataset\Basal Cell Carcinoma\PAT_903_1720_647.png,300,300,RGBA,1.0,26.53,Non-RGB mode (RGBA)
skin,train,Basal Cell Carcinoma,PAT_904_1736_851.png,E:\Mega project\MedvisionAi-\ML-Model\data\Train\FYP skin disease Dataset\Basal Cell Carcinoma\PAT_904_1736_851.png,300,300,RGBA,1.0,34.37,Non-RGB mode (RGBA)
skin,train,Basal Cell Carcinoma,PAT_905_1721_327.png,E:\Mega project\MedvisionAi-\ML-Model\data\Train\FYP skin disease Dataset\Basal Cell Carcinoma\PAT_905_1721_327.png,300,300,RGBA,1.0,22.38,Non-RGB mode (RGBA)
skin,train,Basal Cell Carcinoma,PAT_906_1722_328.png,E:\Mega project\MedvisionAi-\ML-Model\data\Train\FYP skin disease Dataset\Basal Cell Carcinoma\PAT_906_1722_328.png,300,300,RGBA,1.0,13.45,Non-RGB mode (RGBA)
skin,train,Basal Cell Carcinoma,PAT_906_1723_560.png,E:\Mega project\MedvisionAi-\ML-Model\data\Train\FYP skin disease Dataset\Basal Cell Carcinoma\PAT_906_1723_560.png,300,300,RGBA,1.0,6.53,Non-RGB mode (RGBA)
skin,train,Basal Cell Carcinoma,PAT_90_138_605.png,E:\Mega project\MedvisionAi-\ML-Model\data\Train\FYP skin disease Dataset\Basal Cell Carcinoma\PAT_90_138_605.png,300,300,RGBA,1.0,24.46,Non-RGB mode (RGBA)
skin,train,Basal Cell Carcinoma,PAT_90_139_57.png,E:\Mega project\MedvisionAi-\ML-Model\data\Train\FYP skin disease Dataset\Basal Cell Carcinoma\PAT_90_139_57.png,300,300,RGBA,1.0,18.46,Non-RGB mode (RGBA)
skin,train,Basal Cell Carcinoma,PAT_911_1728_101.png,E:\Mega project\MedvisionAi-\ML-Model\data\Train\FYP skin disease Dataset\Basal Cell Carcinoma\PAT_911_1728_101.png,300,300,RGBA,1.0,19.87,Non-RGB mode (RGBA)
skin,train,Basal Cell Carcinoma,PAT_912_1729_244.png,E:\Mega project\MedvisionAi-\ML-Model\data\Train\FYP skin disease Dataset\Basal Cell Carcinoma\PAT_912_1729_244.png,300,300,RGBA,1.0,19.4,Non-RGB mode (RGBA)
skin,train,Basal Cell Carcinoma,PAT_913_1730_815.png,E:\Mega project\MedvisionAi-\ML-Model\data\Train\FYP skin disease Dataset\Basal Cell Carcinoma\PAT_913_1730_815.png,300,300,RGBA,1.0,36.51,Non-RGB mode (RGBA)
skin,train,Basal Cell Carcinoma,PAT_918_1742_456.png,E:\Mega project\MedvisionAi-\ML-Model\data\Train\FYP skin disease Dataset\Basal Cell Carcinoma\PAT_918_1742_456.png,300,300,RGBA,1.0,32.62,Non-RGB mode (RGBA)
skin,train,Basal Cell Carcinoma,PAT_918_1742_629.png,E:\Mega project\MedvisionAi-\ML-Model\data\Train\FYP skin disease Dataset\Basal Cell Carcinoma\PAT_918_1742_629.png,300,300,RGBA,1.0,25.16,Non-RGB mode (RGBA)
skin,train,Basal Cell Carcinoma,PAT_919_1744_318.png,E:\Mega project\MedvisionAi-\ML-Model\data\Train\FYP skin disease Dataset\Basal Cell Carcinoma\PAT_919_1744_318.png,300,300,RGBA,1.0,23.38,Non-RGB mode (RGBA)
skin,train,Basal Cell Carcinoma,PAT_920_1747_19.png,E:\Mega project\MedvisionAi-\ML-Model\data\Train\FYP skin disease Dataset\Basal Cell Carcinoma\PAT_920_1747_19.png,300,300,RGBA,1.0,15.86,Non-RGB mode (RGBA)
skin,train,Basal Cell Carcinoma,PAT_923_1753_496.png,E:\Mega project\MedvisionAi-\ML-Model\data\Train\FYP skin disease Dataset\Basal Cell Carcinoma\PAT_923_1753_496.png,300,300,RGBA,1.0,24.33,Non-RGB mode (RGBA)
skin,train,Basal Cell Carcinoma,PAT_923_1753_706.png,E:\Mega project\MedvisionAi-\ML-Model\data\Train\FYP skin disease Dataset\Basal Cell Carcinoma\PAT_923_1753_706.png,300,300,RGBA,1.0,34.66,Non-RGB mode (RGBA)
skin,train,Basal Cell Carcinoma,PAT_926_1758_714.png,E:\Mega project\MedvisionAi-\ML-Model\data\Train\FYP skin disease Dataset\Basal Cell Carcinoma\PAT_926_1758_714.png,300,300,RGBA,1.0,16.01,Non-RGB mode (RGBA)
skin,train,Basal Cell Carcinoma,PAT_928_1764_426.png,E:\Mega project\MedvisionAi-\ML-Model\data\Train\FYP skin disease Dataset\Basal Cell Carcinoma\PAT_928_1764_426.png,300,300,RGBA,1.0,18.93,Non-RGB mode (RGBA)
skin,train,Basal Cell Carcinoma,PAT_930_1760_560.png,E:\Mega project\MedvisionAi-\ML-Model\data\Train\FYP skin disease Dataset\Basal Cell Carcinoma\PAT_930_1760_560.png,300,300,RGBA,1.0,24.97,Non-RGB mode (RGBA)
skin,train,Basal Cell Carcinoma,PAT_935_1781_920.png,E:\Mega project\MedvisionAi-\ML-Model\data\Train\FYP skin disease Dataset\Basal Cell Carcinoma\PAT_935_1781_920.png,300,300,RGBA,1.0,47.68,Non-RGB mode (RGBA)
skin,train,Basal Cell Carcinoma,PAT_938_1789_693.png,E:\Mega project\MedvisionAi-\ML-Model\data\Train\FYP skin disease Dataset\Basal Cell Carcinoma\PAT_938_1789_693.png,300,300,RGBA,1.0,31.51,Non-RGB mode (RGBA)
skin,train,Basal Cell Carcinoma,PAT_938_1790_977.png,E:\Mega project\MedvisionAi-\ML-Model\data\Train\FYP skin disease Dataset\Basal Cell Carcinoma\PAT_938_1790_977.png,300,300,RGBA,1.0,44.3,Non-RGB mode (RGBA)
skin,train,Basal Cell Carcinoma,PAT_943_1793_787.png,E:\Mega project\MedvisionAi-\ML-Model\data\Train\FYP skin disease Dataset\Basal Cell Carcinoma\PAT_943_1793_787.png,300,300,RGBA,1.0,25.84,Non-RGB mode (RGBA)
skin,train,Basal Cell Carcinoma,PAT_944_1795_371.png,E:\Mega project\MedvisionAi-\ML-Model\data\Train\FYP skin disease Dataset\Basal Cell Carcinoma\PAT_944_1795_371.png,300,300,RGBA,1.0,13.25,Non-RGB mode (RGBA)
skin,train,Basal Cell Carcinoma,PAT_946_1809_687.png,E:\Mega project\MedvisionAi-\ML-Model\data\Train\FYP skin disease Dataset\Basal Cell Carcinoma\PAT_946_1809_687.png,300,300,RGBA,1.0,22.47,Non-RGB mode (RGBA)
skin,train,Basal Cell Carcinoma,PAT_947_1798_946.png,E:\Mega project\MedvisionAi-\ML-Model\data\Train\FYP skin disease Dataset\Basal Cell Carcinoma\PAT_947_1798_946.png,300,300,RGBA,1.0,14.29,Non-RGB mode (RGBA)
skin,train,Basal Cell Carcinoma,PAT_948_1800_310.png,E:\Mega project\MedvisionAi-\ML-Model\data\Train\FYP skin disease Dataset\Basal Cell Carcinoma\PAT_948_1800_310.png,300,300,RGBA,1.0,39.46,Non-RGB mode (RGBA)
skin,train,Basal Cell Carcinoma,PAT_950_1804_64.png,E:\Mega project\MedvisionAi-\ML-Model\data\Train\FYP skin disease Dataset\Basal Cell Carcinoma\PAT_950_1804_64.png,300,300,RGBA,1.0,15.07,Non-RGB mode (RGBA)
skin,train,Basal Cell Carcinoma,PAT_952_1807_58.png,E:\Mega project\MedvisionAi-\ML-Model\data\Train\FYP skin disease Dataset\Basal Cell Carcinoma\PAT_952_1807_58.png,300,300,RGBA,1.0,11.75,Non-RGB mode (RGBA)
skin,train,Basal Cell Carcinoma,PAT_954_1808_415.png,E:\Mega project\MedvisionAi-\ML-Model\data\Train\FYP skin disease Dataset\Basal Cell Carcinoma\PAT_954_1808_415.png,300,300,RGBA,1.0,26.54,Non-RGB mode (RGBA)
skin,train,Basal Cell Carcinoma,PAT_955_1810_892.png,E:\Mega project\MedvisionAi-\ML-Model\data\Train\FYP skin disease Dataset\Basal Cell Carcinoma\PAT_955_1810_892.png,300,300,RGBA,1.0,20.0,Non-RGB mode (RGBA)
skin,train,Basal Cell Carcinoma,PAT_959_1813_1000.png,E:\Mega project\MedvisionAi-\ML-Model\data\Train\FYP skin disease Dataset\Basal Cell Carcinoma\PAT_959_1813_1000.png,300,300,RGBA,1.0,21.88,Non-RGB mode (RGBA)
skin,train,Basal Cell Carcinoma,PAT_962_1823_857.png,E:\Mega project\MedvisionAi-\ML-Model\data\Train\FYP skin disease Dataset\Basal Cell Carcinoma\PAT_962_1823_857.png,300,300,RGBA,1.0,14.66,Non-RGB mode (RGBA)
skin,train,Basal Cell Carcinoma,PAT_962_1823_942.png,E:\Mega project\MedvisionAi-\ML-Model\data\Train\FYP skin disease Dataset\Basal Cell Carcinoma\PAT_962_1823_942.png,300,300,RGBA,1.0,9.35,Non-RGB mode (RGBA)
skin,train,Basal Cell Carcinoma,PAT_96_150_743.png,E:\Mega project\MedvisionAi-\ML-Model\data\Train\FYP skin disease Dataset\Basal Cell Carcinoma\PAT_96_150_743.png,300,300,RGBA,1.0,14.89,Non-RGB mode (RGBA)
skin,train,Basal Cell Carcinoma,PAT_974_1841_693.png,E:\Mega project\MedvisionAi-\ML-Model\data\Train\FYP skin disease Dataset\Basal Cell Carcinoma\PAT_974_1841_693.png,300,300,RGBA,1.0,24.61,Non-RGB mode (RGBA)
skin,train,Basal Cell Carcinoma,PAT_976_1837_503.png,E:\Mega project\MedvisionAi-\ML-Model\data\Train\FYP skin disease Dataset\Basal Cell Carcinoma\PAT_976_1837_503.png,300,300,RGBA,1.0,21.87,Non-RGB mode (RGBA)
skin,train,Basal Cell Carcinoma,PAT_976_1837_861.png,E:\Mega project\MedvisionAi-\ML-Model\data\Train\FYP skin disease Dataset\Basal Cell Carcinoma\PAT_976_1837_861.png,300,300,RGBA,1.0,32.83,Non-RGB mode (RGBA)
skin,train,Basal Cell Carcinoma,PAT_97_151_503.png,E:\Mega project\MedvisionAi-\ML-Model\data\Train\FYP skin disease Dataset\Basal Cell Carcinoma\PAT_97_151_503.png,300,300,RGBA,1.0,26.97,Non-RGB mode (RGBA)
skin,train,Basal Cell Carcinoma,PAT_980_1849_295.png,E:\Mega project\MedvisionAi-\ML-Model\data\Train\FYP skin disease Dataset\Basal Cell Carcinoma\PAT_980_1849_295.png,300,300,RGBA,1.0,49.42,Non-RGB mode (RGBA)
skin,train,Basal Cell Carcinoma,PAT_980_1851_351.png,E:\Mega project\MedvisionAi-\ML-Model\data\Train\FYP skin disease Dataset\Basal Cell Carcinoma\PAT_980_1851_351.png,300,300,RGBA,1.0,43.54,Non-RGB mode (RGBA)
skin,train,Basal Cell Carcinoma,PAT_981_1848_486.png,E:\Mega project\MedvisionAi-\ML-Model\data\Train\FYP skin disease Dataset\Basal Cell Carcinoma\PAT_981_1848_486.png,300,300,RGBA,1.0,24.07,Non-RGB mode (RGBA)
skin,train,Basal Cell Carcinoma,PAT_981_1848_906.png,E:\Mega project\MedvisionAi-\ML-Model\data\Train\FYP skin disease Dataset\Basal Cell Carcinoma\PAT_981_1848_906.png,300,300,RGBA,1.0,21.55,Non-RGB mode (RGBA)
skin,train,Basal Cell Carcinoma,PAT_985_1856_397.png,E:\Mega project\MedvisionAi-\ML-Model\data\Train\FYP skin disease Dataset\Basal Cell Carcinoma\PAT_985_1856_397.png,300,300,RGBA,1.0,25.88,Non-RGB mode (RGBA)
skin,train,Basal Cell Carcinoma,PAT_986_1855_702.png,E:\Mega project\MedvisionAi-\ML-Model\data\Train\FYP skin disease Dataset\Basal Cell Carcinoma\PAT_986_1855_702.png,300,300,RGBA,1.0,32.0,Non-RGB mode (RGBA)
skin,train,Basal Cell Carcinoma,PAT_988_1858_453.png,E:\Mega project\MedvisionAi-\ML-Model\data\Train\FYP skin disease Dataset\Basal Cell Carcinoma\PAT_988_1858_453.png,300,300,RGBA,1.0,39.58,Non-RGB mode (RGBA)
skin,train,Basal Cell Carcinoma,PAT_98_152_562.png,E:\Mega project\MedvisionAi-\ML-Model\data\Train\FYP skin disease Dataset\Basal Cell Carcinoma\PAT_98_152_562.png,300,300,RGBA,1.0,17.88,Non-RGB mode (RGBA)
skin,train,Basal Cell Carcinoma,PAT_993_1865_559.png,E:\Mega project\MedvisionAi-\ML-Model\data\Train\FYP skin disease Dataset\Basal Cell Carcinoma\PAT_993_1865_559.png,300,300,RGBA,1.0,16.98,Non-RGB mode (RGBA)
skin,train,Basal Cell Carcinoma,PAT_994_1866_913.png,E:\Mega project\MedvisionAi-\ML-Model\data\Train\FYP skin disease Dataset\Basal Cell Carcinoma\PAT_994_1866_913.png,300,300,RGBA,1.0,15.18,Non-RGB mode (RGBA)
skin,train,Dermatofibroma,0019_TotalFocus.png,E:\Mega project\MedvisionAi-\ML-Model\data\Train\FYP skin disease Dataset\Dermatofibroma\0019_TotalFocus.png,300,300,RGBA,1.0,9.16,Non-RGB mode (RGBA)
skin,train,Dermatofibroma,0032_TotalFocus.png,E:\Mega project\MedvisionAi-\ML-Model\data\Train\FYP skin disease Dataset\Dermatofibroma\0032_TotalFocus.png,300,300,RGBA,1.0,6.0,Non-RGB mode (RGBA)
skin,train,Dermatofibroma,0034_TotalFocus.png,E:\Mega project\MedvisionAi-\ML-Model\data\Train\FYP skin disease Dataset\Dermatofibroma\0034_TotalFocus.png,300,300,RGBA,1.0,7.91,Non-RGB mode (RGBA)
skin,train,Dermatofibroma,0035_TotalFocus.png,E:\Mega project\MedvisionAi-\ML-Model\data\Train\FYP skin disease Dataset\Dermatofibroma\0035_TotalFocus.png,300,300,RGBA,1.0,13.42,Non-RGB mode (RGBA)
skin,train,Dermatofibroma,0036_TotalFocus.png,E:\Mega project\MedvisionAi-\ML-Model\data\Train\FYP skin disease Dataset\Dermatofibroma\0036_TotalFocus.png,300,300,RGBA,1.0,14.16,Non-RGB mode (RGBA)
skin,train,Dermatofibroma,0037_TotalFocus.png,E:\Mega project\MedvisionAi-\ML-Model\data\Train\FYP skin disease Dataset\Dermatofibroma\0037_TotalFocus.png,300,300,RGBA,1.0,12.11,Non-RGB mode (RGBA)
skin,train,Dermatofibroma,0039_TotalFocus.png,E:\Mega project\MedvisionAi-\ML-Model\data\Train\FYP skin disease Dataset\Dermatofibroma\0039_TotalFocus.png,300,300,RGBA,1.0,15.11,Non-RGB mode (RGBA)
skin,train,Dermatofibroma,0040_TotalFocus.png,E:\Mega project\MedvisionAi-\ML-Model\data\Train\FYP skin disease Dataset\Dermatofibroma\0040_TotalFocus.png,300,300,RGBA,1.0,22.26,Non-RGB mode (RGBA)
skin,train,Dermatofibroma,0107_TotalFocus.png,E:\Mega project\MedvisionAi-\ML-Model\data\Train\FYP skin disease Dataset\Dermatofibroma\0107_TotalFocus.png,300,300,RGBA,1.0,30.39,Non-RGB mode (RGBA)
skin,train,Dermatofibroma,0117_TotalFocus.png,E:\Mega project\MedvisionAi-\ML-Model\data\Train\FYP skin disease Dataset\Dermatofibroma\0117_TotalFocus.png,300,300,RGBA,1.0,9.37,Non-RGB mode (RGBA)
skin,train,Dermatofibroma,0128_TotalFocus.png,E:\Mega project\MedvisionAi-\ML-Model\data\Train\FYP skin disease Dataset\Dermatofibroma\0128_TotalFocus.png,300,300,RGBA,1.0,18.79,Non-RGB mode (RGBA)
skin,train,Dermatofibroma,0191_TotalFocus.png,E:\Mega project\MedvisionAi-\ML-Model\data\Train\FYP skin disease Dataset\Dermatofibroma\0191_TotalFocus.png,300,300,RGBA,1.0,17.45,Non-RGB mode (RGBA)
skin,train,Melanocytic Nevus (Nevus),ISIC_0013269_downsampled.jpg,E:\Mega project\MedvisionAi-\ML-Model\data\Train\FYP skin disease Dataset\Melanocytic Nevus (Nevus)\ISIC_0013269_downsampled.jpg,300,300,RGB,1.0,4.98,Low pixel variance (std=4.98)
skin,train,Melanocytic Nevus (Nevus),ISIC_0013410_downsampled.jpg,E:\Mega project\MedvisionAi-\ML-Model\data\Train\FYP skin disease Dataset\Melanocytic Nevus (Nevus)\ISIC_0013410_downsampled.jpg,300,300,RGB,1.0,4.96,Low pixel variance (std=4.96)
skin,train,Melanocytic Nevus (Nevus),ISIC_0029150.jpg,E:\Mega project\MedvisionAi-\ML-Model\data\Train\FYP skin disease Dataset\Melanocytic Nevus (Nevus)\ISIC_0029150.jpg,300,300,RGB,1.0,4.96,Low pixel variance (std=4.96)
skin,train,Melanoma,ISIC_0013581_downsampled.jpg,E:\Mega project\MedvisionAi-\ML-Model\data\Train\FYP skin disease Dataset\Melanoma\ISIC_0013581_downsampled.jpg,300,300,RGB,1.0,4.27,Low pixel variance (std=4.27)
skin,train,Seborrheic Keratosis,0004_Processed.png,E:\Mega project\MedvisionAi-\ML-Model\data\Train\FYP skin disease Dataset\Seborrheic Keratosis\0004_Processed.png,300,300,RGBA,1.0,35.67,Non-RGB mode (RGBA)
skin,train,Seborrheic Keratosis,0004_TotalFocus.png,E:\Mega project\MedvisionAi-\ML-Model\data\Train\FYP skin disease Dataset\Seborrheic Keratosis\0004_TotalFocus.png,300,300,RGBA,1.0,42.42,Non-RGB mode (RGBA)
skin,train,Seborrheic Keratosis,0005_Processed.png,E:\Mega project\MedvisionAi-\ML-Model\data\Train\FYP skin disease Dataset\Seborrheic Keratosis\0005_Processed.png,300,300,RGBA,1.0,34.5,Non-RGB mode (RGBA)
skin,train,Seborrheic Keratosis,0005_TotalFocus.png,E:\Mega project\MedvisionAi-\ML-Model\data\Train\FYP skin disease Dataset\Seborrheic Keratosis\0005_TotalFocus.png,300,300,RGBA,1.0,39.83,Non-RGB mode (RGBA)
skin,train,Seborrheic Keratosis,0008_Processed.png,E:\Mega project\MedvisionAi-\ML-Model\data\Train\FYP skin disease Dataset\Seborrheic Keratosis\0008_Processed.png,300,300,RGBA,1.0,28.56,Non-RGB mode (RGBA)
skin,train,Seborrheic Keratosis,0008_TotalFocus.png,E:\Mega project\MedvisionAi-\ML-Model\data\Train\FYP skin disease Dataset\Seborrheic Keratosis\0008_TotalFocus.png,300,300,RGBA,1.0,28.12,Non-RGB mode (RGBA)
skin,train,Seborrheic Keratosis,0009_Processed.png,E:\Mega project\MedvisionAi-\ML-Model\data\Train\FYP skin disease Dataset\Seborrheic Keratosis\0009_Processed.png,300,300,RGBA,1.0,23.61,Non-RGB mode (RGBA)
skin,train,Seborrheic Keratosis,0009_TotalFocus.png,E:\Mega project\MedvisionAi-\ML-Model\data\Train\FYP skin disease Dataset\Seborrheic Keratosis\0009_TotalFocus.png,300,300,RGBA,1.0,28.07,Non-RGB mode (RGBA)
skin,train,Seborrheic Keratosis,0013_Processed (1).png,E:\Mega project\MedvisionAi-\ML-Model\data\Train\FYP skin disease Dataset\Seborrheic Keratosis\0013_Processed (1).png,300,300,RGBA,1.0,17.6,Non-RGB mode (RGBA)
skin,train,Seborrheic Keratosis,0013_Processed.png,E:\Mega project\MedvisionAi-\ML-Model\data\Train\FYP skin disease Dataset\Seborrheic Keratosis\0013_Processed.png,300,300,RGBA,1.0,31.63,Non-RGB mode (RGBA)
skin,train,Seborrheic Keratosis,0013_TotalFocus (1).png,E:\Mega project\MedvisionAi-\ML-Model\data\Train\FYP skin disease Dataset\Seborrheic Keratosis\0013_TotalFocus (1).png,300,300,RGBA,1.0,19.9,Non-RGB mode (RGBA)
skin,train,Seborrheic Keratosis,0014_Processed (1).png,E:\Mega project\MedvisionAi-\ML-Model\data\Train\FYP skin disease Dataset\Seborrheic Keratosis\0014_Processed (1).png,300,300,RGBA,1.0,19.35,Non-RGB mode (RGBA)
skin,train,Seborrheic Keratosis,0014_Processed.png,E:\Mega project\MedvisionAi-\ML-Model\data\Train\FYP skin disease Dataset\Seborrheic Keratosis\0014_Processed.png,300,300,RGBA,1.0,28.1,Non-RGB mode (RGBA)
skin,train,Seborrheic Keratosis,0014_TotalFocus (1).png,E:\Mega project\MedvisionAi-\ML-Model\data\Train\FYP skin disease Dataset\Seborrheic Keratosis\0014_TotalFocus (1).png,300,300,RGBA,1.0,21.32,Non-RGB mode (RGBA)
skin,train,Seborrheic Keratosis,0014_TotalFocus.png,E:\Mega project\MedvisionAi-\ML-Model\data\Train\FYP skin disease Dataset\Seborrheic Keratosis\0014_TotalFocus.png,300,300,RGBA,1.0,28.4,Non-RGB mode (RGBA)
skin,train,Seborrheic Keratosis,0016_TotalFocus.png,E:\Mega project\MedvisionAi-\ML-Model\data\Train\FYP skin disease Dataset\Seborrheic Keratosis\0016_TotalFocus.png,300,300,RGBA,1.0,13.13,Non-RGB mode (RGBA)
skin,train,Seborrheic Keratosis,0018_Processed.png,E:\Mega project\MedvisionAi-\ML-Model\data\Train\FYP skin disease Dataset\Seborrheic Keratosis\0018_Processed.png,300,300,RGBA,1.0,42.11,Non-RGB mode (RGBA)
skin,train,Seborrheic Keratosis,0018_TotalFocus.png,E:\Mega project\MedvisionAi-\ML-Model\data\Train\FYP skin disease Dataset\Seborrheic Keratosis\0018_TotalFocus.png,300,300,RGBA,1.0,41.78,Non-RGB mode (RGBA)
skin,train,Seborrheic Keratosis,0022_TotalFocus.png,E:\Mega project\MedvisionAi-\ML-Model\data\Train\FYP skin disease Dataset\Seborrheic Keratosis\0022_TotalFocus.png,300,300,RGBA,1.0,10.31,Non-RGB mode (RGBA)
skin,train,Seborrheic Keratosis,0025_TotalFocus.png,E:\Mega project\MedvisionAi-\ML-Model\data\Train\FYP skin disease Dataset\Seborrheic Keratosis\0025_TotalFocus.png,300,300,RGBA,1.0,13.97,Non-RGB mode (RGBA)
skin,train,Seborrheic Keratosis,0033_TotalFocus.png,E:\Mega project\MedvisionAi-\ML-Model\data\Train\FYP skin disease Dataset\Seborrheic Keratosis\0033_TotalFocus.png,300,300,RGBA,1.0,19.69,Non-RGB mode (RGBA)
skin,train,Seborrheic Keratosis,0034_Processed (1).png,E:\Mega project\MedvisionAi-\ML-Model\data\Train\FYP skin disease Dataset\Seborrheic Keratosis\0034_Processed (1).png,300,300,RGBA,1.0,12.96,Non-RGB mode (RGBA)
skin,train,Seborrheic Keratosis,0034_TotalFocus (1).png,E:\Mega project\MedvisionAi-\ML-Model\data\Train\FYP skin disease Dataset\Seborrheic Keratosis\0034_TotalFocus (1).png,300,300,RGBA,1.0,18.92,Non-RGB mode (RGBA)
skin,train,Seborrheic Keratosis,0034_TotalFocus.png,E:\Mega project\MedvisionAi-\ML-Model\data\Train\FYP skin disease Dataset\Seborrheic Keratosis\0034_TotalFocus.png,300,300,RGBA,1.0,36.82,Non-RGB mode (RGBA)
skin,train,Seborrheic Keratosis,0039_Processed.png,E:\Mega project\MedvisionAi-\ML-Model\data\Train\FYP skin disease Dataset\Seborrheic Keratosis\0039_Processed.png,300,300,RGBA,1.0,9.57,Non-RGB mode (RGBA)
skin,train,Seborrheic Keratosis,0039_TotalFocus.png,E:\Mega project\MedvisionAi-\ML-Model\data\Train\FYP skin disease Dataset\Seborrheic Keratosis\0039_TotalFocus.png,300,300,RGBA,1.0,16.61,Non-RGB mode (RGBA)
skin,train,Seborrheic Keratosis,0040_Processed.png,E:\Mega project\MedvisionAi-\ML-Model\data\Train\FYP skin disease Dataset\Seborrheic Keratosis\0040_Processed.png,300,300,RGBA,1.0,19.71,Non-RGB mode (RGBA)
skin,train,Seborrheic Keratosis,0042_Processed.png,E:\Mega project\MedvisionAi-\ML-Model\data\Train\FYP skin disease Dataset\Seborrheic Keratosis\0042_Processed.png,300,300,RGBA,1.0,12.77,Non-RGB mode (RGBA)
skin,train,Seborrheic Keratosis,0042_TotalFocus.png,E:\Mega project\MedvisionAi-\ML-Model\data\Train\FYP skin disease Dataset\Seborrheic Keratosis\0042_TotalFocus.png,300,300,RGBA,1.0,17.62,Non-RGB mode (RGBA)
skin,train,Seborrheic Keratosis,0045_Processed.png,E:\Mega project\MedvisionAi-\ML-Model\data\Train\FYP skin disease Dataset\Seborrheic Keratosis\0045_Processed.png,300,300,RGBA,1.0,47.26,Non-RGB mode (RGBA)
skin,train,Seborrheic Keratosis,0045_TotalFocus.png,E:\Mega project\MedvisionAi-\ML-Model\data\Train\FYP skin disease Dataset\Seborrheic Keratosis\0045_TotalFocus.png,300,300,RGBA,1.0,46.83,Non-RGB mode (RGBA)
skin,train,Seborrheic Keratosis,0050_Processed.png,E:\Mega project\MedvisionAi-\ML-Model\data\Train\FYP skin disease Dataset\Seborrheic Keratosis\0050_Processed.png,300,300,RGBA,1.0,42.61,Non-RGB mode (RGBA)
skin,train,Seborrheic Keratosis,0050_TotalFocus.png,E:\Mega project\MedvisionAi-\ML-Model\data\Train\FYP skin disease Dataset\Seborrheic Keratosis\0050_TotalFocus.png,300,300,RGBA,1.0,42.01,Non-RGB mode (RGBA)
skin,train,Seborrheic Keratosis,0050_View_01_02.png,E:\Mega project\MedvisionAi-\ML-Model\data\Train\FYP skin disease Dataset\Seborrheic Keratosis\0050_View_01_02.png,300,300,RGBA,1.0,41.71,Non-RGB mode (RGBA)
skin,train,Seborrheic Keratosis,0051_Processed.png,E:\Mega project\MedvisionAi-\ML-Model\data\Train\FYP skin disease Dataset\Seborrheic Keratosis\0051_Processed.png,300,300,RGBA,1.0,10.65,Non-RGB mode (RGBA)
skin,train,Seborrheic Keratosis,0051_TotalFocus.png,E:\Mega project\MedvisionAi-\ML-Model\data\Train\FYP skin disease Dataset\Seborrheic Keratosis\0051_TotalFocus.png,300,300,RGBA,1.0,17.99,Non-RGB mode (RGBA)
skin,train,Seborrheic Keratosis,0051_View_01_01.png,E:\Mega project\MedvisionAi-\ML-Model\data\Train\FYP skin disease Dataset\Seborrheic Keratosis\0051_View_01_01.png,300,300,RGBA,1.0,19.23,Non-RGB mode (RGBA)
skin,train,Seborrheic Keratosis,0062_Processed.png,E:\Mega project\MedvisionAi-\ML-Model\data\Train\FYP skin disease Dataset\Seborrheic Keratosis\0062_Processed.png,300,300,RGBA,1.0,30.82,Non-RGB mode (RGBA)
skin,train,Seborrheic Keratosis,0062_TotalFocus.png,E:\Mega project\MedvisionAi-\ML-Model\data\Train\FYP skin disease Dataset\Seborrheic Keratosis\0062_TotalFocus.png,300,300,RGBA,1.0,31.15,Non-RGB mode (RGBA)
skin,train,Seborrheic Keratosis,0062_View_01_02.png,E:\Mega project\MedvisionAi-\ML-Model\data\Train\FYP skin disease Dataset\Seborrheic Keratosis\0062_View_01_02.png,300,300,RGBA,1.0,31.14,Non-RGB mode (RGBA)
skin,train,Seborrheic Keratosis,0068_Processed.png,E:\Mega project\MedvisionAi-\ML-Model\data\Train\FYP skin disease Dataset\Seborrheic Keratosis\0068_Processed.png,300,300,RGBA,1.0,34.89,Non-RGB mode (RGBA)
skin,train,Seborrheic Keratosis,0068_TotalFocus.png,E:\Mega project\MedvisionAi-\ML-Model\data\Train\FYP skin disease Dataset\Seborrheic Keratosis\0068_TotalFocus.png,300,300,RGBA,1.0,34.1,Non-RGB mode (RGBA)
skin,train,Seborrheic Keratosis,0075_Processed.png,E:\Mega project\MedvisionAi-\ML-Model\data\Train\FYP skin disease Dataset\Seborrheic Keratosis\0075_Processed.png,300,300,RGBA,1.0,39.8,Non-RGB mode (RGBA)
skin,train,Seborrheic Keratosis,0075_TotalFocus.png,E:\Mega project\MedvisionAi-\ML-Model\data\Train\FYP skin disease Dataset\Seborrheic Keratosis\0075_TotalFocus.png,300,300,RGBA,1.0,37.43,Non-RGB mode (RGBA)
skin,train,Seborrheic Keratosis,0075_View_01_02.png,E:\Mega project\MedvisionAi-\ML-Model\data\Train\FYP skin disease Dataset\Seborrheic Keratosis\0075_View_01_02.png,300,300,RGBA,1.0,37.33,Non-RGB mode (RGBA)
skin,train,Seborrheic Keratosis,0079_TotalFocus.png,E:\Mega project\MedvisionAi-\ML-Model\data\Train\FYP skin disease Dataset\Seborrheic Keratosis\0079_TotalFocus.png,300,300,RGBA,1.0,17.36,Non-RGB mode (RGBA)
skin,train,Seborrheic Keratosis,0080_TotalFocus.png,E:\Mega project\MedvisionAi-\ML-Model\data\Train\FYP skin disease Dataset\Seborrheic Keratosis\0080_TotalFocus.png,300,300,RGBA,1.0,14.99,Non-RGB mode (RGBA)
skin,train,Seborrheic Keratosis,0081_TotalFocus.png,E:\Mega project\MedvisionAi-\ML-Model\data\Train\FYP skin disease Dataset\Seborrheic Keratosis\0081_TotalFocus.png,300,300,RGBA,1.0,30.87,Non-RGB mode (RGBA)
skin,train,Seborrheic Keratosis,0081_View_01_01.png,E:\Mega project\MedvisionAi-\ML-Model\data\Train\FYP skin disease Dataset\Seborrheic Keratosis\0081_View_01_01.png,300,300,RGBA,1.0,31.32,Non-RGB mode (RGBA)
skin,train,Seborrheic Keratosis,0082_Processed.png,E:\Mega project\MedvisionAi-\ML-Model\data\Train\FYP skin disease Dataset\Seborrheic Keratosis\0082_Processed.png,300,300,RGBA,1.0,21.92,Non-RGB mode (RGBA)
skin,train,Seborrheic Keratosis,0082_TotalFocus.png,E:\Mega project\MedvisionAi-\ML-Model\data\Train\FYP skin disease Dataset\Seborrheic Keratosis\0082_TotalFocus.png,300,300,RGBA,1.0,22.53,Non-RGB mode (RGBA)
skin,train,Seborrheic Keratosis,0082_TotalFocusa.png,E:\Mega project\MedvisionAi-\ML-Model\data\Train\FYP skin disease Dataset\Seborrheic Keratosis\0082_TotalFocusa.png,300,300,RGBA,1.0,17.47,Non-RGB mode (RGBA)
skin,train,Seborrheic Keratosis,0082_View_01_01.png,E:\Mega project\MedvisionAi-\ML-Model\data\Train\FYP skin disease Dataset\Seborrheic Keratosis\0082_View_01_01.png,300,300,RGBA,1.0,22.72,Non-RGB mode (RGBA)
skin,train,Seborrheic Keratosis,0083_TotalFocus.png,E:\Mega project\MedvisionAi-\ML-Model\data\Train\FYP skin disease Dataset\Seborrheic Keratosis\0083_TotalFocus.png,300,300,RGBA,1.0,25.55,Non-RGB mode (RGBA)
skin,train,Seborrheic Keratosis,0084_TotalFocusa.png,E:\Mega project\MedvisionAi-\ML-Model\data\Train\FYP skin disease Dataset\Seborrheic Keratosis\0084_TotalFocusa.png,300,300,RGBA,1.0,29.14,Non-RGB mode (RGBA)
skin,train,Seborrheic Keratosis,0084_View_01_01.png,E:\Mega project\MedvisionAi-\ML-Model\data\Train\FYP skin disease Dataset\Seborrheic Keratosis\0084_View_01_01.png,300,300,RGBA,1.0,20.66,Non-RGB mode (RGBA)
skin,train,Seborrheic Keratosis,0085_TotalFocusa.png,E:\Mega project\MedvisionAi-\ML-Model\data\Train\FYP skin disease Dataset\Seborrheic Keratosis\0085_TotalFocusa.png,300,300,RGBA,1.0,16.83,Non-RGB mode (RGBA)
skin,train,Seborrheic Keratosis,0085_View_01_01.png,E:\Mega project\MedvisionAi-\ML-Model\data\Train\FYP skin disease Dataset\Seborrheic Keratosis\0085_View_01_01.png,300,300,RGBA,1.0,26.68,Non-RGB mode (RGBA)
skin,train,Seborrheic Keratosis,0086_Processed.png,E:\Mega project\MedvisionAi-\ML-Model\data\Train\FYP skin disease Dataset\Seborrheic Keratosis\0086_Processed.png,300,300,RGBA,1.0,24.07,Non-RGB mode (RGBA)
skin,train,Seborrheic Keratosis,0086_TotalFocus.png,E:\Mega project\MedvisionAi-\ML-Model\data\Train\FYP skin disease Dataset\Seborrheic Keratosis\0086_TotalFocus.png,300,300,RGBA,1.0,24.53,Non-RGB mode (RGBA)
skin,train,Seborrheic Keratosis,0103_TotalFocus.png,E:\Mega project\MedvisionAi-\ML-Model\data\Train\FYP skin disease Dataset\Seborrheic Keratosis\0103_TotalFocus.png,300,300,RGBA,1.0,12.52,Non-RGB mode (RGBA)
skin,train,Seborrheic Keratosis,0108_TotalFocus.png,E:\Mega project\MedvisionAi-\ML-Model\data\Train\FYP skin disease Dataset\Seborrheic Keratosis\0108_TotalFocus.png,300,300,RGBA,1.0,10.33,Non-RGB mode (RGBA)
skin,train,Seborrheic Keratosis,0116_TotalFocus.png,E:\Mega project\MedvisionAi-\ML-Model\data\Train\FYP skin disease Dataset\Seborrheic Keratosis\0116_TotalFocus.png,300,300,RGBA,1.0,14.72,Non-RGB mode (RGBA)
skin,train,Seborrheic Keratosis,0150_TotalFocus.png,E:\Mega project\MedvisionAi-\ML-Model\data\Train\FYP skin disease Dataset\Seborrheic Keratosis\0150_TotalFocus.png,300,300,RGBA,1.0,22.39,Non-RGB mode (RGBA)
skin,train,Seborrheic Keratosis,0151_TotalFocus.png,E:\Mega project\MedvisionAi-\ML-Model\data\Train\FYP skin disease Dataset\Seborrheic Keratosis\0151_TotalFocus.png,300,300,RGBA,1.0,21.42,Non-RGB mode (RGBA)
skin,train,Seborrheic Keratosis,0152_TotalFocus.png,E:\Mega project\MedvisionAi-\ML-Model\data\Train\FYP skin disease Dataset\Seborrheic Keratosis\0152_TotalFocus.png,300,300,RGBA,1.0,19.88,Non-RGB mode (RGBA)
skin,train,Seborrheic Keratosis,0154_TotalFocus.png,E:\Mega project\MedvisionAi-\ML-Model\data\Train\FYP skin disease Dataset\Seborrheic Keratosis\0154_TotalFocus.png,300,300,RGBA,1.0,14.4,Non-RGB mode (RGBA)
skin,train,Seborrheic Keratosis,0155_TotalFocus.png,E:\Mega project\MedvisionAi-\ML-Model\data\Train\FYP skin disease Dataset\Seborrheic Keratosis\0155_TotalFocus.png,300,300,RGBA,1.0,15.1,Non-RGB mode (RGBA)
skin,train,Seborrheic Keratosis,0165_TotalFocus.png,E:\Mega project\MedvisionAi-\ML-Model\data\Train\FYP skin disease Dataset\Seborrheic Keratosis\0165_TotalFocus.png,300,300,RGBA,1.0,15.27,Non-RGB mode (RGBA)
skin,train,Seborrheic Keratosis,0166_TotalFocus.png,E:\Mega project\MedvisionAi-\ML-Model\data\Train\FYP skin disease Dataset\Seborrheic Keratosis\0166_TotalFocus.png,300,300,RGBA,1.0,14.85,Non-RGB mode (RGBA)
skin,train,Seborrheic Keratosis,0171_TotalFocus.png,E:\Mega project\MedvisionAi-\ML-Model\data\Train\FYP skin disease Dataset\Seborrheic Keratosis\0171_TotalFocus.png,300,300,RGBA,1.0,12.79,Non-RGB mode (RGBA)
skin,train,Seborrheic Keratosis,0172_TotalFocus.png,E:\Mega project\MedvisionAi-\ML-Model\data\Train\FYP skin disease Dataset\Seborrheic Keratosis\0172_TotalFocus.png,300,300,RGBA,1.0,14.76,Non-RGB mode (RGBA)
skin,train,Seborrheic Keratosis,0176_TotalFocus.png,E:\Mega project\MedvisionAi-\ML-Model\data\Train\FYP skin disease Dataset\Seborrheic Keratosis\0176_TotalFocus.png,300,300,RGBA,1.0,29.86,Non-RGB mode (RGBA)
skin,train,Seborrheic Keratosis,0182_TotalFocus.png,E:\Mega project\MedvisionAi-\ML-Model\data\Train\FYP skin disease Dataset\Seborrheic Keratosis\0182_TotalFocus.png,300,300,RGBA,1.0,11.78,Non-RGB mode (RGBA)
skin,train,Seborrheic Keratosis,0183_TotalFocus.png,E:\Mega project\MedvisionAi-\ML-Model\data\Train\FYP skin disease Dataset\Seborrheic Keratosis\0183_TotalFocus.png,300,300,RGBA,1.0,33.87,Non-RGB mode (RGBA)
skin,train,Seborrheic Keratosis,0215_TotalFocus.png,E:\Mega project\MedvisionAi-\ML-Model\data\Train\FYP skin disease Dataset\Seborrheic Keratosis\0215_TotalFocus.png,300,300,RGBA,1.0,32.81,Non-RGB mode (RGBA)
skin,train,Seborrheic Keratosis,0231_TotalFocus.png,E:\Mega project\MedvisionAi-\ML-Model\data\Train\FYP skin disease Dataset\Seborrheic Keratosis\0231_TotalFocus.png,300,300,RGBA,1.0,21.24,Non-RGB mode (RGBA)
skin,train,Seborrheic Keratosis,0242_TotalFocus.png,E:\Mega project\MedvisionAi-\ML-Model\data\Train\FYP skin disease Dataset\Seborrheic Keratosis\0242_TotalFocus.png,300,300,RGBA,1.0,11.57,Non-RGB mode (RGBA)
skin,train,Seborrheic Keratosis,0243_TotalFocus.png,E:\Mega project\MedvisionAi-\ML-Model\data\Train\FYP skin disease Dataset\Seborrheic Keratosis\0243_TotalFocus.png,300,300,RGBA,1.0,8.84,Non-RGB mode (RGBA)
skin,train,Seborrheic Keratosis,ISIC_0013270.jpg,E:\Mega project\MedvisionAi-\ML-Model\data\Train\FYP skin disease Dataset\Seborrheic Keratosis\ISIC_0013270.jpg,300,300,RGB,1.0,4.81,Low pixel variance (std=4.81)
skin,train,Seborrheic Keratosis,ISIC_0014038.jpg,E:\Mega project\MedvisionAi-\ML-Model\data\Train\FYP skin disease Dataset\Seborrheic Keratosis\ISIC_0014038.jpg,300,300,RGB,1.0,4.61,Low pixel variance (std=4.61)
skin,train,Seborrheic Keratosis,PAT_1000_31_620.png,E:\Mega project\MedvisionAi-\ML-Model\data\Train\FYP skin disease Dataset\Seborrheic Keratosis\PAT_1000_31_620.png,300,300,RGBA,1.0,29.19,Non-RGB mode (RGBA)
skin,train,Seborrheic Keratosis,PAT_1008_59_297.png,E:\Mega project\MedvisionAi-\ML-Model\data\Train\FYP skin disease Dataset\Seborrheic Keratosis\PAT_1008_59_297.png,300,300,RGBA,1.0,19.7,Non-RGB mode (RGBA)
skin,train,Seborrheic Keratosis,PAT_1046_203_511.png,E:\Mega project\MedvisionAi-\ML-Model\data\Train\FYP skin disease Dataset\Seborrheic Keratosis\PAT_1046_203_511.png,300,300,RGBA,1.0,21.53,Non-RGB mode (RGBA)
skin,train,Seborrheic Keratosis,PAT_1071_312_841.png,E:\Mega project\MedvisionAi-\ML-Model\data\Train\FYP skin disease Dataset\Seborrheic Keratosis\PAT_1071_312_841.png,300,300,RGBA,1.0,12.1,Non-RGB mode (RGBA)
skin,train,Seborrheic Keratosis,PAT_1075_324_177.png,E:\Mega project\MedvisionAi-\ML-Model\data\Train\FYP skin disease Dataset\Seborrheic Keratosis\PAT_1075_324_177.png,300,300,RGBA,1.0,14.88,Non-RGB mode (RGBA)
skin,train,Seborrheic Keratosis,PAT_107_160_609.png,E:\Mega project\MedvisionAi-\ML-Model\data\Train\FYP skin disease Dataset\Seborrheic Keratosis\PAT_107_160_609.png,300,300,RGBA,1.0,16.64,Non-RGB mode (RGBA)
skin,train,Seborrheic Keratosis,PAT_1100_402_375.png,E:\Mega project\MedvisionAi-\ML-Model\data\Train\FYP skin disease Dataset\Seborrheic Keratosis\PAT_1100_402_375.png,300,300,RGBA,1.0,11.19,Non-RGB mode (RGBA)
skin,train,Seborrheic Keratosis,PAT_1105_420_520.png,E:\Mega project\MedvisionAi-\ML-Model\data\Train\FYP skin disease Dataset\Seborrheic Keratosis\PAT_1105_420_520.png,300,300,RGBA,1.0,23.05,Non-RGB mode (RGBA)
skin,train,Seborrheic Keratosis,PAT_1122_479_664.png,E:\Mega project\MedvisionAi-\ML-Model\data\Train\FYP skin disease Dataset\Seborrheic Keratosis\PAT_1122_479_664.png,300,300,RGBA,1.0,12.92,Non-RGB mode (RGBA)
skin,train,Seborrheic Keratosis,PAT_1203_724_762.png,E:\Mega project\MedvisionAi-\ML-Model\data\Train\FYP skin disease Dataset\Seborrheic Keratosis\PAT_1203_724_762.png,300,300,RGBA,1.0,13.7,Non-RGB mode (RGBA)
skin,train,Seborrheic Keratosis,PAT_1269_936_965.png,E:\Mega project\MedvisionAi-\ML-Model\data\Train\FYP skin disease Dataset\Seborrheic Keratosis\PAT_1269_936_965.png,300,300,RGBA,1.0,9.48,Non-RGB mode (RGBA)
skin,train,Seborrheic Keratosis,PAT_1310_1097_774.png,E:\Mega project\MedvisionAi-\ML-Model\data\Train\FYP skin disease Dataset\Seborrheic Keratosis\PAT_1310_1097_774.png,300,300,RGBA,1.0,28.95,Non-RGB mode (RGBA)
skin,train,Seborrheic Keratosis,PAT_1371_1278_533.png,E:\Mega project\MedvisionAi-\ML-Model\data\Train\FYP skin disease Dataset\Seborrheic Keratosis\PAT_1371_1278_533.png,300,300,RGBA,1.0,25.53,Non-RGB mode (RGBA)
skin,train,Seborrheic Keratosis,PAT_1377_3512_370.png,E:\Mega project\MedvisionAi-\ML-Model\data\Train\FYP skin disease Dataset\Seborrheic Keratosis\PAT_1377_3512_370.png,300,300,RGBA,1.0,27.3,Non-RGB mode (RGBA)
skin,train,Seborrheic Keratosis,PAT_1392_1352_828.png,E:\Mega project\MedvisionAi-\ML-Model\data\Train\FYP skin disease Dataset\Seborrheic Keratosis\PAT_1392_1352_828.png,300,300,RGBA,1.0,17.44,Non-RGB mode (RGBA)
skin,train,Seborrheic Keratosis,PAT_1393_1356_371.png,E:\Mega project\MedvisionAi-\ML-Model\data\Train\FYP skin disease Dataset\Seborrheic Keratosis\PAT_1393_1356_371.png,300,300,RGBA,1.0,22.71,Non-RGB mode (RGBA)
skin,train,Seborrheic Keratosis,PAT_1397_1361_183.png,E:\Mega project\MedvisionAi-\ML-Model\data\Train\FYP skin disease Dataset\Seborrheic Keratosis\PAT_1397_1361_183.png,300,300,RGBA,1.0,30.95,Non-RGB mode (RGBA)
skin,train,Seborrheic Keratosis,PAT_1400_1372_276.png,E:\Mega project\MedvisionAi-\ML-Model\data\Train\FYP skin disease Dataset\Seborrheic Keratosis\PAT_1400_1372_276.png,300,300,RGBA,1.0,11.49,Non-RGB mode (RGBA)
skin,train,Seborrheic Keratosis,PAT_1406_1396_511.png,E:\Mega project\MedvisionAi-\ML-Model\data\Train\FYP skin disease Dataset\Seborrheic Keratosis\PAT_1406_1396_511.png,300,300,RGBA,1.0,34.65,Non-RGB mode (RGBA)
skin,train,Seborrheic Keratosis,PAT_1408_1406_950.png,E:\Mega project\MedvisionAi-\ML-Model\data\Train\FYP skin disease Dataset\Seborrheic Keratosis\PAT_1408_1406_950.png,300,300,RGBA,1.0,24.1,Non-RGB mode (RGBA)
skin,train,Seborrheic Keratosis,PAT_1480_1673_701.png,E:\Mega project\MedvisionAi-\ML-Model\data\Train\FYP skin disease Dataset\Seborrheic Keratosis\PAT_1480_1673_701.png,300,300,RGBA,1.0,24.45,Non-RGB mode (RGBA)
skin,train,Seborrheic Keratosis,PAT_1495_1708_278.png,E:\Mega project\MedvisionAi-\ML-Model\data\Train\FYP skin disease Dataset\Seborrheic Keratosis\PAT_1495_1708_278.png,300,300,RGBA,1.0,11.74,Non-RGB mode (RGBA)
skin,train,Seborrheic Keratosis,PAT_1509_1741_810.png,E:\Mega project\MedvisionAi-\ML-Model\data\Train\FYP skin disease Dataset\Seborrheic Keratosis\PAT_1509_1741_810.png,300,300,RGBA,1.0,26.2,Non-RGB mode (RGBA)
skin,train,Seborrheic Keratosis,PAT_1529_1798_206.png,E:\Mega project\MedvisionAi-\ML-Model\data\Train\FYP skin disease Dataset\Seborrheic Keratosis\PAT_1529_1798_206.png,300,300,RGBA,1.0,33.84,Non-RGB mode (RGBA)
skin,train,Seborrheic Keratosis,PAT_1550_1888_216.png,E:\Mega project\MedvisionAi-\ML-Model\data\Train\FYP skin disease Dataset\Seborrheic Keratosis\PAT_1550_1888_216.png,300,300,RGBA,1.0,14.55,Non-RGB mode (RGBA)
skin,train,Seborrheic Keratosis,PAT_1701_3135_5.png,E:\Mega project\MedvisionAi-\ML-Model\data\Train\FYP skin disease Dataset\Seborrheic Keratosis\PAT_1701_3135_5.png,300,300,RGBA,1.0,19.74,Non-RGB mode (RGBA)
skin,train,Seborrheic Keratosis,PAT_1709_3159_144.png,E:\Mega project\MedvisionAi-\ML-Model\data\Train\FYP skin disease Dataset\Seborrheic Keratosis\PAT_1709_3159_144.png,300,300,RGBA,1.0,11.12,Non-RGB mode (RGBA)
skin,train,Seborrheic Keratosis,PAT_1709_3159_935.png,E:\Mega project\MedvisionAi-\ML-Model\data\Train\FYP skin disease Dataset\Seborrheic Keratosis\PAT_1709_3159_935.png,300,300,RGBA,1.0,13.44,Non-RGB mode (RGBA)
skin,train,Seborrheic Keratosis,PAT_1713_3179_888.png,E:\Mega project\MedvisionAi-\ML-Model\data\Train\FYP skin disease Dataset\Seborrheic Keratosis\PAT_1713_3179_888.png,300,300,RGBA,1.0,15.37,Non-RGB mode (RGBA)
skin,train,Seborrheic Keratosis,PAT_1714_3189_989.png,E:\Mega project\MedvisionAi-\ML-Model\data\Train\FYP skin disease Dataset\Seborrheic Keratosis\PAT_1714_3189_989.png,300,300,RGBA,1.0,30.22,Non-RGB mode (RGBA)
skin,train,Seborrheic Keratosis,PAT_1719_3203_18.png,E:\Mega project\MedvisionAi-\ML-Model\data\Train\FYP skin disease Dataset\Seborrheic Keratosis\PAT_1719_3203_18.png,300,300,RGBA,1.0,19.84,Non-RGB mode (RGBA)
skin,train,Seborrheic Keratosis,PAT_1721_3219_130.png,E:\Mega project\MedvisionAi-\ML-Model\data\Train\FYP skin disease Dataset\Seborrheic Keratosis\PAT_1721_3219_130.png,300,300,RGBA,1.0,15.93,Non-RGB mode (RGBA)
skin,train,Seborrheic Keratosis,PAT_1734_3240_299.png,E:\Mega project\MedvisionAi-\ML-Model\data\Train\FYP skin disease Dataset\Seborrheic Keratosis\PAT_1734_3240_299.png,300,300,RGBA,1.0,8.71,Non-RGB mode (RGBA)
skin,train,Seborrheic Keratosis,PAT_1755_3309_828.png,E:\Mega project\MedvisionAi-\ML-Model\data\Train\FYP skin disease Dataset\Seborrheic Keratosis\PAT_1755_3309_828.png,300,300,RGBA,1.0,16.17,Non-RGB mode (RGBA)
skin,train,Seborrheic Keratosis,PAT_1761_3329_837.png,E:\Mega project\MedvisionAi-\ML-Model\data\Train\FYP skin disease Dataset\Seborrheic Keratosis\PAT_1761_3329_837.png,300,300,RGBA,1.0,26.63,Non-RGB mode (RGBA)
skin,train,Seborrheic Keratosis,PAT_1764_3335_366.png,E:\Mega project\MedvisionAi-\ML-Model\data\Train\FYP skin disease Dataset\Seborrheic Keratosis\PAT_1764_3335_366.png,300,300,RGBA,1.0,24.08,Non-RGB mode (RGBA)
skin,train,Seborrheic Keratosis,PAT_1764_3335_803.png,E:\Mega project\MedvisionAi-\ML-Model\data\Train\FYP skin disease Dataset\Seborrheic Keratosis\PAT_1764_3335_803.png,300,300,RGBA,1.0,16.16,Non-RGB mode (RGBA)
skin,train,Seborrheic Keratosis,PAT_1764_3336_981.png,E:\Mega project\MedvisionAi-\ML-Model\data\Train\FYP skin disease Dataset\Seborrheic Keratosis\PAT_1764_3336_981.png,300,300,RGBA,1.0,34.82,Non-RGB mode (RGBA)
skin,train,Seborrheic Keratosis,PAT_1765_3337_365.png,E:\Mega project\MedvisionAi-\ML-Model\data\Train\FYP skin disease Dataset\Seborrheic Keratosis\PAT_1765_3337_365.png,300,300,RGBA,1.0,39.05,Non-RGB mode (RGBA)
skin,train,Seborrheic Keratosis,PAT_1780_3380_542.png,E:\Mega project\MedvisionAi-\ML-Model\data\Train\FYP skin disease Dataset\Seborrheic Keratosis\PAT_1780_3380_542.png,300,300,RGBA,1.0,39.91,Non-RGB mode (RGBA)
skin,train,Seborrheic Keratosis,PAT_1783_3414_120.png,E:\Mega project\MedvisionAi-\ML-Model\data\Train\FYP skin disease Dataset\Seborrheic Keratosis\PAT_1783_3414_120.png,300,300,RGBA,1.0,31.99,Non-RGB mode (RGBA)
skin,train,Seborrheic Keratosis,PAT_1783_3415_640.png,E:\Mega project\MedvisionAi-\ML-Model\data\Train\FYP skin disease Dataset\Seborrheic Keratosis\PAT_1783_3415_640.png,300,300,RGBA,1.0,18.14,Non-RGB mode (RGBA)
skin,train,Seborrheic Keratosis,PAT_1790_3425_942.png,E:\Mega project\MedvisionAi-\ML-Model\data\Train\FYP skin disease Dataset\Seborrheic Keratosis\PAT_1790_3425_942.png,300,300,RGBA,1.0,16.89,Non-RGB mode (RGBA)
skin,train,Seborrheic Keratosis,PAT_1798_3455_379.png,E:\Mega project\MedvisionAi-\ML-Model\data\Train\FYP skin disease Dataset\Seborrheic Keratosis\PAT_1798_3455_379.png,300,300,RGBA,1.0,24.23,Non-RGB mode (RGBA)
skin,train,Seborrheic Keratosis,PAT_1800_3460_206.png,E:\Mega project\MedvisionAi-\ML-Model\data\Train\FYP skin disease Dataset\Seborrheic Keratosis\PAT_1800_3460_206.png,300,300,RGBA,1.0,29.13,Non-RGB mode (RGBA)
skin,train,Seborrheic Keratosis,PAT_1813_3562_195.png,E:\Mega project\MedvisionAi-\ML-Model\data\Train\FYP skin disease Dataset\Seborrheic Keratosis\PAT_1813_3562_195.png,300,300,RGBA,1.0,12.02,Non-RGB mode (RGBA)
skin,train,Seborrheic Keratosis,PAT_181_832_158.png,E:\Mega project\MedvisionAi-\ML-Model\data\Train\FYP skin disease Dataset\Seborrheic Keratosis\PAT_181_832_158.png,300,300,RGBA,1.0,29.05,Non-RGB mode (RGBA)
skin,train,Seborrheic Keratosis,PAT_1832_3597_594.png,E:\Mega project\MedvisionAi-\ML-Model\data\Train\FYP skin disease Dataset\Seborrheic Keratosis\PAT_1832_3597_594.png,300,300,RGBA,1.0,20.82,Non-RGB mode (RGBA)
skin,train,Seborrheic Keratosis,PAT_1838_3609_254.png,E:\Mega project\MedvisionAi-\ML-Model\data\Train\FYP skin disease Dataset\Seborrheic Keratosis\PAT_1838_3609_254.png,300,300,RGBA,1.0,19.66,Non-RGB mode (RGBA)
skin,train,Seborrheic Keratosis,PAT_1871_3666_675.png,E:\Mega project\MedvisionAi-\ML-Model\data\Train\FYP skin disease Dataset\Seborrheic Keratosis\PAT_1871_3666_675.png,300,300,RGBA,1.0,11.09,Non-RGB mode (RGBA)
skin,train,Seborrheic Keratosis,PAT_1882_3718_982.png,E:\Mega project\MedvisionAi-\ML-Model\data\Train\FYP skin disease Dataset\Seborrheic Keratosis\PAT_1882_3718_982.png,300,300,RGBA,1.0,14.41,Non-RGB mode (RGBA)
skin,train,Seborrheic Keratosis,PAT_1902_3790_168.png,E:\Mega project\MedvisionAi-\ML-Model\data\Train\FYP skin disease Dataset\Seborrheic Keratosis\PAT_1902_3790_168.png,300,300,RGBA,1.0,15.47,Non-RGB mode (RGBA)
skin,train,Seborrheic Keratosis,PAT_1914_3822_863.png,E:\Mega project\MedvisionAi-\ML-Model\data\Train\FYP skin disease Dataset\Seborrheic Keratosis\PAT_1914_3822_863.png,300,300,RGBA,1.0,11.72,Non-RGB mode (RGBA)
skin,train,Seborrheic Keratosis,PAT_1933_3883_413.png,E:\Mega project\MedvisionAi-\ML-Model\data\Train\FYP skin disease Dataset\Seborrheic Keratosis\PAT_1933_3883_413.png,300,300,RGBA,1.0,14.38,Non-RGB mode (RGBA)
skin,train,Seborrheic Keratosis,PAT_1942_3915_388.png,E:\Mega project\MedvisionAi-\ML-Model\data\Train\FYP skin disease Dataset\Seborrheic Keratosis\PAT_1942_3915_388.png,300,300,RGBA,1.0,31.67,Non-RGB mode (RGBA)
skin,train,Seborrheic Keratosis,PAT_1942_3917_379.png,E:\Mega project\MedvisionAi-\ML-Model\data\Train\FYP skin disease Dataset\Seborrheic Keratosis\PAT_1942_3917_379.png,300,300,RGBA,1.0,23.16,Non-RGB mode (RGBA)
skin,train,Seborrheic Keratosis,PAT_1942_3918_497.png,E:\Mega project\MedvisionAi-\ML-Model\data\Train\FYP skin disease Dataset\Seborrheic Keratosis\PAT_1942_3918_497.png,300,300,RGBA,1.0,18.99,Non-RGB mode (RGBA)
skin,train,Seborrheic Keratosis,PAT_1944_3921_281.png,E:\Mega project\MedvisionAi-\ML-Model\data\Train\FYP skin disease Dataset\Seborrheic Keratosis\PAT_1944_3921_281.png,300,300,RGBA,1.0,17.81,Non-RGB mode (RGBA)
skin,train,Seborrheic Keratosis,PAT_1946_3924_24.png,E:\Mega project\MedvisionAi-\ML-Model\data\Train\FYP skin disease Dataset\Seborrheic Keratosis\PAT_1946_3924_24.png,300,300,RGBA,1.0,38.28,Non-RGB mode (RGBA)
skin,train,Seborrheic Keratosis,PAT_1946_3924_627.png,E:\Mega project\MedvisionAi-\ML-Model\data\Train\FYP skin disease Dataset\Seborrheic Keratosis\PAT_1946_3924_627.png,300,300,RGBA,1.0,9.89,Non-RGB mode (RGBA)
skin,train,Seborrheic Keratosis,PAT_1946_3924_929.png,E:\Mega project\MedvisionAi-\ML-Model\data\Train\FYP skin disease Dataset\Seborrheic Keratosis\PAT_1946_3924_929.png,300,300,RGBA,1.0,44.09,Non-RGB mode (RGBA)
skin,train,Seborrheic Keratosis,PAT_194_298_367.png,E:\Mega project\MedvisionAi-\ML-Model\data\Train\FYP skin disease Dataset\Seborrheic Keratosis\PAT_194_298_367.png,300,300,RGBA,1.0,19.43,Non-RGB mode (RGBA)
skin,train,Seborrheic Keratosis,PAT_1971_3984_534.png,E:\Mega project\MedvisionAi-\ML-Model\data\Train\FYP skin disease Dataset\Seborrheic Keratosis\PAT_1971_3984_534.png,300,300,RGBA,1.0,17.34,Non-RGB mode (RGBA)
skin,train,Seborrheic Keratosis,PAT_1975_3999_453.png,E:\Mega project\MedvisionAi-\ML-Model\data\Train\FYP skin disease Dataset\Seborrheic Keratosis\PAT_1975_3999_453.png,300,300,RGBA,1.0,9.39,Non-RGB mode (RGBA)
skin,train,Seborrheic Keratosis,PAT_1978_4004_304.png,E:\Mega project\MedvisionAi-\ML-Model\data\Train\FYP skin disease Dataset\Seborrheic Keratosis\PAT_1978_4004_304.png,300,300,RGBA,1.0,17.6,Non-RGB mode (RGBA)
skin,train,Seborrheic Keratosis,PAT_1988_4052_897.png,E:\Mega project\MedvisionAi-\ML-Model\data\Train\FYP skin disease Dataset\Seborrheic Keratosis\PAT_1988_4052_897.png,300,300,RGBA,1.0,39.02,Non-RGB mode (RGBA)
skin,train,Seborrheic Keratosis,PAT_2046_4323_394.png,E:\Mega project\MedvisionAi-\ML-Model\data\Train\FYP skin disease Dataset\Seborrheic Keratosis\PAT_2046_4323_394.png,300,300,RGBA,1.0,35.75,Non-RGB mode (RGBA)
skin,train,Seborrheic Keratosis,PAT_2046_4323_762.png,E:\Mega project\MedvisionAi-\ML-Model\data\Train\FYP skin disease Dataset\Seborrheic Keratosis\PAT_2046_4323_762.png,300,300,RGBA,1.0,42.45,Non-RGB mode (RGBA)
skin,train,Seborrheic Keratosis,PAT_2049_4348_485.png,E:\Mega project\MedvisionAi-\ML-Model\data\Train\FYP skin disease Dataset\Seborrheic Keratosis\PAT_2049_4348_485.png,300,300,RGBA,1.0,8.95,Non-RGB mode (RGBA)
skin,train,Seborrheic Keratosis,PAT_2056_4364_112.png,E:\Mega project\MedvisionAi-\ML-Model\data\Train\FYP skin disease Dataset\Seborrheic Keratosis\PAT_2056_4364_112.png,300,300,RGBA,1.0,18.25,Non-RGB mode (RGBA)
skin,train,Seborrheic Keratosis,PAT_2065_4412_407.png,E:\Mega project\MedvisionAi-\ML-Model\data\Train\FYP skin disease Dataset\Seborrheic Keratosis\PAT_2065_4412_407.png,300,300,RGBA,1.0,15.85,Non-RGB mode (RGBA)
skin,train,Seborrheic Keratosis,PAT_2065_4413_298.png,E:\Mega project\MedvisionAi-\ML-Model\data\Train\FYP skin disease Dataset\Seborrheic Keratosis\PAT_2065_4413_298.png,300,300,RGBA,1.0,16.09,Non-RGB mode (RGBA)
skin,train,Seborrheic Keratosis,PAT_2066_4417_201.png,E:\Mega project\MedvisionAi-\ML-Model\data\Train\FYP skin disease Dataset\Seborrheic Keratosis\PAT_2066_4417_201.png,300,300,RGBA,1.0,18.05,Non-RGB mode (RGBA)
skin,train,Seborrheic Keratosis,PAT_2085_4506_726.png,E:\Mega project\MedvisionAi-\ML-Model\data\Train\FYP skin disease Dataset\Seborrheic Keratosis\PAT_2085_4506_726.png,300,300,RGBA,1.0,19.58,Non-RGB mode (RGBA)
skin,train,Seborrheic Keratosis,PAT_2108_4596_837.png,E:\Mega project\MedvisionAi-\ML-Model\data\Train\FYP skin disease Dataset\Seborrheic Keratosis\PAT_2108_4596_837.png,300,300,RGBA,1.0,27.12,Non-RGB mode (RGBA)
skin,train,Seborrheic Keratosis,PAT_2113_4607_329.png,E:\Mega project\MedvisionAi-\ML-Model\data\Train\FYP skin disease Dataset\Seborrheic Keratosis\PAT_2113_4607_329.png,300,300,RGBA,1.0,7.24,Non-RGB mode (RGBA)
skin,train,Seborrheic Keratosis,PAT_2151_4779_515.png,E:\Mega project\MedvisionAi-\ML-Model\data\Train\FYP skin disease Dataset\Seborrheic Keratosis\PAT_2151_4779_515.png,300,300,RGBA,1.0,9.8,Non-RGB mode (RGBA)
skin,train,Seborrheic Keratosis,PAT_2155_4784_483.png,E:\Mega project\MedvisionAi-\ML-Model\data\Train\FYP skin disease Dataset\Seborrheic Keratosis\PAT_2155_4784_483.png,300,300,RGBA,1.0,20.01,Non-RGB mode (RGBA)
skin,train,Seborrheic Keratosis,PAT_267_1258_693.png,E:\Mega project\MedvisionAi-\ML-Model\data\Train\FYP skin disease Dataset\Seborrheic Keratosis\PAT_267_1258_693.png,300,300,RGBA,1.0,18.31,Non-RGB mode (RGBA)
skin,train,Seborrheic Keratosis,PAT_270_1387_430.png,E:\Mega project\MedvisionAi-\ML-Model\data\Train\FYP skin disease Dataset\Seborrheic Keratosis\PAT_270_1387_430.png,300,300,RGBA,1.0,35.18,Non-RGB mode (RGBA)
skin,train,Seborrheic Keratosis,PAT_343_717_927.png,E:\Mega project\MedvisionAi-\ML-Model\data\Train\FYP skin disease Dataset\Seborrheic Keratosis\PAT_343_717_927.png,300,300,RGBA,1.0,38.02,Non-RGB mode (RGBA)
skin,train,Seborrheic Keratosis,PAT_504_953_569.png,E:\Mega project\MedvisionAi-\ML-Model\data\Train\FYP skin disease Dataset\Seborrheic Keratosis\PAT_504_953_569.png,300,300,RGBA,1.0,23.18,Non-RGB mode (RGBA)
skin,train,Seborrheic Keratosis,PAT_59_46_537.png,E:\Mega project\MedvisionAi-\ML-Model\data\Train\FYP skin disease Dataset\Seborrheic Keratosis\PAT_59_46_537.png,300,300,RGBA,1.0,29.31,Non-RGB mode (RGBA)
skin,train,Seborrheic Keratosis,PAT_616_1169_3.png,E:\Mega project\MedvisionAi-\ML-Model\data\Train\FYP skin disease Dataset\Seborrheic Keratosis\PAT_616_1169_3.png,300,300,RGBA,1.0,18.24,Non-RGB mode (RGBA)
skin,train,Seborrheic Keratosis,PAT_625_1184_412.png,E:\Mega project\MedvisionAi-\ML-Model\data\Train\FYP skin disease Dataset\Seborrheic Keratosis\PAT_625_1184_412.png,300,300,RGBA,1.0,22.95,Non-RGB mode (RGBA)
skin,train,Seborrheic Keratosis,PAT_625_1184_994.png,E:\Mega project\MedvisionAi-\ML-Model\data\Train\FYP skin disease Dataset\Seborrheic Keratosis\PAT_625_1184_994.png,300,300,RGBA,1.0,18.5,Non-RGB mode (RGBA)
skin,train,Seborrheic Keratosis,PAT_650_3858_329.png,E:\Mega project\MedvisionAi-\ML-Model\data\Train\FYP skin disease Dataset\Seborrheic Keratosis\PAT_650_3858_329.png,300,300,RGBA,1.0,16.64,Non-RGB mode (RGBA)
skin,train,Seborrheic Keratosis,PAT_715_1339_508.png,E:\Mega project\MedvisionAi-\ML-Model\data\Train\FYP skin disease Dataset\Seborrheic Keratosis\PAT_715_1339_508.png,300,300,RGBA,1.0,9.52,Non-RGB mode (RGBA)
skin,train,Seborrheic Keratosis,PAT_819_1541_727.png,E:\Mega project\MedvisionAi-\ML-Model\data\Train\FYP skin disease Dataset\Seborrheic Keratosis\PAT_819_1541_727.png,300,300,RGBA,1.0,32.04,Non-RGB mode (RGBA)
skin,train,Seborrheic Keratosis,PAT_851_4520_743.png,E:\Mega project\MedvisionAi-\ML-Model\data\Train\FYP skin disease Dataset\Seborrheic Keratosis\PAT_851_4520_743.png,300,300,RGBA,1.0,19.01,Non-RGB mode (RGBA)
skin,train,Seborrheic Keratosis,PAT_87_133_391.png,E:\Mega project\MedvisionAi-\ML-Model\data\Train\FYP skin disease Dataset\Seborrheic Keratosis\PAT_87_133_391.png,300,300,RGBA,1.0,25.23,Non-RGB mode (RGBA)
skin,train,Seborrheic Keratosis,PAT_87_133_810.png,E:\Mega project\MedvisionAi-\ML-Model\data\Train\FYP skin disease Dataset\Seborrheic Keratosis\PAT_87_133_810.png,300,300,RGBA,1.0,20.33,Non-RGB mode (RGBA)
skin,train,Seborrheic Keratosis,PAT_893_1697_613.png,E:\Mega project\MedvisionAi-\ML-Model\data\Train\FYP skin disease Dataset\Seborrheic Keratosis\PAT_893_1697_613.png,300,300,RGBA,1.0,19.74,Non-RGB mode (RGBA)
skin,train,Seborrheic Keratosis,PAT_90_219_648.png,E:\Mega project\MedvisionAi-\ML-Model\data\Train\FYP skin disease Dataset\Seborrheic Keratosis\PAT_90_219_648.png,300,300,RGBA,1.0,17.36,Non-RGB mode (RGBA)
skin,train,Seborrheic Keratosis,PAT_939_1791_329.png,E:\Mega project\MedvisionAi-\ML-Model\data\Train\FYP skin disease Dataset\Seborrheic Keratosis\PAT_939_1791_329.png,300,300,RGBA,1.0,27.53,Non-RGB mode (RGBA)
skin,train,Seborrheic Keratosis,sebaceous-hyperplasia-46.jpg,E:\Mega project\MedvisionAi-\ML-Model\data\Train\FYP skin disease Dataset\Seborrheic Keratosis\sebaceous-hyperplasia-46.jpg,300,300,RGB,1.0,3.22,Low pixel variance (std=3.22)
skin,train,Seborrheic Keratosis,sebaceous-hyperplasia-55.jpg,E:\Mega project\MedvisionAi-\ML-Model\data\Train\FYP skin disease Dataset\Seborrheic Keratosis\sebaceous-hyperplasia-55.jpg,300,300,RGB,1.0,4.89,Low pixel variance (std=4.89)
skin,validation,Actinic Keratosis,PAT_1017_97_577.png,E:\Mega project\MedvisionAi-\ML-Model\data\Validation\FYP skin disease Dataset\Actinic Keratosis\PAT_1017_97_577.png,300,300,RGBA,1.0,12.55,Non-RGB mode (RGBA)
skin,validation,Actinic Keratosis,PAT_1035_165_800.png,E:\Mega project\MedvisionAi-\ML-Model\data\Validation\FYP skin disease Dataset\Actinic Keratosis\PAT_1035_165_800.png,300,300,RGBA,1.0,12.85,Non-RGB mode (RGBA)
skin,validation,Actinic Keratosis,PAT_1065_277_768.png,E:\Mega project\MedvisionAi-\ML-Model\data\Validation\FYP skin disease Dataset\Actinic Keratosis\PAT_1065_277_768.png,300,300,RGBA,1.0,26.69,Non-RGB mode (RGBA)
skin,validation,Actinic Keratosis,PAT_1066_281_99.png,E:\Mega project\MedvisionAi-\ML-Model\data\Validation\FYP skin disease Dataset\Actinic Keratosis\PAT_1066_281_99.png,300,300,RGBA,1.0,35.87,Non-RGB mode (RGBA)
skin,validation,Actinic Keratosis,PAT_1133_510_956.png,E:\Mega project\MedvisionAi-\ML-Model\data\Validation\FYP skin disease Dataset\Actinic Keratosis\PAT_1133_510_956.png,300,300,RGBA,1.0,19.67,Non-RGB mode (RGBA)
skin,validation,Actinic Keratosis,PAT_1689_3075_38.png,E:\Mega project\MedvisionAi-\ML-Model\data\Validation\FYP skin disease Dataset\Actinic Keratosis\PAT_1689_3075_38.png,300,300,RGBA,1.0,13.48,Non-RGB mode (RGBA)
skin,validation,Actinic Keratosis,PAT_1710_3160_488.png,E:\Mega project\MedvisionAi-\ML-Model\data\Validation\FYP skin disease Dataset\Actinic Keratosis\PAT_1710_3160_488.png,300,300,RGBA,1.0,36.43,Non-RGB mode (RGBA)
skin,validation,Actinic Keratosis,PAT_1818_3568_132.png,E:\Mega project\MedvisionAi-\ML-Model\data\Validation\FYP skin disease Dataset\Actinic Keratosis\PAT_1818_3568_132.png,300,300,RGBA,1.0,41.09,Non-RGB mode (RGBA)
skin,validation,Actinic Keratosis,PAT_1833_3599_827.png,E:\Mega project\MedvisionAi-\ML-Model\data\Validation\FYP skin disease Dataset\Actinic Keratosis\PAT_1833_3599_827.png,300,300,RGBA,1.0,17.02,Non-RGB mode (RGBA)
skin,validation,Actinic Keratosis,PAT_1866_3659_398.png,E:\Mega project\MedvisionAi-\ML-Model\data\Validation\FYP skin disease Dataset\Actinic Keratosis\PAT_1866_3659_398.png,300,300,RGBA,1.0,9.92,Non-RGB mode (RGBA)
skin,validation,Actinic Keratosis,PAT_1893_3761_666.png,E:\Mega project\MedvisionAi-\ML-Model\data\Validation\FYP skin disease Dataset\Actinic Keratosis\PAT_1893_3761_666.png,300,300,RGBA,1.0,18.93,Non-RGB mode (RGBA)
skin,validation,Actinic Keratosis,PAT_1981_4023_673.png,E:\Mega project\MedvisionAi-\ML-Model\data\Validation\FYP skin disease Dataset\Actinic Keratosis\PAT_1981_4023_673.png,300,300,RGBA,1.0,38.31,Non-RGB mode (RGBA)
skin,validation,Actinic Keratosis,PAT_2010_4136_318.png,E:\Mega project\MedvisionAi-\ML-Model\data\Validation\FYP skin disease Dataset\Actinic Keratosis\PAT_2010_4136_318.png,300,300,RGBA,1.0,23.47,Non-RGB mode (RGBA)
skin,validation,Actinic Keratosis,PAT_2020_4176_865.png,E:\Mega project\MedvisionAi-\ML-Model\data\Validation\FYP skin disease Dataset\Actinic Keratosis\PAT_2020_4176_865.png,300,300,RGBA,1.0,23.31,Non-RGB mode (RGBA)
skin,validation,Actinic Keratosis,PAT_2039_4290_273.png,E:\Mega project\MedvisionAi-\ML-Model\data\Validation\FYP skin disease Dataset\Actinic Keratosis\PAT_2039_4290_273.png,300,300,RGBA,1.0,37.76,Non-RGB mode (RGBA)
skin,validation,Actinic Keratosis,PAT_2068_4424_995.png,E:\Mega project\MedvisionAi-\ML-Model\data\Validation\FYP skin disease Dataset\Actinic Keratosis\PAT_2068_4424_995.png,300,300,RGBA,1.0,23.94,Non-RGB mode (RGBA)
skin,validation,Actinic Keratosis,PAT_2106_4590_227.png,E:\Mega project\MedvisionAi-\ML-Model\data\Validation\FYP skin disease Dataset\Actinic Keratosis\PAT_2106_4590_227.png,300,300,RGBA,1.0,12.68,Non-RGB mode (RGBA)
skin,validation,Actinic Keratosis,PAT_2123_4647_95.png,E:\Mega project\MedvisionAi-\ML-Model\data\Validation\FYP skin disease Dataset\Actinic Keratosis\PAT_2123_4647_95.png,300,300,RGBA,1.0,19.44,Non-RGB mode (RGBA)
skin,validation,Actinic Keratosis,PAT_2126_4654_644.png,E:\Mega project\MedvisionAi-\ML-Model\data\Validation\FYP skin disease Dataset\Actinic Keratosis\PAT_2126_4654_644.png,300,300,RGBA,1.0,14.21,Non-RGB mode (RGBA)
skin,validation,Actinic Keratosis,PAT_316_1457_353.png,E:\Mega project\MedvisionAi-\ML-Model\data\Validation\FYP skin disease Dataset\Actinic Keratosis\PAT_316_1457_353.png,300,300,RGBA,1.0,20.27,Non-RGB mode (RGBA)
skin,validation,Actinic Keratosis,PAT_380_774_185.png,E:\Mega project\MedvisionAi-\ML-Model\data\Validation\FYP skin disease Dataset\Actinic Keratosis\PAT_380_774_185.png,300,300,RGBA,1.0,10.7,Non-RGB mode (RGBA)
skin,validation,Actinic Keratosis,PAT_408_811_808.png,E:\Mega project\MedvisionAi-\ML-Model\data\Validation\FYP skin disease Dataset\Actinic Keratosis\PAT_408_811_808.png,300,300,RGBA,1.0,27.91,Non-RGB mode (RGBA)
skin,validation,Actinic Keratosis,PAT_492_1782_752.png,E:\Mega project\MedvisionAi-\ML-Model\data\Validation\FYP skin disease Dataset\Actinic Keratosis\PAT_492_1782_752.png,300,300,RGBA,1.0,12.56,Non-RGB mode (RGBA)
skin,validation,Actinic Keratosis,PAT_587_3431_6.png,E:\Mega project\MedvisionAi-\ML-Model\data\Validation\FYP skin disease Dataset\Actinic Keratosis\PAT_587_3431_6.png,300,300,RGBA,1.0,20.37,Non-RGB mode (RGBA)
skin,validation,Actinic Keratosis,PAT_639_3674_452.png,E:\Mega project\MedvisionAi-\ML-Model\data\Validation\FYP skin disease Dataset\Actinic Keratosis\PAT_639_3674_452.png,300,300,RGBA,1.0,14.09,Non-RGB mode (RGBA)
skin,validation,Actinic Keratosis,PAT_715_1338_761.png,E:\Mega project\MedvisionAi-\ML-Model\data\Validation\FYP skin disease Dataset\Actinic Keratosis\PAT_715_1338_761.png,300,300,RGBA,1.0,12.8,Non-RGB mode (RGBA)
skin,validation,Actinic Keratosis,PAT_753_1834_712.png,E:\Mega project\MedvisionAi-\ML-Model\data\Validation\FYP skin disease Dataset\Actinic Keratosis\PAT_753_1834_712.png,300,300,RGBA,1.0,31.48,Non-RGB mode (RGBA)
skin,validation,Actinic Keratosis,PAT_891_1700_180.png,E:\Mega project\MedvisionAi-\ML-Model\data\Validation\FYP skin disease Dataset\Actinic Keratosis\PAT_891_1700_180.png,300,300,RGBA,1.0,36.14,Non-RGB mode (RGBA)
skin,validation,Actinic Keratosis,PAT_92_141_551.png,E:\Mega project\MedvisionAi-\ML-Model\data\Validation\FYP skin disease Dataset\Actinic Keratosis\PAT_92_141_551.png,300,300,RGBA,1.0,18.47,Non-RGB mode (RGBA)
skin,validation,Basal Cell Carcinoma,PAT_115_177_622.png,E:\Mega project\MedvisionAi-\ML-Model\data\Validation\FYP skin disease Dataset\Basal Cell Carcinoma\PAT_115_177_622.png,300,300,RGBA,1.0,34.66,Non-RGB mode (RGBA)
skin,validation,Basal Cell Carcinoma,PAT_128_194_144.png,E:\Mega project\MedvisionAi-\ML-Model\data\Validation\FYP skin disease Dataset\Basal Cell Carcinoma\PAT_128_194_144.png,300,300,RGBA,1.0,24.38,Non-RGB mode (RGBA)
skin,validation,Basal Cell Carcinoma,PAT_132_198_114.png,E:\Mega project\MedvisionAi-\ML-Model\data\Validation\FYP skin disease Dataset\Basal Cell Carcinoma\PAT_132_198_114.png,300,300,RGBA,1.0,19.69,Non-RGB mode (RGBA)
skin,validation,Basal Cell Carcinoma,PAT_149_221_679.png,E:\Mega project\MedvisionAi-\ML-Model\data\Validation\FYP skin disease Dataset\Basal Cell Carcinoma\PAT_149_221_679.png,300,300,RGBA,1.0,10.42,Non-RGB mode (RGBA)
skin,validation,Basal Cell Carcinoma,PAT_153_1200_541.png,E:\Mega project\MedvisionAi-\ML-Model\data\Validation\FYP skin disease Dataset\Basal Cell Carcinoma\PAT_153_1200_541.png,300,300,RGBA,1.0,37.97,Non-RGB mode (RGBA)
skin,validation,Basal Cell Carcinoma,PAT_15_1001_749.png,E:\Mega project\MedvisionAi-\ML-Model\data\Validation\FYP skin disease Dataset\Basal Cell Carcinoma\PAT_15_1001_749.png,300,300,RGBA,1.0,15.09,Non-RGB mode (RGBA)
skin,validation,Basal Cell Carcinoma,PAT_160_249_76.png,E:\Mega project\MedvisionAi-\ML-Model\data\Validation\FYP skin disease Dataset\Basal Cell Carcinoma\PAT_160_249_76.png,300,300,RGBA,1.0,12.26,Non-RGB mode (RGBA)
skin,validation,Basal Cell Carcinoma,PAT_161_250_197.png,E:\Mega project\MedvisionAi-\ML-Model\data\Validation\FYP skin disease Dataset\Basal Cell Carcinoma\PAT_161_250_197.png,300,300,RGBA,1.0,16.4,Non-RGB mode (RGBA)
skin,validation,Basal Cell Carcinoma,PAT_179_277_436.png,E:\Mega project\MedvisionAi-\ML-Model\data\Validation\FYP skin disease Dataset\Basal Cell Carcinoma\PAT_179_277_436.png,300,300,RGBA,1.0,9.41,Non-RGB mode (RGBA)
skin,validation,Basal Cell Carcinoma,PAT_185_285_97.png,E:\Mega project\MedvisionAi-\ML-Model\data\Validation\FYP skin disease Dataset\Basal Cell Carcinoma\PAT_185_285_97.png,300,300,RGBA,1.0,17.1,Non-RGB mode (RGBA)
skin,validation,Basal Cell Carcinoma,PAT_196_300_749.png,E:\Mega project\MedvisionAi-\ML-Model\data\Validation\FYP skin disease Dataset\Basal Cell Carcinoma\PAT_196_300_749.png,300,300,RGBA,1.0,19.84,Non-RGB mode (RGBA)
skin,validation,Basal Cell Carcinoma,PAT_214_329_70.png,E:\Mega project\MedvisionAi-\ML-Model\data\Validation\FYP skin disease Dataset\Basal Cell Carcinoma\PAT_214_329_70.png,300,300,RGBA,1.0,16.11,Non-RGB mode (RGBA)
skin,validation,Basal Cell Carcinoma,PAT_245_376_197.png,E:\Mega project\MedvisionAi-\ML-Model\data\Validation\FYP skin disease Dataset\Basal Cell Carcinoma\PAT_245_376_197.png,300,300,RGBA,1.0,29.61,Non-RGB mode (RGBA)
skin,validation,Basal Cell Carcinoma,PAT_281_432_813.png,E:\Mega project\MedvisionAi-\ML-Model\data\Validation\FYP skin disease Dataset\Basal Cell Carcinoma\PAT_281_432_813.png,300,300,RGBA,1.0,32.03,Non-RGB mode (RGBA)
skin,validation,Basal Cell Carcinoma,PAT_319_678_357.png,E:\Mega project\MedvisionAi-\ML-Model\data\Validation\FYP skin disease Dataset\Basal Cell Carcinoma\PAT_319_678_357.png,300,300,RGBA,1.0,20.61,Non-RGB mode (RGBA)
skin,validation,Basal Cell Carcinoma,PAT_334_703_907.png,E:\Mega project\MedvisionAi-\ML-Model\data\Validation\FYP skin disease Dataset\Basal Cell Carcinoma\PAT_334_703_907.png,300,300,RGBA,1.0,18.54,Non-RGB mode (RGBA)
skin,validation,Basal Cell Carcinoma,PAT_337_706_598.png,E:\Mega project\MedvisionAi-\ML-Model\data\Validation\FYP skin disease Dataset\Basal Cell Carcinoma\PAT_337_706_598.png,300,300,RGBA,1.0,14.07,Non-RGB mode (RGBA)
skin,validation,Basal Cell Carcinoma,PAT_372_760_355.png,E:\Mega project\MedvisionAi-\ML-Model\data\Validation\FYP skin disease Dataset\Basal Cell Carcinoma\PAT_372_760_355.png,300,300,RGBA,1.0,31.07,Non-RGB mode (RGBA)
skin,validation,Basal Cell Carcinoma,PAT_386_1554_455.png,E:\Mega project\MedvisionAi-\ML-Model\data\Validation\FYP skin disease Dataset\Basal Cell Carcinoma\PAT_386_1554_455.png,300,300,RGBA,1.0,18.57,Non-RGB mode (RGBA)
skin,validation,Basal Cell Carcinoma,PAT_396_796_394.png,E:\Mega project\MedvisionAi-\ML-Model\data\Validation\FYP skin disease Dataset\Basal Cell Carcinoma\PAT_396_796_394.png,300,300,RGBA,1.0,18.25,Non-RGB mode (RGBA)
skin,validation,Basal Cell Carcinoma,PAT_402_803_739.png,E:\Mega project\MedvisionAi-\ML-Model\data\Validation\FYP skin disease Dataset\Basal Cell Carcinoma\PAT_402_803_739.png,300,300,RGBA,1.0,12.65,Non-RGB mode (RGBA)
skin,validation,Basal Cell Carcinoma,PAT_441_861_415.png,E:\Mega project\MedvisionAi-\ML-Model\data\Validation\FYP skin disease Dataset\Basal Cell Carcinoma\PAT_441_861_415.png,300,300,RGBA,1.0,15.18,Non-RGB mode (RGBA)
skin,validation,Basal Cell Carcinoma,PAT_451_878_634.png,E:\Mega project\MedvisionAi-\ML-Model\data\Validation\FYP skin disease Dataset\Basal Cell Carcinoma\PAT_451_878_634.png,300,300,RGBA,1.0,9.51,Non-RGB mode (RGBA)
skin,validation,Basal Cell Carcinoma,PAT_453_883_719.png,E:\Mega project\MedvisionAi-\ML-Model\data\Validation\FYP skin disease Dataset\Basal Cell Carcinoma\PAT_453_883_719.png,300,300,RGBA,1.0,18.85,Non-RGB mode (RGBA)
skin,validation,Basal Cell Carcinoma,PAT_459_892_804.png,E:\Mega project\MedvisionAi-\ML-Model\data\Validation\FYP skin disease Dataset\Basal Cell Carcinoma\PAT_459_892_804.png,300,300,RGBA,1.0,20.26,Non-RGB mode (RGBA)
skin,validation,Basal Cell Carcinoma,PAT_46_881_939.png,E:\Mega project\MedvisionAi-\ML-Model\data\Validation\FYP skin disease Dataset\Basal Cell Carcinoma\PAT_46_881_939.png,300,300,RGBA,1.0,18.09,Non-RGB mode (RGBA)
skin,validation,Basal Cell Carcinoma,PAT_481_923_186.png,E:\Mega project\MedvisionAi-\ML-Model\data\Validation\FYP skin disease Dataset\Basal Cell Carcinoma\PAT_481_923_186.png,300,300,RGBA,1.0,11.84,Non-RGB mode (RGBA)
skin,validation,Basal Cell Carcinoma,PAT_513_964_343.png,E:\Mega project\MedvisionAi-\ML-Model\data\Validation\FYP skin disease Dataset\Basal Cell Carcinoma\PAT_513_964_343.png,300,300,RGBA,1.0,20.3,Non-RGB mode (RGBA)
skin,validation,Basal Cell Carcinoma,PAT_513_964_447.png,E:\Mega project\MedvisionAi-\ML-Model\data\Validation\FYP skin disease Dataset\Basal Cell Carcinoma\PAT_513_964_447.png,300,300,RGBA,1.0,23.58,Non-RGB mode (RGBA)
skin,validation,Basal Cell Carcinoma,PAT_514_969_995.png,E:\Mega project\MedvisionAi-\ML-Model\data\Validation\FYP skin disease Dataset\Basal Cell Carcinoma\PAT_514_969_995.png,300,300,RGBA,1.0,25.18,Non-RGB mode (RGBA)
skin,validation,Basal Cell Carcinoma,PAT_519_979_104.png,E:\Mega project\MedvisionAi-\ML-Model\data\Validation\FYP skin disease Dataset\Basal Cell Carcinoma\PAT_519_979_104.png,300,300,RGBA,1.0,29.3,Non-RGB mode (RGBA)
skin,validation,Basal Cell Carcinoma,PAT_527_1360_225.png,E:\Mega project\MedvisionAi-\ML-Model\data\Validation\FYP skin disease Dataset\Basal Cell Carcinoma\PAT_527_1360_225.png,300,300,RGBA,1.0,18.09,Non-RGB mode (RGBA)
skin,validation,Basal Cell Carcinoma,PAT_530_999_696.png,E:\Mega project\MedvisionAi-\ML-Model\data\Validation\FYP skin disease Dataset\Basal Cell Carcinoma\PAT_530_999_696.png,300,300,RGBA,1.0,7.48,Non-RGB mode (RGBA)
skin,validation,Basal Cell Carcinoma,PAT_567_1078_978.png,E:\Mega project\MedvisionAi-\ML-Model\data\Validation\FYP skin disease Dataset\Basal Cell Carcinoma\PAT_567_1078_978.png,300,300,RGBA,1.0,33.6,Non-RGB mode (RGBA)
skin,validation,Basal Cell Carcinoma,PAT_576_1089_435.png,E:\Mega project\MedvisionAi-\ML-Model\data\Validation\FYP skin disease Dataset\Basal Cell Carcinoma\PAT_576_1089_435.png,300,300,RGBA,1.0,16.72,Non-RGB mode (RGBA)
skin,validation,Basal Cell Carcinoma,PAT_583_1112_886.png,E:\Mega project\MedvisionAi-\ML-Model\data\Validation\FYP skin disease Dataset\Basal Cell Carcinoma\PAT_583_1112_886.png,300,300,RGBA,1.0,21.91,Non-RGB mode (RGBA)
skin,validation,Basal Cell Carcinoma,PAT_619_1175_767.png,E:\Mega project\MedvisionAi-\ML-Model\data\Validation\FYP skin disease Dataset\Basal Cell Carcinoma\PAT_619_1175_767.png,300,300,RGBA,1.0,12.99,Non-RGB mode (RGBA)
skin,validation,Basal Cell Carcinoma,PAT_640_1210_293.png,E:\Mega project\MedvisionAi-\ML-Model\data\Validation\FYP skin disease Dataset\Basal Cell Carcinoma\PAT_640_1210_293.png,300,300,RGBA,1.0,25.81,Non-RGB mode (RGBA)
skin,validation,Basal Cell Carcinoma,PAT_683_1296_237.png,E:\Mega project\MedvisionAi-\ML-Model\data\Validation\FYP skin disease Dataset\Basal Cell Carcinoma\PAT_683_1296_237.png,300,300,RGBA,1.0,19.54,Non-RGB mode (RGBA)
skin,validation,Basal Cell Carcinoma,PAT_683_1297_195.png,E:\Mega project\MedvisionAi-\ML-Model\data\Validation\FYP skin disease Dataset\Basal Cell Carcinoma\PAT_683_1297_195.png,300,300,RGBA,1.0,13.08,Non-RGB mode (RGBA)
skin,validation,Basal Cell Carcinoma,PAT_691_1310_780.png,E:\Mega project\MedvisionAi-\ML-Model\data\Validation\FYP skin disease Dataset\Basal Cell Carcinoma\PAT_691_1310_780.png,300,300,RGBA,1.0,14.67,Non-RGB mode (RGBA)
skin,validation,Basal Cell Carcinoma,PAT_729_1382_390.png,E:\Mega project\MedvisionAi-\ML-Model\data\Validation\FYP skin disease Dataset\Basal Cell Carcinoma\PAT_729_1382_390.png,300,300,RGBA,1.0,31.35,Non-RGB mode (RGBA)
skin,validation,Basal Cell Carcinoma,PAT_762_1436_414.png,E:\Mega project\MedvisionAi-\ML-Model\data\Validation\FYP skin disease Dataset\Basal Cell Carcinoma\PAT_762_1436_414.png,300,300,RGBA,1.0,19.11,Non-RGB mode (RGBA)
skin,validation,Basal Cell Carcinoma,PAT_788_1503_541.png,E:\Mega project\MedvisionAi-\ML-Model\data\Validation\FYP skin disease Dataset\Basal Cell Carcinoma\PAT_788_1503_541.png,300,300,RGBA,1.0,48.91,Non-RGB mode (RGBA)
skin,validation,Basal Cell Carcinoma,PAT_822_1551_642.png,E:\Mega project\MedvisionAi-\ML-Model\data\Validation\FYP skin disease Dataset\Basal Cell Carcinoma\PAT_822_1551_642.png,300,300,RGBA,1.0,17.56,Non-RGB mode (RGBA)
skin,validation,Basal Cell Carcinoma,PAT_827_1598_85.png,E:\Mega project\MedvisionAi-\ML-Model\data\Validation\FYP skin disease Dataset\Basal Cell Carcinoma\PAT_827_1598_85.png,300,300,RGBA,1.0,20.45,Non-RGB mode (RGBA)
skin,validation,Basal Cell Carcinoma,PAT_832_1569_413.png,E:\Mega project\MedvisionAi-\ML-Model\data\Validation\FYP skin disease Dataset\Basal Cell Carcinoma\PAT_832_1569_413.png,300,300,RGBA,1.0,33.9,Non-RGB mode (RGBA)
skin,validation,Basal Cell Carcinoma,PAT_837_1584_745.png,E:\Mega project\MedvisionAi-\ML-Model\data\Validation\FYP skin disease Dataset\Basal Cell Carcinoma\PAT_837_1584_745.png,300,300,RGBA,1.0,9.09,Non-RGB mode (RGBA)
skin,validation,Basal Cell Carcinoma,PAT_853_1642_497.png,E:\Mega project\MedvisionAi-\ML-Model\data\Validation\FYP skin disease Dataset\Basal Cell Carcinoma\PAT_853_1642_497.png,300,300,RGBA,1.0,22.39,Non-RGB mode (RGBA)
skin,validation,Basal Cell Carcinoma,PAT_879_1676_668.png,E:\Mega project\MedvisionAi-\ML-Model\data\Validation\FYP skin disease Dataset\Basal Cell Carcinoma\PAT_879_1676_668.png,300,300,RGBA,1.0,31.64,Non-RGB mode (RGBA)
skin,validation,Basal Cell Carcinoma,PAT_887_1688_436.png,E:\Mega project\MedvisionAi-\ML-Model\data\Validation\FYP skin disease Dataset\Basal Cell Carcinoma\PAT_887_1688_436.png,300,300,RGBA,1.0,14.33,Non-RGB mode (RGBA)
skin,validation,Basal Cell Carcinoma,PAT_964_1821_83.png,E:\Mega project\MedvisionAi-\ML-Model\data\Validation\FYP skin disease Dataset\Basal Cell Carcinoma\PAT_964_1821_83.png,300,300,RGBA,1.0,16.88,Non-RGB mode (RGBA)
skin,validation,Basal Cell Carcinoma,PAT_985_1856_91.png,E:\Mega project\MedvisionAi-\ML-Model\data\Validation\FYP skin disease Dataset\Basal Cell Carcinoma\PAT_985_1856_91.png,300,300,RGBA,1.0,32.19,Non-RGB mode (RGBA)
skin,validation,Basal Cell Carcinoma,PAT_994_1866_730.png,E:\Mega project\MedvisionAi-\ML-Model\data\Validation\FYP skin disease Dataset\Basal Cell Carcinoma\PAT_994_1866_730.png,300,300,RGBA,1.0,23.09,Non-RGB mode (RGBA)
skin,validation,Melanocytic Nevus (Nevus),ISIC_0013405_downsampled.jpg,E:\Mega project\MedvisionAi-\ML-Model\data\Validation\FYP skin disease Dataset\Melanocytic Nevus (Nevus)\ISIC_0013405_downsampled.jpg,300,300,RGB,1.0,4.07,Low pixel variance (std=4.07)
skin,validation,Melanocytic Nevus (Nevus),ISIC_0013970_downsampled.jpg,E:\Mega project\MedvisionAi-\ML-Model\data\Validation\FYP skin disease Dataset\Melanocytic Nevus (Nevus)\ISIC_0013970_downsampled.jpg,300,300,RGB,1.0,4.32,Low pixel variance (std=4.32)
skin,validation,Seborrheic Keratosis,0013_TotalFocus.png,E:\Mega project\MedvisionAi-\ML-Model\data\Validation\FYP skin disease Dataset\Seborrheic Keratosis\0013_TotalFocus.png,300,300,RGBA,1.0,32.0,Non-RGB mode (RGBA)
skin,validation,Seborrheic Keratosis,0032_TotalFocus.png,E:\Mega project\MedvisionAi-\ML-Model\data\Validation\FYP skin disease Dataset\Seborrheic Keratosis\0032_TotalFocus.png,300,300,RGBA,1.0,28.73,Non-RGB mode (RGBA)
skin,validation,Seborrheic Keratosis,0034_Processed.png,E:\Mega project\MedvisionAi-\ML-Model\data\Validation\FYP skin disease Dataset\Seborrheic Keratosis\0034_Processed.png,300,300,RGBA,1.0,39.55,Non-RGB mode (RGBA)
skin,validation,Seborrheic Keratosis,0081_Processed.png,E:\Mega project\MedvisionAi-\ML-Model\data\Validation\FYP skin disease Dataset\Seborrheic Keratosis\0081_Processed.png,300,300,RGBA,1.0,31.74,Non-RGB mode (RGBA)
skin,validation,Seborrheic Keratosis,0084_TotalFocus.png,E:\Mega project\MedvisionAi-\ML-Model\data\Validation\FYP skin disease Dataset\Seborrheic Keratosis\0084_TotalFocus.png,300,300,RGBA,1.0,19.5,Non-RGB mode (RGBA)
skin,validation,Seborrheic Keratosis,0085_Processed.png,E:\Mega project\MedvisionAi-\ML-Model\data\Validation\FYP skin disease Dataset\Seborrheic Keratosis\0085_Processed.png,300,300,RGBA,1.0,26.57,Non-RGB mode (RGBA)
skin,validation,Seborrheic Keratosis,0085_TotalFocus.png,E:\Mega project\MedvisionAi-\ML-Model\data\Validation\FYP skin disease Dataset\Seborrheic Keratosis\0085_TotalFocus.png,300,300,RGBA,1.0,26.66,Non-RGB mode (RGBA)
skin,validation,Seborrheic Keratosis,0086_View_01_01.png,E:\Mega project\MedvisionAi-\ML-Model\data\Validation\FYP skin disease Dataset\Seborrheic Keratosis\0086_View_01_01.png,300,300,RGBA,1.0,24.89,Non-RGB mode (RGBA)
skin,validation,Seborrheic Keratosis,0216_TotalFocus.png,E:\Mega project\MedvisionAi-\ML-Model\data\Validation\FYP skin disease Dataset\Seborrheic Keratosis\0216_TotalFocus.png,300,300,RGBA,1.0,23.83,Non-RGB mode (RGBA)
skin,validation,Seborrheic Keratosis,PAT_1072_318_856.png,E:\Mega project\MedvisionAi-\ML-Model\data\Validation\FYP skin disease Dataset\Seborrheic Keratosis\PAT_1072_318_856.png,300,300,RGBA,1.0,12.0,Non-RGB mode (RGBA)
skin,validation,Seborrheic Keratosis,PAT_1392_1352_778.png,E:\Mega project\MedvisionAi-\ML-Model\data\Validation\FYP skin disease Dataset\Seborrheic Keratosis\PAT_1392_1352_778.png,300,300,RGBA,1.0,16.68,Non-RGB mode (RGBA)
skin,validation,Seborrheic Keratosis,PAT_1527_1794_662.png,E:\Mega project\MedvisionAi-\ML-Model\data\Validation\FYP skin disease Dataset\Seborrheic Keratosis\PAT_1527_1794_662.png,300,300,RGBA,1.0,21.26,Non-RGB mode (RGBA)
skin,validation,Seborrheic Keratosis,PAT_166_3672_759.png,E:\Mega project\MedvisionAi-\ML-Model\data\Validation\FYP skin disease Dataset\Seborrheic Keratosis\PAT_166_3672_759.png,300,300,RGBA,1.0,21.72,Non-RGB mode (RGBA)
skin,validation,Seborrheic Keratosis,PAT_1696_3115_917.png,E:\Mega project\MedvisionAi-\ML-Model\data\Validation\FYP skin disease Dataset\Seborrheic Keratosis\PAT_1696_3115_917.png,300,300,RGBA,1.0,20.52,Non-RGB mode (RGBA)
skin,validation,Seborrheic Keratosis,PAT_2152_4781_332.png,E:\Mega project\MedvisionAi-\ML-Model\data\Validation\FYP skin disease Dataset\Seborrheic Keratosis\PAT_2152_4781_332.png,300,300,RGBA,1.0,10.6,Non-RGB mode (RGBA)
skin,validation,Seborrheic Keratosis,PAT_87_133_159.png,E:\Mega project\MedvisionAi-\ML-Model\data\Validation\FYP skin disease Dataset\Seborrheic Keratosis\PAT_87_133_159.png,300,300,RGBA,1.0,17.36,Non-RGB mode (RGBA)
skin,test,Actinic Keratosis,PAT_1026_124_346.png,E:\Mega project\MedvisionAi-\ML-Model\data\Test\FYP skin disease Dataset\Actinic Keratosis\PAT_1026_124_346.png,300,300,RGBA,1.0,27.66,Non-RGB mode (RGBA)
skin,test,Actinic Keratosis,PAT_1177_633_705.png,E:\Mega project\MedvisionAi-\ML-Model\data\Test\FYP skin disease Dataset\Actinic Keratosis\PAT_1177_633_705.png,300,300,RGB,1.0,4.18,Low pixel variance (std=4.18)
skin,test,Actinic Keratosis,PAT_1244_840_975.png,E:\Mega project\MedvisionAi-\ML-Model\data\Test\FYP skin disease Dataset\Actinic Keratosis\PAT_1244_840_975.png,300,300,RGBA,1.0,19.18,Non-RGB mode (RGBA)
skin,test,Actinic Keratosis,PAT_1547_1875_436.png,E:\Mega project\MedvisionAi-\ML-Model\data\Test\FYP skin disease Dataset\Actinic Keratosis\PAT_1547_1875_436.png,300,300,RGBA,1.0,29.18,Non-RGB mode (RGBA)
skin,test,Actinic Keratosis,PAT_15_3138_959.png,E:\Mega project\MedvisionAi-\ML-Model\data\Test\FYP skin disease Dataset\Actinic Keratosis\PAT_15_3138_959.png,300,300,RGBA,1.0,15.39,Non-RGB mode (RGBA)
skin,test,Actinic Keratosis,PAT_1729_3235_712.png,E:\Mega project\MedvisionAi-\ML-Model\data\Test\FYP skin disease Dataset\Actinic Keratosis\PAT_1729_3235_712.png,300,300,RGBA,1.0,18.99,Non-RGB mode (RGBA)
skin,test,Actinic Keratosis,PAT_1805_3477_772.png,E:\Mega project\MedvisionAi-\ML-Model\data\Test\FYP skin disease Dataset\Actinic Keratosis\PAT_1805_3477_772.png,300,300,RGBA,1.0,25.49,Non-RGB mode (RGBA)
skin,test,Actinic Keratosis,PAT_1849_3629_214.png,E:\Mega project\MedvisionAi-\ML-Model\data\Test\FYP skin disease Dataset\Actinic Keratosis\PAT_1849_3629_214.png,300,300,RGBA,1.0,23.75,Non-RGB mode (RGBA)
skin,test,Actinic Keratosis,PAT_1884_3730_813.png,E:\Mega project\MedvisionAi-\ML-Model\data\Test\FYP skin disease Dataset\Actinic Keratosis\PAT_1884_3730_813.png,300,300,RGBA,1.0,23.68,Non-RGB mode (RGBA)
skin,test,Actinic Keratosis,PAT_1918_3836_82.png,E:\Mega project\MedvisionAi-\ML-Model\data\Test\FYP skin disease Dataset\Actinic Keratosis\PAT_1918_3836_82.png,300,300,RGBA,1.0,12.31,Non-RGB mode (RGBA)
skin,test,Actinic Keratosis,PAT_2021_4180_381.png,E:\Mega project\MedvisionAi-\ML-Model\data\Test\FYP skin disease Dataset\Actinic Keratosis\PAT_2021_4180_381.png,300,300,RGBA,1.0,15.72,Non-RGB mode (RGBA)
skin,test,Actinic Keratosis,PAT_2024_4224_141.png,E:\Mega project\MedvisionAi-\ML-Model\data\Test\FYP skin disease Dataset\Actinic Keratosis\PAT_2024_4224_141.png,300,300,RGBA,1.0,20.95,Non-RGB mode (RGBA)
skin,test,Actinic Keratosis,PAT_2025_4229_541.png,E:\Mega project\MedvisionAi-\ML-Model\data\Test\FYP skin disease Dataset\Actinic Keratosis\PAT_2025_4229_541.png,300,300,RGBA,1.0,22.01,Non-RGB mode (RGBA)
skin,test,Actinic Keratosis,PAT_2076_4459_450.png,E:\Mega project\MedvisionAi-\ML-Model\data\Test\FYP skin disease Dataset\Actinic Keratosis\PAT_2076_4459_450.png,300,300,RGBA,1.0,11.18,Non-RGB mode (RGBA)
skin,test,Actinic Keratosis,PAT_2081_4488_57.png,E:\Mega project\MedvisionAi-\ML-Model\data\Test\FYP skin disease Dataset\Actinic Keratosis\PAT_2081_4488_57.png,300,300,RGBA,1.0,26.75,Non-RGB mode (RGBA)
skin,test,Actinic Keratosis,PAT_2089_4529_762.png,E:\Mega project\MedvisionAi-\ML-Model\data\Test\FYP skin disease Dataset\Actinic Keratosis\PAT_2089_4529_762.png,300,300,RGBA,1.0,23.69,Non-RGB mode (RGBA)
skin,test,Actinic Keratosis,PAT_2140_4726_141.png,E:\Mega project\MedvisionAi-\ML-Model\data\Test\FYP skin disease Dataset\Actinic Keratosis\PAT_2140_4726_141.png,300,300,RGBA,1.0,16.68,Non-RGB mode (RGBA)
skin,test,Actinic Keratosis,PAT_2160_4814_243.png,E:\Mega project\MedvisionAi-\ML-Model\data\Test\FYP skin disease Dataset\Actinic Keratosis\PAT_2160_4814_243.png,300,300,RGBA,1.0,24.7,Non-RGB mode (RGBA)
skin,test,Actinic Keratosis,PAT_225_345_903.png,E:\Mega project\MedvisionAi-\ML-Model\data\Test\FYP skin disease Dataset\Actinic Keratosis\PAT_225_345_903.png,300,300,RGBA,1.0,26.96,Non-RGB mode (RGBA)
skin,test,Actinic Keratosis,PAT_246_377_159.png,E:\Mega project\MedvisionAi-\ML-Model\data\Test\FYP skin disease Dataset\Actinic Keratosis\PAT_246_377_159.png,300,300,RGBA,1.0,10.55,Non-RGB mode (RGBA)
skin,test,Actinic Keratosis,PAT_263_404_410.png,E:\Mega project\MedvisionAi-\ML-Model\data\Test\FYP skin disease Dataset\Actinic Keratosis\PAT_263_404_410.png,300,300,RGBA,1.0,17.51,Non-RGB mode (RGBA)
skin,test,Actinic Keratosis,PAT_276_425_539.png,E:\Mega project\MedvisionAi-\ML-Model\data\Test\FYP skin disease Dataset\Actinic Keratosis\PAT_276_425_539.png,300,300,RGBA,1.0,23.54,Non-RGB mode (RGBA)
skin,test,Actinic Keratosis,PAT_36_50_14.png,E:\Mega project\MedvisionAi-\ML-Model\data\Test\FYP skin disease Dataset\Actinic Keratosis\PAT_36_50_14.png,300,300,RGBA,1.0,18.49,Non-RGB mode (RGBA)
skin,test,Actinic Keratosis,PAT_388_1589_976.png,E:\Mega project\MedvisionAi-\ML-Model\data\Test\FYP skin disease Dataset\Actinic Keratosis\PAT_388_1589_976.png,300,300,RGBA,1.0,21.74,Non-RGB mode (RGBA)
skin,test,Actinic Keratosis,PAT_571_1097_652.png,E:\Mega project\MedvisionAi-\ML-Model\data\Test\FYP skin disease Dataset\Actinic Keratosis\PAT_571_1097_652.png,300,300,RGBA,1.0,9.7,Non-RGB mode (RGBA)
skin,test,Actinic Keratosis,PAT_59_94_849.png,E:\Mega project\MedvisionAi-\ML-Model\data\Test\FYP skin disease Dataset\Actinic Keratosis\PAT_59_94_849.png,300,300,RGBA,1.0,13.2,Non-RGB mode (RGBA)
skin,test,Actinic Keratosis,PAT_69_1053_332.png,E:\Mega project\MedvisionAi-\ML-Model\data\Test\FYP skin disease Dataset\Actinic Keratosis\PAT_69_1053_332.png,300,300,RGBA,1.0,31.54,Non-RGB mode (RGBA)
skin,test,Actinic Keratosis,PAT_704_1323_974.png,E:\Mega project\MedvisionAi-\ML-Model\data\Test\FYP skin disease Dataset\Actinic Keratosis\PAT_704_1323_974.png,300,300,RGBA,1.0,16.41,Non-RGB mode (RGBA)
skin,test,Actinic Keratosis,PAT_71_108_56.png,E:\Mega project\MedvisionAi-\ML-Model\data\Test\FYP skin disease Dataset\Actinic Keratosis\PAT_71_108_56.png,300,300,RGBA,1.0,10.06,Non-RGB mode (RGBA)
skin,test,Actinic Keratosis,PAT_739_1398_331.png,E:\Mega project\MedvisionAi-\ML-Model\data\Test\FYP skin disease Dataset\Actinic Keratosis\PAT_739_1398_331.png,300,300,RGBA,1.0,44.31,Non-RGB mode (RGBA)
skin,test,Actinic Keratosis,PAT_747_1410_179.png,E:\Mega project\MedvisionAi-\ML-Model\data\Test\FYP skin disease Dataset\Actinic Keratosis\PAT_747_1410_179.png,300,300,RGBA,1.0,19.15,Non-RGB mode (RGBA)
skin,test,Actinic Keratosis,PAT_753_1427_496.png,E:\Mega project\MedvisionAi-\ML-Model\data\Test\FYP skin disease Dataset\Actinic Keratosis\PAT_753_1427_496.png,300,300,RGBA,1.0,9.38,Non-RGB mode (RGBA)
skin,test,Actinic Keratosis,PAT_753_1833_710.png,E:\Mega project\MedvisionAi-\ML-Model\data\Test\FYP skin disease Dataset\Actinic Keratosis\PAT_753_1833_710.png,300,300,RGBA,1.0,36.37,Non-RGB mode (RGBA)
skin,test,Actinic Keratosis,PAT_861_1639_823.png,E:\Mega project\MedvisionAi-\ML-Model\data\Test\FYP skin disease Dataset\Actinic Keratosis\PAT_861_1639_823.png,300,300,RGBA,1.0,14.86,Non-RGB mode (RGBA)
skin,test,Actinic Keratosis,PAT_987_1859_859.png,E:\Mega project\MedvisionAi-\ML-Model\data\Test\FYP skin disease Dataset\Actinic Keratosis\PAT_987_1859_859.png,300,300,RGBA,1.0,26.41,Non-RGB mode (RGBA)
skin,test,Basal Cell Carcinoma,PAT_117_179_983.png,E:\Mega project\MedvisionAi-\ML-Model\data\Test\FYP skin disease Dataset\Basal Cell Carcinoma\PAT_117_179_983.png,300,300,RGBA,1.0,10.7,Non-RGB mode (RGBA)
skin,test,Basal Cell Carcinoma,PAT_147_219_206.png,E:\Mega project\MedvisionAi-\ML-Model\data\Test\FYP skin disease Dataset\Basal Cell Carcinoma\PAT_147_219_206.png,300,300,RGBA,1.0,22.84,Non-RGB mode (RGBA)
skin,test,Basal Cell Carcinoma,PAT_168_261_38.png,E:\Mega project\MedvisionAi-\ML-Model\data\Test\FYP skin disease Dataset\Basal Cell Carcinoma\PAT_168_261_38.png,300,300,RGBA,1.0,22.18,Non-RGB mode (RGBA)
skin,test,Basal Cell Carcinoma,PAT_178_276_465.png,E:\Mega project\MedvisionAi-\ML-Model\data\Test\FYP skin disease Dataset\Basal Cell Carcinoma\PAT_178_276_465.png,300,300,RGBA,1.0,13.7,Non-RGB mode (RGBA)
skin,test,Basal Cell Carcinoma,PAT_200_304_139.png,E:\Mega project\MedvisionAi-\ML-Model\data\Test\FYP skin disease Dataset\Basal Cell Carcinoma\PAT_200_304_139.png,300,300,RGBA,1.0,29.13,Non-RGB mode (RGBA)
skin,test,Basal Cell Carcinoma,PAT_204_310_975.png,E:\Mega project\MedvisionAi-\ML-Model\data\Test\FYP skin disease Dataset\Basal Cell Carcinoma\PAT_204_310_975.png,300,300,RGBA,1.0,30.31,Non-RGB mode (RGBA)
skin,test,Basal Cell Carcinoma,PAT_211_317_649.png,E:\Mega project\MedvisionAi-\ML-Model\data\Test\FYP skin disease Dataset\Basal Cell Carcinoma\PAT_211_317_649.png,300,300,RGBA,1.0,20.98,Non-RGB mode (RGBA)
skin,test,Basal Cell Carcinoma,PAT_221_339_951.png,E:\Mega project\MedvisionAi-\ML-Model\data\Test\FYP skin disease Dataset\Basal Cell Carcinoma\PAT_221_339_951.png,300,300,RGBA,1.0,21.39,Non-RGB mode (RGBA)
skin,test,Basal Cell Carcinoma,PAT_235_360_50.png,E:\Mega project\MedvisionAi-\ML-Model\data\Test\FYP skin disease Dataset\Basal Cell Carcinoma\PAT_235_360_50.png,300,300,RGBA,1.0,27.97,Non-RGB mode (RGBA)
skin,test,Basal Cell Carcinoma,PAT_251_382_164.png,E:\Mega project\MedvisionAi-\ML-Model\data\Test\FYP skin disease Dataset\Basal Cell Carcinoma\PAT_251_382_164.png,300,300,RGBA,1.0,14.49,Non-RGB mode (RGBA)
skin,test,Basal Cell Carcinoma,PAT_256_394_449.png,E:\Mega project\MedvisionAi-\ML-Model\data\Test\FYP skin disease Dataset\Basal Cell Carcinoma\PAT_256_394_449.png,300,300,RGBA,1.0,22.05,Non-RGB mode (RGBA)
skin,test,Basal Cell Carcinoma,PAT_268_413_643.png,E:\Mega project\MedvisionAi-\ML-Model\data\Test\FYP skin disease Dataset\Basal Cell Carcinoma\PAT_268_413_643.png,300,300,RGBA,1.0,16.37,Non-RGB mode (RGBA)
skin,test,Basal Cell Carcinoma,PAT_272_419_906.png,E:\Mega project\MedvisionAi-\ML-Model\data\Test\FYP skin disease Dataset\Basal Cell Carcinoma\PAT_272_419_906.png,300,300,RGBA,1.0,19.03,Non-RGB mode (RGBA)
skin,test,Basal Cell Carcinoma,PAT_282_433_934.png,E:\Mega project\MedvisionAi-\ML-Model\data\Test\FYP skin disease Dataset\Basal Cell Carcinoma\PAT_282_433_934.png,300,300,RGBA,1.0,28.39,Non-RGB mode (RGBA)
skin,test,Basal Cell Carcinoma,PAT_299_1452_1.png,E:\Mega project\MedvisionAi-\ML-Model\data\Test\FYP skin disease Dataset\Basal Cell Carcinoma\PAT_299_1452_1.png,300,300,RGBA,1.0,21.18,Non-RGB mode (RGBA)
skin,test,Basal Cell Carcinoma,PAT_316_674_924.png,E:\Mega project\MedvisionAi-\ML-Model\data\Test\FYP skin disease Dataset\Basal Cell Carcinoma\PAT_316_674_924.png,300,300,RGBA,1.0,43.95,Non-RGB mode (RGBA)
skin,test,Basal Cell Carcinoma,PAT_330_1437_458.png,E:\Mega project\MedvisionAi-\ML-Model\data\Test\FYP skin disease Dataset\Basal Cell Carcinoma\PAT_330_1437_458.png,300,300,RGBA,1.0,16.22,Non-RGB mode (RGBA)
skin,test,Basal Cell Carcinoma,PAT_361_1567_487.png,E:\Mega project\MedvisionAi-\ML-Model\data\Test\FYP skin disease Dataset\Basal Cell Carcinoma\PAT_361_1567_487.png,300,300,RGBA,1.0,23.8,Non-RGB mode (RGBA)
skin,test,Basal Cell Carcinoma,PAT_364_749_377.png,E:\Mega project\MedvisionAi-\ML-Model\data\Test\FYP skin disease Dataset\Basal Cell Carcinoma\PAT_364_749_377.png,300,300,RGBA,1.0,26.53,Non-RGB mode (RGBA)
skin,test,Basal Cell Carcinoma,PAT_368_1652_525.png,E:\Mega project\MedvisionAi-\ML-Model\data\Test\FYP skin disease Dataset\Basal Cell Carcinoma\PAT_368_1652_525.png,300,300,RGBA,1.0,27.77,Non-RGB mode (RGBA)
skin,test,Basal Cell Carcinoma,PAT_375_763_980.png,E:\Mega project\MedvisionAi-\ML-Model\data\Test\FYP skin disease Dataset\Basal Cell Carcinoma\PAT_375_763_980.png,300,300,RGBA,1.0,13.09,Non-RGB mode (RGBA)
skin,test,Basal Cell Carcinoma,PAT_379_1531_17.png,E:\Mega project\MedvisionAi-\ML-Model\data\Test\FYP skin disease Dataset\Basal Cell Carcinoma\PAT_379_1531_17.png,300,300,RGBA,1.0,16.5,Non-RGB mode (RGBA)
skin,test,Basal Cell Carcinoma,PAT_388_1592_576.png,E:\Mega project\MedvisionAi-\ML-Model\data\Test\FYP skin disease Dataset\Basal Cell Carcinoma\PAT_388_1592_576.png,300,300,RGBA,1.0,16.34,Non-RGB mode (RGBA)
skin,test,Basal Cell Carcinoma,PAT_41_57_2.png,E:\Mega project\MedvisionAi-\ML-Model\data\Test\FYP skin disease Dataset\Basal Cell Carcinoma\PAT_41_57_2.png,300,300,RGBA,1.0,19.43,Non-RGB mode (RGBA)
skin,test,Basal Cell Carcinoma,PAT_42_58_13.png,E:\Mega project\MedvisionAi-\ML-Model\data\Test\FYP skin disease Dataset\Basal Cell Carcinoma\PAT_42_58_13.png,300,300,RGBA,1.0,14.13,Non-RGB mode (RGBA)
skin,test,Basal Cell Carcinoma,PAT_431_850_472.png,E:\Mega project\MedvisionAi-\ML-Model\data\Test\FYP skin disease Dataset\Basal Cell Carcinoma\PAT_431_850_472.png,300,300,RGBA,1.0,22.94,Non-RGB mode (RGBA)
skin,test,Basal Cell Carcinoma,PAT_460_893_307.png,E:\Mega project\MedvisionAi-\ML-Model\data\Test\FYP skin disease Dataset\Basal Cell Carcinoma\PAT_460_893_307.png,300,300,RGBA,1.0,29.96,Non-RGB mode (RGBA)
skin,test,Basal Cell Carcinoma,PAT_460_894_429.png,E:\Mega project\MedvisionAi-\ML-Model\data\Test\FYP skin disease Dataset\Basal Cell Carcinoma\PAT_460_894_429.png,300,300,RGBA,1.0,20.8,Non-RGB mode (RGBA)
skin,test,Basal Cell Carcinoma,PAT_46_880_140.png,E:\Mega project\MedvisionAi-\ML-Model\data\Test\FYP skin disease Dataset\Basal Cell Carcinoma\PAT_46_880_140.png,300,300,RGBA,1.0,17.62,Non-RGB mode (RGBA)
skin,test,Basal Cell Carcinoma,PAT_50_76_296.png,E:\Mega project\MedvisionAi-\ML-Model\data\Test\FYP skin disease Dataset\Basal Cell Carcinoma\PAT_50_76_296.png,300,300,RGBA,1.0,16.99,Non-RGB mode (RGBA)
skin,test,Basal Cell Carcinoma,PAT_522_986_305.png,E:\Mega project\MedvisionAi-\ML-Model\data\Test\FYP skin disease Dataset\Basal Cell Carcinoma\PAT_522_986_305.png,300,300,RGBA,1.0,19.8,Non-RGB mode (RGBA)
skin,test,Basal Cell Carcinoma,PAT_535_1011_567.png,E:\Mega project\MedvisionAi-\ML-Model\data\Test\FYP skin disease Dataset\Basal Cell Carcinoma\PAT_535_1011_567.png,300,300,RGBA,1.0,17.25,Non-RGB mode (RGBA)
skin,test,Basal Cell Carcinoma,PAT_544_1028_226.png,E:\Mega project\MedvisionAi-\ML-Model\data\Test\FYP skin disease Dataset\Basal Cell Carcinoma\PAT_544_1028_226.png,300,300,RGBA,1.0,11.36,Non-RGB mode (RGBA)
skin,test,Basal Cell Carcinoma,PAT_598_1137_888.png,E:\Mega project\MedvisionAi-\ML-Model\data\Test\FYP skin disease Dataset\Basal Cell Carcinoma\PAT_598_1137_888.png,300,300,RGBA,1.0,13.3,Non-RGB mode (RGBA)
skin,test,Basal Cell Carcinoma,PAT_624_1180_803.png,E:\Mega project\MedvisionAi-\ML-Model\data\Test\FYP skin disease Dataset\Basal Cell Carcinoma\PAT_624_1180_803.png,300,300,RGBA,1.0,17.98,Non-RGB mode (RGBA)
skin,test,Basal Cell Carcinoma,PAT_628_1191_564.png,E:\Mega project\MedvisionAi-\ML-Model\data\Test\FYP skin disease Dataset\Basal Cell Carcinoma\PAT_628_1191_564.png,300,300,RGBA,1.0,14.94,Non-RGB mode (RGBA)
skin,test,Basal Cell Carcinoma,PAT_645_1223_124.png,E:\Mega project\MedvisionAi-\ML-Model\data\Test\FYP skin disease Dataset\Basal Cell Carcinoma\PAT_645_1223_124.png,300,300,RGBA,1.0,17.03,Non-RGB mode (RGBA)
skin,test,Basal Cell Carcinoma,PAT_652_1231_516.png,E:\Mega project\MedvisionAi-\ML-Model\data\Test\FYP skin disease Dataset\Basal Cell Carcinoma\PAT_652_1231_516.png,300,300,RGBA,1.0,8.88,Non-RGB mode (RGBA)
skin,test,Basal Cell Carcinoma,PAT_660_1249_469.png,E:\Mega project\MedvisionAi-\ML-Model\data\Test\FYP skin disease Dataset\Basal Cell Carcinoma\PAT_660_1249_469.png,300,300,RGBA,1.0,17.26,Non-RGB mode (RGBA)
skin,test,Basal Cell Carcinoma,PAT_682_1292_642.png,E:\Mega project\MedvisionAi-\ML-Model\data\Test\FYP skin disease Dataset\Basal Cell Carcinoma\PAT_682_1292_642.png,300,300,RGBA,1.0,22.16,Non-RGB mode (RGBA)
skin,test,Basal Cell Carcinoma,PAT_709_1331_253.png,E:\Mega project\MedvisionAi-\ML-Model\data\Test\FYP skin disease Dataset\Basal Cell Carcinoma\PAT_709_1331_253.png,300,300,RGBA,1.0,20.1,Non-RGB mode (RGBA)
skin,test,Basal Cell Carcinoma,PAT_727_1373_776.png,E:\Mega project\MedvisionAi-\ML-Model\data\Test\FYP skin disease Dataset\Basal Cell Carcinoma\PAT_727_1373_776.png,300,300,RGBA,1.0,17.23,Non-RGB mode (RGBA)
skin,test,Basal Cell Carcinoma,PAT_745_1406_409.png,E:\Mega project\MedvisionAi-\ML-Model\data\Test\FYP skin disease Dataset\Basal Cell Carcinoma\PAT_745_1406_409.png,300,300,RGBA,1.0,30.32,Non-RGB mode (RGBA)
skin,test,Basal Cell Carcinoma,PAT_747_1408_965.png,E:\Mega project\MedvisionAi-\ML-Model\data\Test\FYP skin disease Dataset\Basal Cell Carcinoma\PAT_747_1408_965.png,300,300,RGBA,1.0,16.65,Non-RGB mode (RGBA)
skin,test,Basal Cell Carcinoma,PAT_760_1456_878.png,E:\Mega project\MedvisionAi-\ML-Model\data\Test\FYP skin disease Dataset\Basal Cell Carcinoma\PAT_760_1456_878.png,300,300,RGBA,1.0,18.65,Non-RGB mode (RGBA)
skin,test,Basal Cell Carcinoma,PAT_778_1471_911.png,E:\Mega project\MedvisionAi-\ML-Model\data\Test\FYP skin disease Dataset\Basal Cell Carcinoma\PAT_778_1471_911.png,300,300,RGBA,1.0,14.94,Non-RGB mode (RGBA)
skin,test,Basal Cell Carcinoma,PAT_781_1474_517.png,E:\Mega project\MedvisionAi-\ML-Model\data\Test\FYP skin disease Dataset\Basal Cell Carcinoma\PAT_781_1474_517.png,300,300,RGBA,1.0,19.13,Non-RGB mode (RGBA)
skin,test,Basal Cell Carcinoma,PAT_782_1492_890.png,E:\Mega project\MedvisionAi-\ML-Model\data\Test\FYP skin disease Dataset\Basal Cell Carcinoma\PAT_782_1492_890.png,300,300,RGBA,1.0,22.78,Non-RGB mode (RGBA)
skin,test,Basal Cell Carcinoma,PAT_788_1503_168.png,E:\Mega project\MedvisionAi-\ML-Model\data\Test\FYP skin disease Dataset\Basal Cell Carcinoma\PAT_788_1503_168.png,300,300,RGBA,1.0,26.51,Non-RGB mode (RGBA)
skin,test,Basal Cell Carcinoma,PAT_800_1513_509.png,E:\Mega project\MedvisionAi-\ML-Model\data\Test\FYP skin disease Dataset\Basal Cell Carcinoma\PAT_800_1513_509.png,300,300,RGBA,1.0,25.63,Non-RGB mode (RGBA)
skin,test,Basal Cell Carcinoma,PAT_822_1550_826.png,E:\Mega project\MedvisionAi-\ML-Model\data\Test\FYP skin disease Dataset\Basal Cell Carcinoma\PAT_822_1550_826.png,300,300,RGBA,1.0,17.72,Non-RGB mode (RGBA)
skin,test,Basal Cell Carcinoma,PAT_823_1556_787.png,E:\Mega project\MedvisionAi-\ML-Model\data\Test\FYP skin disease Dataset\Basal Cell Carcinoma\PAT_823_1556_787.png,300,300,RGBA,1.0,13.01,Non-RGB mode (RGBA)
skin,test,Basal Cell Carcinoma,PAT_827_1600_1000.png,E:\Mega project\MedvisionAi-\ML-Model\data\Test\FYP skin disease Dataset\Basal Cell Carcinoma\PAT_827_1600_1000.png,300,300,RGBA,1.0,12.75,Non-RGB mode (RGBA)
skin,test,Basal Cell Carcinoma,PAT_838_1586_622.png,E:\Mega project\MedvisionAi-\ML-Model\data\Test\FYP skin disease Dataset\Basal Cell Carcinoma\PAT_838_1586_622.png,300,300,RGBA,1.0,12.5,Non-RGB mode (RGBA)
skin,test,Basal Cell Carcinoma,PAT_864_1645_639.png,E:\Mega project\MedvisionAi-\ML-Model\data\Test\FYP skin disease Dataset\Basal Cell Carcinoma\PAT_864_1645_639.png,300,300,RGBA,1.0,31.28,Non-RGB mode (RGBA)
skin,test,Basal Cell Carcinoma,PAT_876_1665_386.png,E:\Mega project\MedvisionAi-\ML-Model\data\Test\FYP skin disease Dataset\Basal Cell Carcinoma\PAT_876_1665_386.png,300,300,RGBA,1.0,15.91,Non-RGB mode (RGBA)
skin,test,Basal Cell Carcinoma,PAT_904_1737_511.png,E:\Mega project\MedvisionAi-\ML-Model\data\Test\FYP skin disease Dataset\Basal Cell Carcinoma\PAT_904_1737_511.png,300,300,RGBA,1.0,28.66,Non-RGB mode (RGBA)
skin,test,Basal Cell Carcinoma,PAT_915_1738_667.png,E:\Mega project\MedvisionAi-\ML-Model\data\Test\FYP skin disease Dataset\Basal Cell Carcinoma\PAT_915_1738_667.png,300,300,RGBA,1.0,19.32,Non-RGB mode (RGBA)
skin,test,Basal Cell Carcinoma,PAT_927_1759_849.png,E:\Mega project\MedvisionAi-\ML-Model\data\Test\FYP skin disease Dataset\Basal Cell Carcinoma\PAT_927_1759_849.png,300,300,RGBA,1.0,21.37,Non-RGB mode (RGBA)
skin,test,Basal Cell Carcinoma,PAT_940_1775_513.png,E:\Mega project\MedvisionAi-\ML-Model\data\Test\FYP skin disease Dataset\Basal Cell Carcinoma\PAT_940_1775_513.png,300,300,RGBA,1.0,28.39,Non-RGB mode (RGBA)
skin,test,Basal Cell Carcinoma,PAT_948_1801_721.png,E:\Mega project\MedvisionAi-\ML-Model\data\Test\FYP skin disease Dataset\Basal Cell Carcinoma\PAT_948_1801_721.png,300,300,RGBA,1.0,20.38,Non-RGB mode (RGBA)
skin,test,Basal Cell Carcinoma,PAT_99_153_636.png,E:\Mega project\MedvisionAi-\ML-Model\data\Test\FYP skin disease Dataset\Basal Cell Carcinoma\PAT_99_153_636.png,300,300,RGBA,1.0,20.09,Non-RGB mode (RGBA)
skin,test,Dermatofibroma,0031_TotalFocus.png,E:\Mega project\MedvisionAi-\ML-Model\data\Test\FYP skin disease Dataset\Dermatofibroma\0031_TotalFocus.png,300,300,RGBA,1.0,11.04,Non-RGB mode (RGBA)
skin,test,Dermatofibroma,0033_TotalFocus.png,E:\Mega project\MedvisionAi-\ML-Model\data\Test\FYP skin disease Dataset\Dermatofibroma\0033_TotalFocus.png,300,300,RGBA,1.0,8.99,Non-RGB mode (RGBA)
skin,test,Melanocytic Nevus (Nevus),ISIC_0027181.jpg,E:\Mega project\MedvisionAi-\ML-Model\data\Test\FYP skin disease Dataset\Melanocytic Nevus (Nevus)\ISIC_0027181.jpg,300,300,RGB,1.0,4.41,Low pixel variance (std=4.41)
skin,test,Seborrheic Keratosis,0032_Processed.png,E:\Mega project\MedvisionAi-\ML-Model\data\Test\FYP skin disease Dataset\Seborrheic Keratosis\0032_Processed.png,300,300,RGBA,1.0,25.64,Non-RGB mode (RGBA)
skin,test,Seborrheic Keratosis,0033_Processed.png,E:\Mega project\MedvisionAi-\ML-Model\data\Test\FYP skin disease Dataset\Seborrheic Keratosis\0033_Processed.png,300,300,RGBA,1.0,15.46,Non-RGB mode (RGBA)
skin,test,Seborrheic Keratosis,0068_View_01_01.png,E:\Mega project\MedvisionAi-\ML-Model\data\Test\FYP skin disease Dataset\Seborrheic Keratosis\0068_View_01_01.png,300,300,RGBA,1.0,34.55,Non-RGB mode (RGBA)
skin,test,Seborrheic Keratosis,0081_TotalFocusa.png,E:\Mega project\MedvisionAi-\ML-Model\data\Test\FYP skin disease Dataset\Seborrheic Keratosis\0081_TotalFocusa.png,300,300,RGBA,1.0,22.22,Non-RGB mode (RGBA)
skin,test,Seborrheic Keratosis,0084_Processed.png,E:\Mega project\MedvisionAi-\ML-Model\data\Test\FYP skin disease Dataset\Seborrheic Keratosis\0084_Processed.png,300,300,RGBA,1.0,15.2,Non-RGB mode (RGBA)
skin,test,Seborrheic Keratosis,0181_TotalFocus.png,E:\Mega project\MedvisionAi-\ML-Model\data\Test\FYP skin disease Dataset\Seborrheic Keratosis\0181_TotalFocus.png,300,300,RGBA,1.0,10.62,Non-RGB mode (RGBA)
skin,test,Seborrheic Keratosis,PAT_1312_1102_578.png,E:\Mega project\MedvisionAi-\ML-Model\data\Test\FYP skin disease Dataset\Seborrheic Keratosis\PAT_1312_1102_578.png,300,300,RGBA,1.0,20.79,Non-RGB mode (RGBA)
skin,test,Seborrheic Keratosis,PAT_1314_1108_442.png,E:\Mega project\MedvisionAi-\ML-Model\data\Test\FYP skin disease Dataset\Seborrheic Keratosis\PAT_1314_1108_442.png,300,300,RGBA,1.0,30.57,Non-RGB mode (RGBA)
skin,test,Seborrheic Keratosis,PAT_1549_1882_230.png,E:\Mega project\MedvisionAi-\ML-Model\data\Test\FYP skin disease Dataset\Seborrheic Keratosis\PAT_1549_1882_230.png,300,300,RGBA,1.0,21.3,Non-RGB mode (RGBA)
skin,test,Seborrheic Keratosis,PAT_1844_3618_373.png,E:\Mega project\MedvisionAi-\ML-Model\data\Test\FYP skin disease Dataset\Seborrheic Keratosis\PAT_1844_3618_373.png,300,300,RGBA,1.0,23.69,Non-RGB mode (RGBA)
skin,test,Seborrheic Keratosis,PAT_1922_3848_451.png,E:\Mega project\MedvisionAi-\ML-Model\data\Test\FYP skin disease Dataset\Seborrheic Keratosis\PAT_1922_3848_451.png,300,300,RGBA,1.0,13.98,Non-RGB mode (RGBA)
skin,test,Seborrheic Keratosis,PAT_1978_4004_82.png,E:\Mega project\MedvisionAi-\ML-Model\data\Test\FYP skin disease Dataset\Seborrheic Keratosis\PAT_1978_4004_82.png,300,300,RGBA,1.0,33.53,Non-RGB mode (RGBA)
skin,test,Seborrheic Keratosis,PAT_2016_4155_600.png,E:\Mega project\MedvisionAi-\ML-Model\data\Test\FYP skin disease Dataset\Seborrheic Keratosis\PAT_2016_4155_600.png,300,300,RGBA,1.0,22.43,Non-RGB mode (RGBA)
skin,test,Seborrheic Keratosis,PAT_2016_4156_941.png,E:\Mega project\MedvisionAi-\ML-Model\data\Test\FYP skin disease Dataset\Seborrheic Keratosis\PAT_2016_4156_941.png,300,300,RGBA,1.0,30.35,Non-RGB mode (RGBA)
skin,test,Seborrheic Keratosis,PAT_2053_4360_281.png,E:\Mega project\MedvisionAi-\ML-Model\data\Test\FYP skin disease Dataset\Seborrheic Keratosis\PAT_2053_4360_281.png,300,300,RGBA,1.0,21.79,Non-RGB mode (RGBA)
skin,test,Seborrheic Keratosis,PAT_2109_4598_112.png,E:\Mega project\MedvisionAi-\ML-Model\data\Test\FYP skin disease Dataset\Seborrheic Keratosis\PAT_2109_4598_112.png,300,300,RGBA,1.0,26.69,Non-RGB mode (RGBA)
