filename,filepath,true_class,predicted_class,confidence,dataset,model,is_high_confidence,is_low_confidence
01F3MMXF7AMVDPVDESXA1YJNX5_jpeg.rf.2f68f8fc2e43a07550b631a462f6d90d.jpg,E:\Mega project\MedvisionAi-\ML-Model\data\Test\FYP skin disease Dataset\Acne\01F3MMXF7AMVDPVDESXA1YJNX5_jpeg.rf.2f68f8fc2e43a07550b631a462f6d90d.jpg,Acne,Seborrheic Keratosis,0.3964228928089142,skin,skin_model.keras,False,True
01F3MMXF7AMVDPVDESXA1YJNX5_jpeg.rf.7d1bdeeb28c5b919eaa26199176ac4dc.jpg,E:\Mega project\MedvisionAi-\ML-Model\data\Test\FYP skin disease Dataset\Acne\01F3MMXF7AMVDPVDESXA1YJNX5_jpeg.rf.7d1bdeeb28c5b919eaa26199176ac4dc.jpg,Acne,Seborrheic Keratosis,0.2865023910999298,skin,skin_model.keras,False,True
31_jpg.rf.b1475b804046eb6bb36ad919936ffe43.jpg,E:\Mega project\MedvisionAi-\ML-Model\data\Test\FYP skin disease Dataset\Acne\31_jpg.rf.b1475b804046eb6bb36ad919936ffe43.jpg,Acne,Melanoma,0.3216770887374878,skin,skin_model.keras,False,True
acne-113_jpeg.rf.61f34253768c2c2d90f282009cc85cc1.jpg,E:\Mega project\MedvisionAi-\ML-Model\data\Test\FYP skin disease Dataset\Acne\acne-113_jpeg.rf.61f34253768c2c2d90f282009cc85cc1.jpg,Acne,Actinic Keratosis,0.5281803011894226,skin,skin_model.keras,False,False
acne-127_jpg.rf.d3d5ce301ca715b9f7d0987c5493a249.jpg,E:\Mega project\MedvisionAi-\ML-Model\data\Test\FYP skin disease Dataset\Acne\acne-127_jpg.rf.d3d5ce301ca715b9f7d0987c5493a249.jpg,Acne,Seborrheic Keratosis,0.6951859593391418,skin,skin_model.keras,False,False
acne-134_jpg.rf.417c82e7063a6160461440b5758b9993.jpg,E:\Mega project\MedvisionAi-\ML-Model\data\Test\FYP skin disease Dataset\Acne\acne-134_jpg.rf.417c82e7063a6160461440b5758b9993.jpg,Acne,Seborrheic Keratosis,0.6079070568084717,skin,skin_model.keras,False,False
acne-149_jpg.rf.03e8887e9c8de1c1f12b9d147d0dda17.jpg,E:\Mega project\MedvisionAi-\ML-Model\data\Test\FYP skin disease Dataset\Acne\acne-149_jpg.rf.03e8887e9c8de1c1f12b9d147d0dda17.jpg,Acne,Seborrheic Keratosis,0.5759766697883606,skin,skin_model.keras,False,False
acne-154_jpg.rf.aa10f14b351652c5646e22544670738c.jpg,E:\Mega project\MedvisionAi-\ML-Model\data\Test\FYP skin disease Dataset\Acne\acne-154_jpg.rf.aa10f14b351652c5646e22544670738c.jpg,Acne,Seborrheic Keratosis,0.7324698567390442,skin,skin_model.keras,False,False
acne-182_jpg.rf.7c2e3699a804e6c8aa7910f55b5ca1d5.jpg,E:\Mega project\MedvisionAi-\ML-Model\data\Test\FYP skin disease Dataset\Acne\acne-182_jpg.rf.7c2e3699a804e6c8aa7910f55b5ca1d5.jpg,Acne,Seborrheic Keratosis,0.8646774888038635,skin,skin_model.keras,True,False
acne-306_jpeg.rf.40691f2c7cb3cd1adc01b94d628f07c2.jpg,E:\Mega project\MedvisionAi-\ML-Model\data\Test\FYP skin disease Dataset\Acne\acne-306_jpeg.rf.40691f2c7cb3cd1adc01b94d628f07c2.jpg,Acne,Melanocytic Nevus (Nevus),0.6512324810028076,skin,skin_model.keras,False,False
acne-cystic-90.jpg,E:\Mega project\MedvisionAi-\ML-Model\data\Test\FYP skin disease Dataset\Acne\acne-cystic-90.jpg,Acne,Seborrheic Keratosis,0.4973946213722229,skin,skin_model.keras,False,True
acne-open-comedo-41.jpg,E:\Mega project\MedvisionAi-\ML-Model\data\Test\FYP skin disease Dataset\Acne\acne-open-comedo-41.jpg,Acne,Seborrheic Keratosis,0.5141364336013794,skin,skin_model.keras,False,False
PAT_104_1754_276.png,E:\Mega project\MedvisionAi-\ML-Model\data\Test\FYP skin disease Dataset\Actinic Keratosis\PAT_104_1754_276.png,Actinic Keratosis,Basal Cell Carcinoma,0.5510429739952087,skin,skin_model.keras,False,False
PAT_1374_1285_735.png,E:\Mega project\MedvisionAi-\ML-Model\data\Test\FYP skin disease Dataset\Actinic Keratosis\PAT_1374_1285_735.png,Actinic Keratosis,Seborrheic Keratosis,0.6170738339424133,skin,skin_model.keras,False,False
PAT_1423_1472_18.png,E:\Mega project\MedvisionAi-\ML-Model\data\Test\FYP skin disease Dataset\Actinic Keratosis\PAT_1423_1472_18.png,Actinic Keratosis,Seborrheic Keratosis,0.37477028369903564,skin,skin_model.keras,False,True
PAT_1433_1499_29.png,E:\Mega project\MedvisionAi-\ML-Model\data\Test\FYP skin disease Dataset\Actinic Keratosis\PAT_1433_1499_29.png,Actinic Keratosis,Melanocytic Nevus (Nevus),0.3425027132034302,skin,skin_model.keras,False,True
PAT_1441_1531_670.png,E:\Mega project\MedvisionAi-\ML-Model\data\Test\FYP skin disease Dataset\Actinic Keratosis\PAT_1441_1531_670.png,Actinic Keratosis,Basal Cell Carcinoma,0.26040875911712646,skin,skin_model.keras,False,True
PAT_1498_1715_345.png,E:\Mega project\MedvisionAi-\ML-Model\data\Test\FYP skin disease Dataset\Actinic Keratosis\PAT_1498_1715_345.png,Actinic Keratosis,Seborrheic Keratosis,0.6638187766075134,skin,skin_model.keras,False,False
PAT_1531_1800_683.png,E:\Mega project\MedvisionAi-\ML-Model\data\Test\FYP skin disease Dataset\Actinic Keratosis\PAT_1531_1800_683.png,Actinic Keratosis,Dermatofibroma,0.2906142771244049,skin,skin_model.keras,False,True
PAT_1547_1874_432.png,E:\Mega project\MedvisionAi-\ML-Model\data\Test\FYP skin disease Dataset\Actinic Keratosis\PAT_1547_1874_432.png,Actinic Keratosis,Basal Cell Carcinoma,0.5437363386154175,skin,skin_model.keras,False,False
PAT_1547_1875_436.png,E:\Mega project\MedvisionAi-\ML-Model\data\Test\FYP skin disease Dataset\Actinic Keratosis\PAT_1547_1875_436.png,Actinic Keratosis,Basal Cell Carcinoma,0.6559914350509644,skin,skin_model.keras,False,False
PAT_1729_3235_712.png,E:\Mega project\MedvisionAi-\ML-Model\data\Test\FYP skin disease Dataset\Actinic Keratosis\PAT_1729_3235_712.png,Actinic Keratosis,Seborrheic Keratosis,0.35462555289268494,skin,skin_model.keras,False,True
PAT_1805_3477_772.png,E:\Mega project\MedvisionAi-\ML-Model\data\Test\FYP skin disease Dataset\Actinic Keratosis\PAT_1805_3477_772.png,Actinic Keratosis,Seborrheic Keratosis,0.26755475997924805,skin,skin_model.keras,False,True
PAT_1849_3629_214.png,E:\Mega project\MedvisionAi-\ML-Model\data\Test\FYP skin disease Dataset\Actinic Keratosis\PAT_1849_3629_214.png,Actinic Keratosis,Melanocytic Nevus (Nevus),0.5163649320602417,skin,skin_model.keras,False,False
PAT_1884_3730_813.png,E:\Mega project\MedvisionAi-\ML-Model\data\Test\FYP skin disease Dataset\Actinic Keratosis\PAT_1884_3730_813.png,Actinic Keratosis,Acne,0.8686500191688538,skin,skin_model.keras,True,False
PAT_2021_4180_381.png,E:\Mega project\MedvisionAi-\ML-Model\data\Test\FYP skin disease Dataset\Actinic Keratosis\PAT_2021_4180_381.png,Actinic Keratosis,Acne,0.5301238894462585,skin,skin_model.keras,False,False
PAT_246_377_159.png,E:\Mega project\MedvisionAi-\ML-Model\data\Test\FYP skin disease Dataset\Actinic Keratosis\PAT_246_377_159.png,Actinic Keratosis,Seborrheic Keratosis,0.40458565950393677,skin,skin_model.keras,False,True
PAT_263_404_410.png,E:\Mega project\MedvisionAi-\ML-Model\data\Test\FYP skin disease Dataset\Actinic Keratosis\PAT_263_404_410.png,Actinic Keratosis,Basal Cell Carcinoma,0.4127834439277649,skin,skin_model.keras,False,True
PAT_276_425_539.png,E:\Mega project\MedvisionAi-\ML-Model\data\Test\FYP skin disease Dataset\Actinic Keratosis\PAT_276_425_539.png,Actinic Keratosis,Seborrheic Keratosis,0.7020898461341858,skin,skin_model.keras,False,False
PAT_337_1697_721.png,E:\Mega project\MedvisionAi-\ML-Model\data\Test\FYP skin disease Dataset\Actinic Keratosis\PAT_337_1697_721.png,Actinic Keratosis,Seborrheic Keratosis,0.31466153264045715,skin,skin_model.keras,False,True
PAT_36_50_14.png,E:\Mega project\MedvisionAi-\ML-Model\data\Test\FYP skin disease Dataset\Actinic Keratosis\PAT_36_50_14.png,Actinic Keratosis,Seborrheic Keratosis,0.8104456067085266,skin,skin_model.keras,True,False
PAT_388_1589_976.png,E:\Mega project\MedvisionAi-\ML-Model\data\Test\FYP skin disease Dataset\Actinic Keratosis\PAT_388_1589_976.png,Actinic Keratosis,Melanocytic Nevus (Nevus),0.41973137855529785,skin,skin_model.keras,False,True
PAT_571_1097_652.png,E:\Mega project\MedvisionAi-\ML-Model\data\Test\FYP skin disease Dataset\Actinic Keratosis\PAT_571_1097_652.png,Actinic Keratosis,Basal Cell Carcinoma,0.7664142847061157,skin,skin_model.keras,True,False
PAT_69_1053_332.png,E:\Mega project\MedvisionAi-\ML-Model\data\Test\FYP skin disease Dataset\Actinic Keratosis\PAT_69_1053_332.png,Actinic Keratosis,Basal Cell Carcinoma,0.7323780059814453,skin,skin_model.keras,False,False
PAT_704_1323_974.png,E:\Mega project\MedvisionAi-\ML-Model\data\Test\FYP skin disease Dataset\Actinic Keratosis\PAT_704_1323_974.png,Actinic Keratosis,Seborrheic Keratosis,0.5390541553497314,skin,skin_model.keras,False,False
PAT_71_108_56.png,E:\Mega project\MedvisionAi-\ML-Model\data\Test\FYP skin disease Dataset\Actinic Keratosis\PAT_71_108_56.png,Actinic Keratosis,Basal Cell Carcinoma,0.4109768867492676,skin,skin_model.keras,False,True
PAT_747_1410_179.png,E:\Mega project\MedvisionAi-\ML-Model\data\Test\FYP skin disease Dataset\Actinic Keratosis\PAT_747_1410_179.png,Actinic Keratosis,Seborrheic Keratosis,0.4482605457305908,skin,skin_model.keras,False,True
PAT_861_1639_823.png,E:\Mega project\MedvisionAi-\ML-Model\data\Test\FYP skin disease Dataset\Actinic Keratosis\PAT_861_1639_823.png,Actinic Keratosis,Basal Cell Carcinoma,0.7606654167175293,skin,skin_model.keras,True,False
PAT_987_1859_859.png,E:\Mega project\MedvisionAi-\ML-Model\data\Test\FYP skin disease Dataset\Actinic Keratosis\PAT_987_1859_859.png,Actinic Keratosis,Basal Cell Carcinoma,0.6331621408462524,skin,skin_model.keras,False,False
PAT_996_6_622.png,E:\Mega project\MedvisionAi-\ML-Model\data\Test\FYP skin disease Dataset\Actinic Keratosis\PAT_996_6_622.png,Actinic Keratosis,Melanocytic Nevus (Nevus),0.3409443795681,skin,skin_model.keras,False,True
BCN_0000001117.jpg,E:\Mega project\MedvisionAi-\ML-Model\data\Test\FYP skin disease Dataset\Basal Cell Carcinoma\BCN_0000001117.jpg,Basal Cell Carcinoma,Melanoma,0.6253327131271362,skin,skin_model.keras,False,False
BCN_0000002413.jpg,E:\Mega project\MedvisionAi-\ML-Model\data\Test\FYP skin disease Dataset\Basal Cell Carcinoma\BCN_0000002413.jpg,Basal Cell Carcinoma,Squamous Cell Carcinoma,0.666664183139801,skin,skin_model.keras,False,False
BCN_0000002872.jpg,E:\Mega project\MedvisionAi-\ML-Model\data\Test\FYP skin disease Dataset\Basal Cell Carcinoma\BCN_0000002872.jpg,Basal Cell Carcinoma,Squamous Cell Carcinoma,0.6928738355636597,skin,skin_model.keras,False,False
BCN_0000003783.jpg,E:\Mega project\MedvisionAi-\ML-Model\data\Test\FYP skin disease Dataset\Basal Cell Carcinoma\BCN_0000003783.jpg,Basal Cell Carcinoma,Melanoma,0.2743808627128601,skin,skin_model.keras,False,True
BCN_0000005889.jpg,E:\Mega project\MedvisionAi-\ML-Model\data\Test\FYP skin disease Dataset\Basal Cell Carcinoma\BCN_0000005889.jpg,Basal Cell Carcinoma,Melanoma,0.5847234725952148,skin,skin_model.keras,False,False
BCN_0000006733.jpg,E:\Mega project\MedvisionAi-\ML-Model\data\Test\FYP skin disease Dataset\Basal Cell Carcinoma\BCN_0000006733.jpg,Basal Cell Carcinoma,Melanoma,0.41086098551750183,skin,skin_model.keras,False,True
BCN_0000007669.jpg,E:\Mega project\MedvisionAi-\ML-Model\data\Test\FYP skin disease Dataset\Basal Cell Carcinoma\BCN_0000007669.jpg,Basal Cell Carcinoma,Seborrheic Keratosis,0.6912002563476562,skin,skin_model.keras,False,False
BCN_0000008139.jpg,E:\Mega project\MedvisionAi-\ML-Model\data\Test\FYP skin disease Dataset\Basal Cell Carcinoma\BCN_0000008139.jpg,Basal Cell Carcinoma,Seborrheic Keratosis,0.35979294776916504,skin,skin_model.keras,False,True
BCN_0000008340.jpg,E:\Mega project\MedvisionAi-\ML-Model\data\Test\FYP skin disease Dataset\Basal Cell Carcinoma\BCN_0000008340.jpg,Basal Cell Carcinoma,Melanoma,0.43545442819595337,skin,skin_model.keras,False,True
BCN_0000008972.jpg,E:\Mega project\MedvisionAi-\ML-Model\data\Test\FYP skin disease Dataset\Basal Cell Carcinoma\BCN_0000008972.jpg,Basal Cell Carcinoma,Melanocytic Nevus (Nevus),0.5777804851531982,skin,skin_model.keras,False,False
BCN_0000009186.jpg,E:\Mega project\MedvisionAi-\ML-Model\data\Test\FYP skin disease Dataset\Basal Cell Carcinoma\BCN_0000009186.jpg,Basal Cell Carcinoma,Melanocytic Nevus (Nevus),0.5925809741020203,skin,skin_model.keras,False,False
BCN_0000009192.jpg,E:\Mega project\MedvisionAi-\ML-Model\data\Test\FYP skin disease Dataset\Basal Cell Carcinoma\BCN_0000009192.jpg,Basal Cell Carcinoma,Melanocytic Nevus (Nevus),0.5326554775238037,skin,skin_model.keras,False,False
BCN_0000011678.jpg,E:\Mega project\MedvisionAi-\ML-Model\data\Test\FYP skin disease Dataset\Basal Cell Carcinoma\BCN_0000011678.jpg,Basal Cell Carcinoma,Melanocytic Nevus (Nevus),0.43398788571357727,skin,skin_model.keras,False,True
BCN_0000012654.jpg,E:\Mega project\MedvisionAi-\ML-Model\data\Test\FYP skin disease Dataset\Basal Cell Carcinoma\BCN_0000012654.jpg,Basal Cell Carcinoma,Melanocytic Nevus (Nevus),0.5566334128379822,skin,skin_model.keras,False,False
BCN_0000012760.jpg,E:\Mega project\MedvisionAi-\ML-Model\data\Test\FYP skin disease Dataset\Basal Cell Carcinoma\BCN_0000012760.jpg,Basal Cell Carcinoma,Melanoma,0.49674779176712036,skin,skin_model.keras,False,True
BCN_0000013903.jpg,E:\Mega project\MedvisionAi-\ML-Model\data\Test\FYP skin disease Dataset\Basal Cell Carcinoma\BCN_0000013903.jpg,Basal Cell Carcinoma,Melanocytic Nevus (Nevus),0.8795561194419861,skin,skin_model.keras,True,False
BCN_0000014561.jpg,E:\Mega project\MedvisionAi-\ML-Model\data\Test\FYP skin disease Dataset\Basal Cell Carcinoma\BCN_0000014561.jpg,Basal Cell Carcinoma,Melanocytic Nevus (Nevus),0.4860075116157532,skin,skin_model.keras,False,True
BCN_0000016325.jpg,E:\Mega project\MedvisionAi-\ML-Model\data\Test\FYP skin disease Dataset\Basal Cell Carcinoma\BCN_0000016325.jpg,Basal Cell Carcinoma,Melanoma,0.6953414082527161,skin,skin_model.keras,False,False
BCN_0000016805.jpg,E:\Mega project\MedvisionAi-\ML-Model\data\Test\FYP skin disease Dataset\Basal Cell Carcinoma\BCN_0000016805.jpg,Basal Cell Carcinoma,Melanocytic Nevus (Nevus),0.5230985283851624,skin,skin_model.keras,False,False
BCN_0000017265.jpg,E:\Mega project\MedvisionAi-\ML-Model\data\Test\FYP skin disease Dataset\Basal Cell Carcinoma\BCN_0000017265.jpg,Basal Cell Carcinoma,Squamous Cell Carcinoma,0.5319908261299133,skin,skin_model.keras,False,False
BCN_0000017680.jpg,E:\Mega project\MedvisionAi-\ML-Model\data\Test\FYP skin disease Dataset\Basal Cell Carcinoma\BCN_0000017680.jpg,Basal Cell Carcinoma,Melanoma,0.30591970682144165,skin,skin_model.keras,False,True
BCN_0000017718.jpg,E:\Mega project\MedvisionAi-\ML-Model\data\Test\FYP skin disease Dataset\Basal Cell Carcinoma\BCN_0000017718.jpg,Basal Cell Carcinoma,Melanoma,0.474080353975296,skin,skin_model.keras,False,True
BCN_0000018025.jpg,E:\Mega project\MedvisionAi-\ML-Model\data\Test\FYP skin disease Dataset\Basal Cell Carcinoma\BCN_0000018025.jpg,Basal Cell Carcinoma,Melanocytic Nevus (Nevus),0.378000944852829,skin,skin_model.keras,False,True
ISIC_0024564.jpg,E:\Mega project\MedvisionAi-\ML-Model\data\Test\FYP skin disease Dataset\Basal Cell Carcinoma\ISIC_0024564.jpg,Basal Cell Carcinoma,Squamous Cell Carcinoma,0.46920666098594666,skin,skin_model.keras,False,True
ISIC_0024595.jpg,E:\Mega project\MedvisionAi-\ML-Model\data\Test\FYP skin disease Dataset\Basal Cell Carcinoma\ISIC_0024595.jpg,Basal Cell Carcinoma,Melanocytic Nevus (Nevus),0.5191271901130676,skin,skin_model.keras,False,False
ISIC_0025046.jpg,E:\Mega project\MedvisionAi-\ML-Model\data\Test\FYP skin disease Dataset\Basal Cell Carcinoma\ISIC_0025046.jpg,Basal Cell Carcinoma,Melanocytic Nevus (Nevus),0.71306973695755,skin,skin_model.keras,False,False
ISIC_0025102.jpg,E:\Mega project\MedvisionAi-\ML-Model\data\Test\FYP skin disease Dataset\Basal Cell Carcinoma\ISIC_0025102.jpg,Basal Cell Carcinoma,Melanocytic Nevus (Nevus),0.5928409099578857,skin,skin_model.keras,False,False
ISIC_0025691.jpg,E:\Mega project\MedvisionAi-\ML-Model\data\Test\FYP skin disease Dataset\Basal Cell Carcinoma\ISIC_0025691.jpg,Basal Cell Carcinoma,Melanocytic Nevus (Nevus),0.5859588384628296,skin,skin_model.keras,False,False
ISIC_0025793.jpg,E:\Mega project\MedvisionAi-\ML-Model\data\Test\FYP skin disease Dataset\Basal Cell Carcinoma\ISIC_0025793.jpg,Basal Cell Carcinoma,Melanoma,0.3628719747066498,skin,skin_model.keras,False,True
ISIC_0026433.jpg,E:\Mega project\MedvisionAi-\ML-Model\data\Test\FYP skin disease Dataset\Basal Cell Carcinoma\ISIC_0026433.jpg,Basal Cell Carcinoma,Melanocytic Nevus (Nevus),0.6711495518684387,skin,skin_model.keras,False,False
ISIC_0026902.jpg,E:\Mega project\MedvisionAi-\ML-Model\data\Test\FYP skin disease Dataset\Basal Cell Carcinoma\ISIC_0026902.jpg,Basal Cell Carcinoma,Melanoma,0.5448638200759888,skin,skin_model.keras,False,False
ISIC_0026970.jpg,E:\Mega project\MedvisionAi-\ML-Model\data\Test\FYP skin disease Dataset\Basal Cell Carcinoma\ISIC_0026970.jpg,Basal Cell Carcinoma,Melanocytic Nevus (Nevus),0.365858793258667,skin,skin_model.keras,False,True
ISIC_0027175.jpg,E:\Mega project\MedvisionAi-\ML-Model\data\Test\FYP skin disease Dataset\Basal Cell Carcinoma\ISIC_0027175.jpg,Basal Cell Carcinoma,Melanoma,0.4643709063529968,skin,skin_model.keras,False,True
ISIC_0027291.jpg,E:\Mega project\MedvisionAi-\ML-Model\data\Test\FYP skin disease Dataset\Basal Cell Carcinoma\ISIC_0027291.jpg,Basal Cell Carcinoma,Melanocytic Nevus (Nevus),0.5941731929779053,skin,skin_model.keras,False,False
ISIC_0027478.jpg,E:\Mega project\MedvisionAi-\ML-Model\data\Test\FYP skin disease Dataset\Basal Cell Carcinoma\ISIC_0027478.jpg,Basal Cell Carcinoma,Melanocytic Nevus (Nevus),0.3760208189487457,skin,skin_model.keras,False,True
ISIC_0027601.jpg,E:\Mega project\MedvisionAi-\ML-Model\data\Test\FYP skin disease Dataset\Basal Cell Carcinoma\ISIC_0027601.jpg,Basal Cell Carcinoma,Melanocytic Nevus (Nevus),0.4178140163421631,skin,skin_model.keras,False,True
ISIC_0028050.jpg,E:\Mega project\MedvisionAi-\ML-Model\data\Test\FYP skin disease Dataset\Basal Cell Carcinoma\ISIC_0028050.jpg,Basal Cell Carcinoma,Melanoma,0.44771841168403625,skin,skin_model.keras,False,True
ISIC_0028079.jpg,E:\Mega project\MedvisionAi-\ML-Model\data\Test\FYP skin disease Dataset\Basal Cell Carcinoma\ISIC_0028079.jpg,Basal Cell Carcinoma,Melanoma,0.4105556905269623,skin,skin_model.keras,False,True
ISIC_0028858.jpg,E:\Mega project\MedvisionAi-\ML-Model\data\Test\FYP skin disease Dataset\Basal Cell Carcinoma\ISIC_0028858.jpg,Basal Cell Carcinoma,Melanocytic Nevus (Nevus),0.5994425415992737,skin,skin_model.keras,False,False
ISIC_0029192.jpg,E:\Mega project\MedvisionAi-\ML-Model\data\Test\FYP skin disease Dataset\Basal Cell Carcinoma\ISIC_0029192.jpg,Basal Cell Carcinoma,Melanocytic Nevus (Nevus),0.4996115565299988,skin,skin_model.keras,False,True
ISIC_0029220.jpg,E:\Mega project\MedvisionAi-\ML-Model\data\Test\FYP skin disease Dataset\Basal Cell Carcinoma\ISIC_0029220.jpg,Basal Cell Carcinoma,Melanoma,0.5542935132980347,skin,skin_model.keras,False,False
ISIC_0029352.jpg,E:\Mega project\MedvisionAi-\ML-Model\data\Test\FYP skin disease Dataset\Basal Cell Carcinoma\ISIC_0029352.jpg,Basal Cell Carcinoma,Melanocytic Nevus (Nevus),0.3758041262626648,skin,skin_model.keras,False,True
ISIC_0029857.jpg,E:\Mega project\MedvisionAi-\ML-Model\data\Test\FYP skin disease Dataset\Basal Cell Carcinoma\ISIC_0029857.jpg,Basal Cell Carcinoma,Melanocytic Nevus (Nevus),0.5801767706871033,skin,skin_model.keras,False,False
ISIC_0030114.jpg,E:\Mega project\MedvisionAi-\ML-Model\data\Test\FYP skin disease Dataset\Basal Cell Carcinoma\ISIC_0030114.jpg,Basal Cell Carcinoma,Squamous Cell Carcinoma,0.559244692325592,skin,skin_model.keras,False,False
ISIC_0030138.jpg,E:\Mega project\MedvisionAi-\ML-Model\data\Test\FYP skin disease Dataset\Basal Cell Carcinoma\ISIC_0030138.jpg,Basal Cell Carcinoma,Melanocytic Nevus (Nevus),0.4288451373577118,skin,skin_model.keras,False,True
ISIC_0030511.jpg,E:\Mega project\MedvisionAi-\ML-Model\data\Test\FYP skin disease Dataset\Basal Cell Carcinoma\ISIC_0030511.jpg,Basal Cell Carcinoma,Melanocytic Nevus (Nevus),0.6187735199928284,skin,skin_model.keras,False,False
ISIC_0030868.jpg,E:\Mega project\MedvisionAi-\ML-Model\data\Test\FYP skin disease Dataset\Basal Cell Carcinoma\ISIC_0030868.jpg,Basal Cell Carcinoma,Melanocytic Nevus (Nevus),0.2857513129711151,skin,skin_model.keras,False,True
ISIC_0031041.jpg,E:\Mega project\MedvisionAi-\ML-Model\data\Test\FYP skin disease Dataset\Basal Cell Carcinoma\ISIC_0031041.jpg,Basal Cell Carcinoma,Squamous Cell Carcinoma,0.37066349387168884,skin,skin_model.keras,False,True
ISIC_0031057.jpg,E:\Mega project\MedvisionAi-\ML-Model\data\Test\FYP skin disease Dataset\Basal Cell Carcinoma\ISIC_0031057.jpg,Basal Cell Carcinoma,Melanoma,0.5325555205345154,skin,skin_model.keras,False,False
ISIC_0031171.jpg,E:\Mega project\MedvisionAi-\ML-Model\data\Test\FYP skin disease Dataset\Basal Cell Carcinoma\ISIC_0031171.jpg,Basal Cell Carcinoma,Melanocytic Nevus (Nevus),0.5496509671211243,skin,skin_model.keras,False,False
ISIC_0031236.jpg,E:\Mega project\MedvisionAi-\ML-Model\data\Test\FYP skin disease Dataset\Basal Cell Carcinoma\ISIC_0031236.jpg,Basal Cell Carcinoma,Melanocytic Nevus (Nevus),0.577017605304718,skin,skin_model.keras,False,False
ISIC_0031378.jpg,E:\Mega project\MedvisionAi-\ML-Model\data\Test\FYP skin disease Dataset\Basal Cell Carcinoma\ISIC_0031378.jpg,Basal Cell Carcinoma,Melanocytic Nevus (Nevus),0.5645177364349365,skin,skin_model.keras,False,False
ISIC_0031384.jpg,E:\Mega project\MedvisionAi-\ML-Model\data\Test\FYP skin disease Dataset\Basal Cell Carcinoma\ISIC_0031384.jpg,Basal Cell Carcinoma,Melanocytic Nevus (Nevus),0.2923296093940735,skin,skin_model.keras,False,True
ISIC_0031520.jpg,E:\Mega project\MedvisionAi-\ML-Model\data\Test\FYP skin disease Dataset\Basal Cell Carcinoma\ISIC_0031520.jpg,Basal Cell Carcinoma,Melanocytic Nevus (Nevus),0.6015031933784485,skin,skin_model.keras,False,False
ISIC_0031526.jpg,E:\Mega project\MedvisionAi-\ML-Model\data\Test\FYP skin disease Dataset\Basal Cell Carcinoma\ISIC_0031526.jpg,Basal Cell Carcinoma,Melanocytic Nevus (Nevus),0.7752383351325989,skin,skin_model.keras,True,False
ISIC_0031539.jpg,E:\Mega project\MedvisionAi-\ML-Model\data\Test\FYP skin disease Dataset\Basal Cell Carcinoma\ISIC_0031539.jpg,Basal Cell Carcinoma,Melanocytic Nevus (Nevus),0.38989415764808655,skin,skin_model.keras,False,True
ISIC_0031698.jpg,E:\Mega project\MedvisionAi-\ML-Model\data\Test\FYP skin disease Dataset\Basal Cell Carcinoma\ISIC_0031698.jpg,Basal Cell Carcinoma,Melanocytic Nevus (Nevus),0.5861189961433411,skin,skin_model.keras,False,False
ISIC_0031749.jpg,E:\Mega project\MedvisionAi-\ML-Model\data\Test\FYP skin disease Dataset\Basal Cell Carcinoma\ISIC_0031749.jpg,Basal Cell Carcinoma,Melanocytic Nevus (Nevus),0.3045854866504669,skin,skin_model.keras,False,True
ISIC_0032139.jpg,E:\Mega project\MedvisionAi-\ML-Model\data\Test\FYP skin disease Dataset\Basal Cell Carcinoma\ISIC_0032139.jpg,Basal Cell Carcinoma,Melanocytic Nevus (Nevus),0.39616647362709045,skin,skin_model.keras,False,True
ISIC_0032316.jpg,E:\Mega project\MedvisionAi-\ML-Model\data\Test\FYP skin disease Dataset\Basal Cell Carcinoma\ISIC_0032316.jpg,Basal Cell Carcinoma,Melanocytic Nevus (Nevus),0.4321043789386749,skin,skin_model.keras,False,True
ISIC_0032415.jpg,E:\Mega project\MedvisionAi-\ML-Model\data\Test\FYP skin disease Dataset\Basal Cell Carcinoma\ISIC_0032415.jpg,Basal Cell Carcinoma,Melanocytic Nevus (Nevus),0.4518830180168152,skin,skin_model.keras,False,True
ISIC_0032652.jpg,E:\Mega project\MedvisionAi-\ML-Model\data\Test\FYP skin disease Dataset\Basal Cell Carcinoma\ISIC_0032652.jpg,Basal Cell Carcinoma,Melanocytic Nevus (Nevus),0.37637701630592346,skin,skin_model.keras,False,True
ISIC_0032768.jpg,E:\Mega project\MedvisionAi-\ML-Model\data\Test\FYP skin disease Dataset\Basal Cell Carcinoma\ISIC_0032768.jpg,Basal Cell Carcinoma,Melanocytic Nevus (Nevus),0.6112119555473328,skin,skin_model.keras,False,False
ISIC_0032816.jpg,E:\Mega project\MedvisionAi-\ML-Model\data\Test\FYP skin disease Dataset\Basal Cell Carcinoma\ISIC_0032816.jpg,Basal Cell Carcinoma,Melanocytic Nevus (Nevus),0.7533702850341797,skin,skin_model.keras,True,False
ISIC_0033483.jpg,E:\Mega project\MedvisionAi-\ML-Model\data\Test\FYP skin disease Dataset\Basal Cell Carcinoma\ISIC_0033483.jpg,Basal Cell Carcinoma,Melanoma,0.33868327736854553,skin,skin_model.keras,False,True
ISIC_0034160.jpg,E:\Mega project\MedvisionAi-\ML-Model\data\Test\FYP skin disease Dataset\Basal Cell Carcinoma\ISIC_0034160.jpg,Basal Cell Carcinoma,Melanocytic Nevus (Nevus),0.46377405524253845,skin,skin_model.keras,False,True
PAT_104_1756_151.png,E:\Mega project\MedvisionAi-\ML-Model\data\Test\FYP skin disease Dataset\Basal Cell Carcinoma\PAT_104_1756_151.png,Basal Cell Carcinoma,Actinic Keratosis,0.9286728501319885,skin,skin_model.keras,True,False
PAT_117_179_983.png,E:\Mega project\MedvisionAi-\ML-Model\data\Test\FYP skin disease Dataset\Basal Cell Carcinoma\PAT_117_179_983.png,Basal Cell Carcinoma,Seborrheic Keratosis,0.48973751068115234,skin,skin_model.keras,False,True
PAT_168_261_38.png,E:\Mega project\MedvisionAi-\ML-Model\data\Test\FYP skin disease Dataset\Basal Cell Carcinoma\PAT_168_261_38.png,Basal Cell Carcinoma,Melanocytic Nevus (Nevus),0.45864295959472656,skin,skin_model.keras,False,True
PAT_168_262_292.png,E:\Mega project\MedvisionAi-\ML-Model\data\Test\FYP skin disease Dataset\Basal Cell Carcinoma\PAT_168_262_292.png,Basal Cell Carcinoma,Seborrheic Keratosis,0.445181667804718,skin,skin_model.keras,False,True
PAT_170_264_785.png,E:\Mega project\MedvisionAi-\ML-Model\data\Test\FYP skin disease Dataset\Basal Cell Carcinoma\PAT_170_264_785.png,Basal Cell Carcinoma,Seborrheic Keratosis,0.34879547357559204,skin,skin_model.keras,False,True
PAT_200_304_139.png,E:\Mega project\MedvisionAi-\ML-Model\data\Test\FYP skin disease Dataset\Basal Cell Carcinoma\PAT_200_304_139.png,Basal Cell Carcinoma,Melanocytic Nevus (Nevus),0.5487738847732544,skin,skin_model.keras,False,False
PAT_223_341_187.png,E:\Mega project\MedvisionAi-\ML-Model\data\Test\FYP skin disease Dataset\Basal Cell Carcinoma\PAT_223_341_187.png,Basal Cell Carcinoma,Seborrheic Keratosis,0.42575567960739136,skin,skin_model.keras,False,True
PAT_272_419_906.png,E:\Mega project\MedvisionAi-\ML-Model\data\Test\FYP skin disease Dataset\Basal Cell Carcinoma\PAT_272_419_906.png,Basal Cell Carcinoma,Seborrheic Keratosis,0.44597429037094116,skin,skin_model.keras,False,True
PAT_299_1452_1.png,E:\Mega project\MedvisionAi-\ML-Model\data\Test\FYP skin disease Dataset\Basal Cell Carcinoma\PAT_299_1452_1.png,Basal Cell Carcinoma,Actinic Keratosis,0.5550739169120789,skin,skin_model.keras,False,False
PAT_316_674_924.png,E:\Mega project\MedvisionAi-\ML-Model\data\Test\FYP skin disease Dataset\Basal Cell Carcinoma\PAT_316_674_924.png,Basal Cell Carcinoma,Actinic Keratosis,0.569004476070404,skin,skin_model.keras,False,False
PAT_375_763_980.png,E:\Mega project\MedvisionAi-\ML-Model\data\Test\FYP skin disease Dataset\Basal Cell Carcinoma\PAT_375_763_980.png,Basal Cell Carcinoma,Actinic Keratosis,0.3875901699066162,skin,skin_model.keras,False,True
PAT_42_58_13.png,E:\Mega project\MedvisionAi-\ML-Model\data\Test\FYP skin disease Dataset\Basal Cell Carcinoma\PAT_42_58_13.png,Basal Cell Carcinoma,Melanocytic Nevus (Nevus),0.36859631538391113,skin,skin_model.keras,False,True
PAT_645_1223_124.png,E:\Mega project\MedvisionAi-\ML-Model\data\Test\FYP skin disease Dataset\Basal Cell Carcinoma\PAT_645_1223_124.png,Basal Cell Carcinoma,Seborrheic Keratosis,0.34180137515068054,skin,skin_model.keras,False,True
PAT_709_1331_253.png,E:\Mega project\MedvisionAi-\ML-Model\data\Test\FYP skin disease Dataset\Basal Cell Carcinoma\PAT_709_1331_253.png,Basal Cell Carcinoma,Seborrheic Keratosis,0.529552161693573,skin,skin_model.keras,False,False
PAT_727_1373_776.png,E:\Mega project\MedvisionAi-\ML-Model\data\Test\FYP skin disease Dataset\Basal Cell Carcinoma\PAT_727_1373_776.png,Basal Cell Carcinoma,Actinic Keratosis,0.3947657644748688,skin,skin_model.keras,False,True
PAT_745_1406_409.png,E:\Mega project\MedvisionAi-\ML-Model\data\Test\FYP skin disease Dataset\Basal Cell Carcinoma\PAT_745_1406_409.png,Basal Cell Carcinoma,Actinic Keratosis,0.4715235233306885,skin,skin_model.keras,False,True
PAT_747_1408_965.png,E:\Mega project\MedvisionAi-\ML-Model\data\Test\FYP skin disease Dataset\Basal Cell Carcinoma\PAT_747_1408_965.png,Basal Cell Carcinoma,Melanocytic Nevus (Nevus),0.5165614485740662,skin,skin_model.keras,False,False
PAT_760_1456_878.png,E:\Mega project\MedvisionAi-\ML-Model\data\Test\FYP skin disease Dataset\Basal Cell Carcinoma\PAT_760_1456_878.png,Basal Cell Carcinoma,Seborrheic Keratosis,0.44564905762672424,skin,skin_model.keras,False,True
PAT_766_1444_52.png,E:\Mega project\MedvisionAi-\ML-Model\data\Test\FYP skin disease Dataset\Basal Cell Carcinoma\PAT_766_1444_52.png,Basal Cell Carcinoma,Melanocytic Nevus (Nevus),0.23473283648490906,skin,skin_model.keras,False,True
PAT_778_1471_911.png,E:\Mega project\MedvisionAi-\ML-Model\data\Test\FYP skin disease Dataset\Basal Cell Carcinoma\PAT_778_1471_911.png,Basal Cell Carcinoma,Melanocytic Nevus (Nevus),0.43257763981819153,skin,skin_model.keras,False,True
PAT_781_1474_517.png,E:\Mega project\MedvisionAi-\ML-Model\data\Test\FYP skin disease Dataset\Basal Cell Carcinoma\PAT_781_1474_517.png,Basal Cell Carcinoma,Acne,0.5383857488632202,skin,skin_model.keras,False,False
PAT_800_1513_509.png,E:\Mega project\MedvisionAi-\ML-Model\data\Test\FYP skin disease Dataset\Basal Cell Carcinoma\PAT_800_1513_509.png,Basal Cell Carcinoma,Seborrheic Keratosis,0.6503438949584961,skin,skin_model.keras,False,False
PAT_817_1537_643.png,E:\Mega project\MedvisionAi-\ML-Model\data\Test\FYP skin disease Dataset\Basal Cell Carcinoma\PAT_817_1537_643.png,Basal Cell Carcinoma,Dermatofibroma,0.6463019847869873,skin,skin_model.keras,False,False
PAT_822_1550_826.png,E:\Mega project\MedvisionAi-\ML-Model\data\Test\FYP skin disease Dataset\Basal Cell Carcinoma\PAT_822_1550_826.png,Basal Cell Carcinoma,Seborrheic Keratosis,0.38926297426223755,skin,skin_model.keras,False,True
PAT_823_1556_787.png,E:\Mega project\MedvisionAi-\ML-Model\data\Test\FYP skin disease Dataset\Basal Cell Carcinoma\PAT_823_1556_787.png,Basal Cell Carcinoma,Seborrheic Keratosis,0.41998714208602905,skin,skin_model.keras,False,True
000215VB.jpg,E:\Mega project\MedvisionAi-\ML-Model\data\Test\FYP skin disease Dataset\Dermatofibroma\000215VB.jpg,Dermatofibroma,Seborrheic Keratosis,0.7134020328521729,skin,skin_model.keras,False,False
0031_TotalFocus.png,E:\Mega project\MedvisionAi-\ML-Model\data\Test\FYP skin disease Dataset\Dermatofibroma\0031_TotalFocus.png,Dermatofibroma,Seborrheic Keratosis,0.7868892550468445,skin,skin_model.keras,True,False
0033_TotalFocus.png,E:\Mega project\MedvisionAi-\ML-Model\data\Test\FYP skin disease Dataset\Dermatofibroma\0033_TotalFocus.png,Dermatofibroma,Seborrheic Keratosis,0.5447658896446228,skin,skin_model.keras,False,False
023250HB.jpg,E:\Mega project\MedvisionAi-\ML-Model\data\Test\FYP skin disease Dataset\Dermatofibroma\023250HB.jpg,Dermatofibroma,Basal Cell Carcinoma,0.2919420897960663,skin,skin_model.keras,False,True
dermatofibroma-108.jpg,E:\Mega project\MedvisionAi-\ML-Model\data\Test\FYP skin disease Dataset\Dermatofibroma\dermatofibroma-108.jpg,Dermatofibroma,Melanocytic Nevus (Nevus),0.8672762513160706,skin,skin_model.keras,True,False
dermatofibroma-11.jpg,E:\Mega project\MedvisionAi-\ML-Model\data\Test\FYP skin disease Dataset\Dermatofibroma\dermatofibroma-11.jpg,Dermatofibroma,Melanoma,0.3209514617919922,skin,skin_model.keras,False,True
dermatofibroma-111.jpg,E:\Mega project\MedvisionAi-\ML-Model\data\Test\FYP skin disease Dataset\Dermatofibroma\dermatofibroma-111.jpg,Dermatofibroma,Basal Cell Carcinoma,0.3170118033885956,skin,skin_model.keras,False,True
dermatofibroma-133.jpg,E:\Mega project\MedvisionAi-\ML-Model\data\Test\FYP skin disease Dataset\Dermatofibroma\dermatofibroma-133.jpg,Dermatofibroma,Melanocytic Nevus (Nevus),0.8608863353729248,skin,skin_model.keras,True,False
dermatofibroma-22.jpg,E:\Mega project\MedvisionAi-\ML-Model\data\Test\FYP skin disease Dataset\Dermatofibroma\dermatofibroma-22.jpg,Dermatofibroma,Melanocytic Nevus (Nevus),0.6925019025802612,skin,skin_model.keras,False,False
dermatofibroma-27.jpg,E:\Mega project\MedvisionAi-\ML-Model\data\Test\FYP skin disease Dataset\Dermatofibroma\dermatofibroma-27.jpg,Dermatofibroma,Melanocytic Nevus (Nevus),0.2775387763977051,skin,skin_model.keras,False,True
dermatofibroma-28.jpg,E:\Mega project\MedvisionAi-\ML-Model\data\Test\FYP skin disease Dataset\Dermatofibroma\dermatofibroma-28.jpg,Dermatofibroma,Basal Cell Carcinoma,0.7137903571128845,skin,skin_model.keras,False,False
dermatofibroma-33.jpg,E:\Mega project\MedvisionAi-\ML-Model\data\Test\FYP skin disease Dataset\Dermatofibroma\dermatofibroma-33.jpg,Dermatofibroma,Melanocytic Nevus (Nevus),0.43865007162094116,skin,skin_model.keras,False,True
dermatofibroma-38.jpg,E:\Mega project\MedvisionAi-\ML-Model\data\Test\FYP skin disease Dataset\Dermatofibroma\dermatofibroma-38.jpg,Dermatofibroma,Melanocytic Nevus (Nevus),0.9440200924873352,skin,skin_model.keras,True,False
dermatofibroma-41.jpg,E:\Mega project\MedvisionAi-\ML-Model\data\Test\FYP skin disease Dataset\Dermatofibroma\dermatofibroma-41.jpg,Dermatofibroma,Melanoma,0.3263774514198303,skin,skin_model.keras,False,True
dermatofibroma-43.jpg,E:\Mega project\MedvisionAi-\ML-Model\data\Test\FYP skin disease Dataset\Dermatofibroma\dermatofibroma-43.jpg,Dermatofibroma,Melanocytic Nevus (Nevus),0.43022221326828003,skin,skin_model.keras,False,True
dermatofibroma-66.jpg,E:\Mega project\MedvisionAi-\ML-Model\data\Test\FYP skin disease Dataset\Dermatofibroma\dermatofibroma-66.jpg,Dermatofibroma,Melanocytic Nevus (Nevus),0.4144328236579895,skin,skin_model.keras,False,True
dermatofibroma-89.jpg,E:\Mega project\MedvisionAi-\ML-Model\data\Test\FYP skin disease Dataset\Dermatofibroma\dermatofibroma-89.jpg,Dermatofibroma,Seborrheic Keratosis,0.6617639064788818,skin,skin_model.keras,False,False
ISIC_0024386.jpg,E:\Mega project\MedvisionAi-\ML-Model\data\Test\FYP skin disease Dataset\Dermatofibroma\ISIC_0024386.jpg,Dermatofibroma,Seborrheic Keratosis,0.8479779958724976,skin,skin_model.keras,True,False
ISIC_0025223.jpg,E:\Mega project\MedvisionAi-\ML-Model\data\Test\FYP skin disease Dataset\Dermatofibroma\ISIC_0025223.jpg,Dermatofibroma,Seborrheic Keratosis,0.7398883700370789,skin,skin_model.keras,False,False
ISIC_0029760.jpg,E:\Mega project\MedvisionAi-\ML-Model\data\Test\FYP skin disease Dataset\Dermatofibroma\ISIC_0029760.jpg,Dermatofibroma,Seborrheic Keratosis,0.452498197555542,skin,skin_model.keras,False,True
ISIC_0029891.jpg,E:\Mega project\MedvisionAi-\ML-Model\data\Test\FYP skin disease Dataset\Dermatofibroma\ISIC_0029891.jpg,Dermatofibroma,Seborrheic Keratosis,0.4173688590526581,skin,skin_model.keras,False,True
ISIC_0031257.jpg,E:\Mega project\MedvisionAi-\ML-Model\data\Test\FYP skin disease Dataset\Dermatofibroma\ISIC_0031257.jpg,Dermatofibroma,Seborrheic Keratosis,0.5154681205749512,skin,skin_model.keras,False,False
ISIC_0033675.jpg,E:\Mega project\MedvisionAi-\ML-Model\data\Test\FYP skin disease Dataset\Dermatofibroma\ISIC_0033675.jpg,Dermatofibroma,Seborrheic Keratosis,0.8888153433799744,skin,skin_model.keras,True,False
151560-h.jpg,E:\Mega project\MedvisionAi-\ML-Model\data\Test\FYP skin disease Dataset\Melanocytic Nevus (Nevus)\151560-h.jpg,Melanocytic Nevus (Nevus),Basal Cell Carcinoma,0.32603439688682556,skin,skin_model.keras,False,True
2138627.jpg,E:\Mega project\MedvisionAi-\ML-Model\data\Test\FYP skin disease Dataset\Melanocytic Nevus (Nevus)\2138627.jpg,Melanocytic Nevus (Nevus),Seborrheic Keratosis,0.427081823348999,skin,skin_model.keras,False,True
2197727.jpg,E:\Mega project\MedvisionAi-\ML-Model\data\Test\FYP skin disease Dataset\Melanocytic Nevus (Nevus)\2197727.jpg,Melanocytic Nevus (Nevus),Seborrheic Keratosis,0.8625267148017883,skin,skin_model.keras,True,False
412184.jpg,E:\Mega project\MedvisionAi-\ML-Model\data\Test\FYP skin disease Dataset\Melanocytic Nevus (Nevus)\412184.jpg,Melanocytic Nevus (Nevus),Seborrheic Keratosis,0.3867253363132477,skin,skin_model.keras,False,True
ISIC_0000112_downsampled.jpg,E:\Mega project\MedvisionAi-\ML-Model\data\Test\FYP skin disease Dataset\Melanocytic Nevus (Nevus)\ISIC_0000112_downsampled.jpg,Melanocytic Nevus (Nevus),Melanoma,0.7061932682991028,skin,skin_model.keras,False,False
ISIC_0000229.jpg,E:\Mega project\MedvisionAi-\ML-Model\data\Test\FYP skin disease Dataset\Melanocytic Nevus (Nevus)\ISIC_0000229.jpg,Melanocytic Nevus (Nevus),Melanoma,0.543971836566925,skin,skin_model.keras,False,False
ISIC_0000252.jpg,E:\Mega project\MedvisionAi-\ML-Model\data\Test\FYP skin disease Dataset\Melanocytic Nevus (Nevus)\ISIC_0000252.jpg,Melanocytic Nevus (Nevus),Basal Cell Carcinoma,0.6945280432701111,skin,skin_model.keras,False,False
ISIC_0000274.jpg,E:\Mega project\MedvisionAi-\ML-Model\data\Test\FYP skin disease Dataset\Melanocytic Nevus (Nevus)\ISIC_0000274.jpg,Melanocytic Nevus (Nevus),Basal Cell Carcinoma,0.9396970868110657,skin,skin_model.keras,True,False
ISIC_0000452_downsampled.jpg,E:\Mega project\MedvisionAi-\ML-Model\data\Test\FYP skin disease Dataset\Melanocytic Nevus (Nevus)\ISIC_0000452_downsampled.jpg,Melanocytic Nevus (Nevus),Melanoma,0.4630182385444641,skin,skin_model.keras,False,True
ISIC_0009870.jpg,E:\Mega project\MedvisionAi-\ML-Model\data\Test\FYP skin disease Dataset\Melanocytic Nevus (Nevus)\ISIC_0009870.jpg,Melanocytic Nevus (Nevus),Melanoma,0.7946739196777344,skin,skin_model.keras,True,False
ISIC_0009930.jpg,E:\Mega project\MedvisionAi-\ML-Model\data\Test\FYP skin disease Dataset\Melanocytic Nevus (Nevus)\ISIC_0009930.jpg,Melanocytic Nevus (Nevus),Melanoma,0.49907273054122925,skin,skin_model.keras,False,True
ISIC_0009943.jpg,E:\Mega project\MedvisionAi-\ML-Model\data\Test\FYP skin disease Dataset\Melanocytic Nevus (Nevus)\ISIC_0009943.jpg,Melanocytic Nevus (Nevus),Melanoma,0.5641562342643738,skin,skin_model.keras,False,False
ISIC_0009945.jpg,E:\Mega project\MedvisionAi-\ML-Model\data\Test\FYP skin disease Dataset\Melanocytic Nevus (Nevus)\ISIC_0009945.jpg,Melanocytic Nevus (Nevus),Melanoma,0.4708758592605591,skin,skin_model.keras,False,True
ISIC_0010193.jpg,E:\Mega project\MedvisionAi-\ML-Model\data\Test\FYP skin disease Dataset\Melanocytic Nevus (Nevus)\ISIC_0010193.jpg,Melanocytic Nevus (Nevus),Melanoma,0.7732307314872742,skin,skin_model.keras,True,False
ISIC_0010263.jpg,E:\Mega project\MedvisionAi-\ML-Model\data\Test\FYP skin disease Dataset\Melanocytic Nevus (Nevus)\ISIC_0010263.jpg,Melanocytic Nevus (Nevus),Melanoma,0.5530549883842468,skin,skin_model.keras,False,False
ISIC_0010382.jpg,E:\Mega project\MedvisionAi-\ML-Model\data\Test\FYP skin disease Dataset\Melanocytic Nevus (Nevus)\ISIC_0010382.jpg,Melanocytic Nevus (Nevus),Melanoma,0.4679676294326782,skin,skin_model.keras,False,True
ISIC_0010496.jpg,E:\Mega project\MedvisionAi-\ML-Model\data\Test\FYP skin disease Dataset\Melanocytic Nevus (Nevus)\ISIC_0010496.jpg,Melanocytic Nevus (Nevus),Melanoma,0.6203160881996155,skin,skin_model.keras,False,False
ISIC_0010590.jpg,E:\Mega project\MedvisionAi-\ML-Model\data\Test\FYP skin disease Dataset\Melanocytic Nevus (Nevus)\ISIC_0010590.jpg,Melanocytic Nevus (Nevus),Melanoma,0.8809768557548523,skin,skin_model.keras,True,False
ISIC_0010605.jpg,E:\Mega project\MedvisionAi-\ML-Model\data\Test\FYP skin disease Dataset\Melanocytic Nevus (Nevus)\ISIC_0010605.jpg,Melanocytic Nevus (Nevus),Basal Cell Carcinoma,0.290979266166687,skin,skin_model.keras,False,True
ISIC_0010847.jpg,E:\Mega project\MedvisionAi-\ML-Model\data\Test\FYP skin disease Dataset\Melanocytic Nevus (Nevus)\ISIC_0010847.jpg,Melanocytic Nevus (Nevus),Melanoma,0.46061959862709045,skin,skin_model.keras,False,True
ISIC_0011144.jpg,E:\Mega project\MedvisionAi-\ML-Model\data\Test\FYP skin disease Dataset\Melanocytic Nevus (Nevus)\ISIC_0011144.jpg,Melanocytic Nevus (Nevus),Melanoma,0.6842902302742004,skin,skin_model.keras,False,False
ISIC_0011145.jpg,E:\Mega project\MedvisionAi-\ML-Model\data\Test\FYP skin disease Dataset\Melanocytic Nevus (Nevus)\ISIC_0011145.jpg,Melanocytic Nevus (Nevus),Dermatofibroma,0.3337908089160919,skin,skin_model.keras,False,True
ISIC_0011207.jpg,E:\Mega project\MedvisionAi-\ML-Model\data\Test\FYP skin disease Dataset\Melanocytic Nevus (Nevus)\ISIC_0011207.jpg,Melanocytic Nevus (Nevus),Melanoma,0.6449307799339294,skin,skin_model.keras,False,False
ISIC_0011225.jpg,E:\Mega project\MedvisionAi-\ML-Model\data\Test\FYP skin disease Dataset\Melanocytic Nevus (Nevus)\ISIC_0011225.jpg,Melanocytic Nevus (Nevus),Melanoma,0.49797606468200684,skin,skin_model.keras,False,True
ISIC_0011367.jpg,E:\Mega project\MedvisionAi-\ML-Model\data\Test\FYP skin disease Dataset\Melanocytic Nevus (Nevus)\ISIC_0011367.jpg,Melanocytic Nevus (Nevus),Melanoma,0.6839339733123779,skin,skin_model.keras,False,False
ISIC_0012278_downsampled.jpg,E:\Mega project\MedvisionAi-\ML-Model\data\Test\FYP skin disease Dataset\Melanocytic Nevus (Nevus)\ISIC_0012278_downsampled.jpg,Melanocytic Nevus (Nevus),Melanoma,0.556887686252594,skin,skin_model.keras,False,False
ISIC_0012325_downsampled.jpg,E:\Mega project\MedvisionAi-\ML-Model\data\Test\FYP skin disease Dataset\Melanocytic Nevus (Nevus)\ISIC_0012325_downsampled.jpg,Melanocytic Nevus (Nevus),Seborrheic Keratosis,0.499214231967926,skin,skin_model.keras,False,True
ISIC_0012741_downsampled.jpg,E:\Mega project\MedvisionAi-\ML-Model\data\Test\FYP skin disease Dataset\Melanocytic Nevus (Nevus)\ISIC_0012741_downsampled.jpg,Melanocytic Nevus (Nevus),Melanoma,0.4898128807544708,skin,skin_model.keras,False,True
ISIC_0012806_downsampled.jpg,E:\Mega project\MedvisionAi-\ML-Model\data\Test\FYP skin disease Dataset\Melanocytic Nevus (Nevus)\ISIC_0012806_downsampled.jpg,Melanocytic Nevus (Nevus),Seborrheic Keratosis,0.8333398699760437,skin,skin_model.keras,True,False
ISIC_0012944_downsampled.jpg,E:\Mega project\MedvisionAi-\ML-Model\data\Test\FYP skin disease Dataset\Melanocytic Nevus (Nevus)\ISIC_0012944_downsampled.jpg,Melanocytic Nevus (Nevus),Seborrheic Keratosis,0.8899991512298584,skin,skin_model.keras,True,False
ISIC_0012945_downsampled.jpg,E:\Mega project\MedvisionAi-\ML-Model\data\Test\FYP skin disease Dataset\Melanocytic Nevus (Nevus)\ISIC_0012945_downsampled.jpg,Melanocytic Nevus (Nevus),Seborrheic Keratosis,0.9115641713142395,skin,skin_model.keras,True,False
ISIC_0013024_downsampled.jpg,E:\Mega project\MedvisionAi-\ML-Model\data\Test\FYP skin disease Dataset\Melanocytic Nevus (Nevus)\ISIC_0013024_downsampled.jpg,Melanocytic Nevus (Nevus),Seborrheic Keratosis,0.39415544271469116,skin,skin_model.keras,False,True
ISIC_0013128_downsampled.jpg,E:\Mega project\MedvisionAi-\ML-Model\data\Test\FYP skin disease Dataset\Melanocytic Nevus (Nevus)\ISIC_0013128_downsampled.jpg,Melanocytic Nevus (Nevus),Melanoma,0.4892553687095642,skin,skin_model.keras,False,True
ISIC_0013294_downsampled.jpg,E:\Mega project\MedvisionAi-\ML-Model\data\Test\FYP skin disease Dataset\Melanocytic Nevus (Nevus)\ISIC_0013294_downsampled.jpg,Melanocytic Nevus (Nevus),Melanoma,0.3739832639694214,skin,skin_model.keras,False,True
ISIC_0013325_downsampled.jpg,E:\Mega project\MedvisionAi-\ML-Model\data\Test\FYP skin disease Dataset\Melanocytic Nevus (Nevus)\ISIC_0013325_downsampled.jpg,Melanocytic Nevus (Nevus),Melanoma,0.734714686870575,skin,skin_model.keras,False,False
ISIC_0013340_downsampled.jpg,E:\Mega project\MedvisionAi-\ML-Model\data\Test\FYP skin disease Dataset\Melanocytic Nevus (Nevus)\ISIC_0013340_downsampled.jpg,Melanocytic Nevus (Nevus),Seborrheic Keratosis,0.7704193592071533,skin,skin_model.keras,True,False
ISIC_0013437_downsampled.jpg,E:\Mega project\MedvisionAi-\ML-Model\data\Test\FYP skin disease Dataset\Melanocytic Nevus (Nevus)\ISIC_0013437_downsampled.jpg,Melanocytic Nevus (Nevus),Seborrheic Keratosis,0.2915084958076477,skin,skin_model.keras,False,True
ISIC_0013438_downsampled.jpg,E:\Mega project\MedvisionAi-\ML-Model\data\Test\FYP skin disease Dataset\Melanocytic Nevus (Nevus)\ISIC_0013438_downsampled.jpg,Melanocytic Nevus (Nevus),Seborrheic Keratosis,0.42871636152267456,skin,skin_model.keras,False,True
ISIC_0013488_downsampled.jpg,E:\Mega project\MedvisionAi-\ML-Model\data\Test\FYP skin disease Dataset\Melanocytic Nevus (Nevus)\ISIC_0013488_downsampled.jpg,Melanocytic Nevus (Nevus),Melanoma,0.4941410720348358,skin,skin_model.keras,False,True
ISIC_0013495_downsampled.jpg,E:\Mega project\MedvisionAi-\ML-Model\data\Test\FYP skin disease Dataset\Melanocytic Nevus (Nevus)\ISIC_0013495_downsampled.jpg,Melanocytic Nevus (Nevus),Seborrheic Keratosis,0.617389976978302,skin,skin_model.keras,False,False
ISIC_0013830_downsampled.jpg,E:\Mega project\MedvisionAi-\ML-Model\data\Test\FYP skin disease Dataset\Melanocytic Nevus (Nevus)\ISIC_0013830_downsampled.jpg,Melanocytic Nevus (Nevus),Seborrheic Keratosis,0.6483200788497925,skin,skin_model.keras,False,False
ISIC_0013886_downsampled.jpg,E:\Mega project\MedvisionAi-\ML-Model\data\Test\FYP skin disease Dataset\Melanocytic Nevus (Nevus)\ISIC_0013886_downsampled.jpg,Melanocytic Nevus (Nevus),Seborrheic Keratosis,0.847629189491272,skin,skin_model.keras,True,False
ISIC_0013971_downsampled.jpg,E:\Mega project\MedvisionAi-\ML-Model\data\Test\FYP skin disease Dataset\Melanocytic Nevus (Nevus)\ISIC_0013971_downsampled.jpg,Melanocytic Nevus (Nevus),Melanoma,0.4904172122478485,skin,skin_model.keras,False,True
ISIC_0014046_downsampled.jpg,E:\Mega project\MedvisionAi-\ML-Model\data\Test\FYP skin disease Dataset\Melanocytic Nevus (Nevus)\ISIC_0014046_downsampled.jpg,Melanocytic Nevus (Nevus),Seborrheic Keratosis,0.6101804375648499,skin,skin_model.keras,False,False
ISIC_0014069_downsampled.jpg,E:\Mega project\MedvisionAi-\ML-Model\data\Test\FYP skin disease Dataset\Melanocytic Nevus (Nevus)\ISIC_0014069_downsampled.jpg,Melanocytic Nevus (Nevus),Seborrheic Keratosis,0.5380765199661255,skin,skin_model.keras,False,False
ISIC_0014353_downsampled.jpg,E:\Mega project\MedvisionAi-\ML-Model\data\Test\FYP skin disease Dataset\Melanocytic Nevus (Nevus)\ISIC_0014353_downsampled.jpg,Melanocytic Nevus (Nevus),Seborrheic Keratosis,0.6732837557792664,skin,skin_model.keras,False,False
ISIC_0014547_downsampled.jpg,E:\Mega project\MedvisionAi-\ML-Model\data\Test\FYP skin disease Dataset\Melanocytic Nevus (Nevus)\ISIC_0014547_downsampled.jpg,Melanocytic Nevus (Nevus),Melanoma,0.3950139582157135,skin,skin_model.keras,False,True
ISIC_0015007_downsampled.jpg,E:\Mega project\MedvisionAi-\ML-Model\data\Test\FYP skin disease Dataset\Melanocytic Nevus (Nevus)\ISIC_0015007_downsampled.jpg,Melanocytic Nevus (Nevus),Seborrheic Keratosis,0.5559760928153992,skin,skin_model.keras,False,False
ISIC_0015089_downsampled.jpg,E:\Mega project\MedvisionAi-\ML-Model\data\Test\FYP skin disease Dataset\Melanocytic Nevus (Nevus)\ISIC_0015089_downsampled.jpg,Melanocytic Nevus (Nevus),Melanoma,0.6535047888755798,skin,skin_model.keras,False,False
ISIC_0015264_downsampled.jpg,E:\Mega project\MedvisionAi-\ML-Model\data\Test\FYP skin disease Dataset\Melanocytic Nevus (Nevus)\ISIC_0015264_downsampled.jpg,Melanocytic Nevus (Nevus),Seborrheic Keratosis,0.7299031615257263,skin,skin_model.keras,False,False
ISIC_0015559_downsampled.jpg,E:\Mega project\MedvisionAi-\ML-Model\data\Test\FYP skin disease Dataset\Melanocytic Nevus (Nevus)\ISIC_0015559_downsampled.jpg,Melanocytic Nevus (Nevus),Melanoma,0.27479541301727295,skin,skin_model.keras,False,True
ISIC_0016016_downsampled.jpg,E:\Mega project\MedvisionAi-\ML-Model\data\Test\FYP skin disease Dataset\Melanocytic Nevus (Nevus)\ISIC_0016016_downsampled.jpg,Melanocytic Nevus (Nevus),Seborrheic Keratosis,0.8616989254951477,skin,skin_model.keras,True,False
ISIC_0016027_downsampled.jpg,E:\Mega project\MedvisionAi-\ML-Model\data\Test\FYP skin disease Dataset\Melanocytic Nevus (Nevus)\ISIC_0016027_downsampled.jpg,Melanocytic Nevus (Nevus),Seborrheic Keratosis,0.8658924698829651,skin,skin_model.keras,True,False
ISIC_0024344.jpg,E:\Mega project\MedvisionAi-\ML-Model\data\Test\FYP skin disease Dataset\Melanocytic Nevus (Nevus)\ISIC_0024344.jpg,Melanocytic Nevus (Nevus),Melanoma,0.4736570715904236,skin,skin_model.keras,False,True
ISIC_0024599.jpg,E:\Mega project\MedvisionAi-\ML-Model\data\Test\FYP skin disease Dataset\Melanocytic Nevus (Nevus)\ISIC_0024599.jpg,Melanocytic Nevus (Nevus),Melanoma,0.6434513330459595,skin,skin_model.keras,False,False
ISIC_0024714.jpg,E:\Mega project\MedvisionAi-\ML-Model\data\Test\FYP skin disease Dataset\Melanocytic Nevus (Nevus)\ISIC_0024714.jpg,Melanocytic Nevus (Nevus),Melanoma,0.7717627882957458,skin,skin_model.keras,True,False
ISIC_0024836.jpg,E:\Mega project\MedvisionAi-\ML-Model\data\Test\FYP skin disease Dataset\Melanocytic Nevus (Nevus)\ISIC_0024836.jpg,Melanocytic Nevus (Nevus),Melanoma,0.5572994351387024,skin,skin_model.keras,False,False
ISIC_0025261.jpg,E:\Mega project\MedvisionAi-\ML-Model\data\Test\FYP skin disease Dataset\Melanocytic Nevus (Nevus)\ISIC_0025261.jpg,Melanocytic Nevus (Nevus),Seborrheic Keratosis,0.7539578080177307,skin,skin_model.keras,True,False
ISIC_0025410.jpg,E:\Mega project\MedvisionAi-\ML-Model\data\Test\FYP skin disease Dataset\Melanocytic Nevus (Nevus)\ISIC_0025410.jpg,Melanocytic Nevus (Nevus),Melanoma,0.6196158528327942,skin,skin_model.keras,False,False
ISIC_0025473.jpg,E:\Mega project\MedvisionAi-\ML-Model\data\Test\FYP skin disease Dataset\Melanocytic Nevus (Nevus)\ISIC_0025473.jpg,Melanocytic Nevus (Nevus),Melanoma,0.6738334894180298,skin,skin_model.keras,False,False
ISIC_0025633.jpg,E:\Mega project\MedvisionAi-\ML-Model\data\Test\FYP skin disease Dataset\Melanocytic Nevus (Nevus)\ISIC_0025633.jpg,Melanocytic Nevus (Nevus),Melanoma,0.4551544785499573,skin,skin_model.keras,False,True
ISIC_0025855.jpg,E:\Mega project\MedvisionAi-\ML-Model\data\Test\FYP skin disease Dataset\Melanocytic Nevus (Nevus)\ISIC_0025855.jpg,Melanocytic Nevus (Nevus),Melanoma,0.41746073961257935,skin,skin_model.keras,False,True
ISIC_0026037.jpg,E:\Mega project\MedvisionAi-\ML-Model\data\Test\FYP skin disease Dataset\Melanocytic Nevus (Nevus)\ISIC_0026037.jpg,Melanocytic Nevus (Nevus),Melanoma,0.7474942803382874,skin,skin_model.keras,False,False
ISIC_0026043.jpg,E:\Mega project\MedvisionAi-\ML-Model\data\Test\FYP skin disease Dataset\Melanocytic Nevus (Nevus)\ISIC_0026043.jpg,Melanocytic Nevus (Nevus),Melanoma,0.4946029782295227,skin,skin_model.keras,False,True
ISIC_0026223.jpg,E:\Mega project\MedvisionAi-\ML-Model\data\Test\FYP skin disease Dataset\Melanocytic Nevus (Nevus)\ISIC_0026223.jpg,Melanocytic Nevus (Nevus),Melanoma,0.5396918654441833,skin,skin_model.keras,False,False
ISIC_0026226.jpg,E:\Mega project\MedvisionAi-\ML-Model\data\Test\FYP skin disease Dataset\Melanocytic Nevus (Nevus)\ISIC_0026226.jpg,Melanocytic Nevus (Nevus),Melanoma,0.3919928967952728,skin,skin_model.keras,False,True
ISIC_0026359.jpg,E:\Mega project\MedvisionAi-\ML-Model\data\Test\FYP skin disease Dataset\Melanocytic Nevus (Nevus)\ISIC_0026359.jpg,Melanocytic Nevus (Nevus),Melanoma,0.5339959859848022,skin,skin_model.keras,False,False
ISIC_0026554.jpg,E:\Mega project\MedvisionAi-\ML-Model\data\Test\FYP skin disease Dataset\Melanocytic Nevus (Nevus)\ISIC_0026554.jpg,Melanocytic Nevus (Nevus),Melanoma,0.44382724165916443,skin,skin_model.keras,False,True
ISIC_0026922.jpg,E:\Mega project\MedvisionAi-\ML-Model\data\Test\FYP skin disease Dataset\Melanocytic Nevus (Nevus)\ISIC_0026922.jpg,Melanocytic Nevus (Nevus),Melanoma,0.5881099700927734,skin,skin_model.keras,False,False
ISIC_0027305.jpg,E:\Mega project\MedvisionAi-\ML-Model\data\Test\FYP skin disease Dataset\Melanocytic Nevus (Nevus)\ISIC_0027305.jpg,Melanocytic Nevus (Nevus),Melanoma,0.501903772354126,skin,skin_model.keras,False,False
ISIC_0027346.jpg,E:\Mega project\MedvisionAi-\ML-Model\data\Test\FYP skin disease Dataset\Melanocytic Nevus (Nevus)\ISIC_0027346.jpg,Melanocytic Nevus (Nevus),Melanoma,0.6576122045516968,skin,skin_model.keras,False,False
ISIC_0027427.jpg,E:\Mega project\MedvisionAi-\ML-Model\data\Test\FYP skin disease Dataset\Melanocytic Nevus (Nevus)\ISIC_0027427.jpg,Melanocytic Nevus (Nevus),Melanoma,0.6403899788856506,skin,skin_model.keras,False,False
ISIC_0027492.jpg,E:\Mega project\MedvisionAi-\ML-Model\data\Test\FYP skin disease Dataset\Melanocytic Nevus (Nevus)\ISIC_0027492.jpg,Melanocytic Nevus (Nevus),Melanoma,0.4682144224643707,skin,skin_model.keras,False,True
ISIC_0028307.jpg,E:\Mega project\MedvisionAi-\ML-Model\data\Test\FYP skin disease Dataset\Melanocytic Nevus (Nevus)\ISIC_0028307.jpg,Melanocytic Nevus (Nevus),Melanoma,0.5841897130012512,skin,skin_model.keras,False,False
ISIC_0028618.jpg,E:\Mega project\MedvisionAi-\ML-Model\data\Test\FYP skin disease Dataset\Melanocytic Nevus (Nevus)\ISIC_0028618.jpg,Melanocytic Nevus (Nevus),Melanoma,0.5351874232292175,skin,skin_model.keras,False,False
ISIC_0028633.jpg,E:\Mega project\MedvisionAi-\ML-Model\data\Test\FYP skin disease Dataset\Melanocytic Nevus (Nevus)\ISIC_0028633.jpg,Melanocytic Nevus (Nevus),Melanoma,0.5173714756965637,skin,skin_model.keras,False,False
ISIC_0028645.jpg,E:\Mega project\MedvisionAi-\ML-Model\data\Test\FYP skin disease Dataset\Melanocytic Nevus (Nevus)\ISIC_0028645.jpg,Melanocytic Nevus (Nevus),Melanoma,0.49777477979660034,skin,skin_model.keras,False,True
ISIC_0028983.jpg,E:\Mega project\MedvisionAi-\ML-Model\data\Test\FYP skin disease Dataset\Melanocytic Nevus (Nevus)\ISIC_0028983.jpg,Melanocytic Nevus (Nevus),Melanoma,0.4655156135559082,skin,skin_model.keras,False,True
ISIC_0029306.jpg,E:\Mega project\MedvisionAi-\ML-Model\data\Test\FYP skin disease Dataset\Melanocytic Nevus (Nevus)\ISIC_0029306.jpg,Melanocytic Nevus (Nevus),Seborrheic Keratosis,0.5603141188621521,skin,skin_model.keras,False,False
ISIC_0029382.jpg,E:\Mega project\MedvisionAi-\ML-Model\data\Test\FYP skin disease Dataset\Melanocytic Nevus (Nevus)\ISIC_0029382.jpg,Melanocytic Nevus (Nevus),Melanoma,0.4614318609237671,skin,skin_model.keras,False,True
ISIC_0029560.jpg,E:\Mega project\MedvisionAi-\ML-Model\data\Test\FYP skin disease Dataset\Melanocytic Nevus (Nevus)\ISIC_0029560.jpg,Melanocytic Nevus (Nevus),Melanoma,0.5126752257347107,skin,skin_model.keras,False,False
ISIC_0029994.jpg,E:\Mega project\MedvisionAi-\ML-Model\data\Test\FYP skin disease Dataset\Melanocytic Nevus (Nevus)\ISIC_0029994.jpg,Melanocytic Nevus (Nevus),Melanoma,0.5401099920272827,skin,skin_model.keras,False,False
ISIC_0030091.jpg,E:\Mega project\MedvisionAi-\ML-Model\data\Test\FYP skin disease Dataset\Melanocytic Nevus (Nevus)\ISIC_0030091.jpg,Melanocytic Nevus (Nevus),Melanoma,0.5549674034118652,skin,skin_model.keras,False,False
ISIC_0030159.jpg,E:\Mega project\MedvisionAi-\ML-Model\data\Test\FYP skin disease Dataset\Melanocytic Nevus (Nevus)\ISIC_0030159.jpg,Melanocytic Nevus (Nevus),Melanoma,0.558161735534668,skin,skin_model.keras,False,False
ISIC_0030348.jpg,E:\Mega project\MedvisionAi-\ML-Model\data\Test\FYP skin disease Dataset\Melanocytic Nevus (Nevus)\ISIC_0030348.jpg,Melanocytic Nevus (Nevus),Melanoma,0.7654381394386292,skin,skin_model.keras,True,False
ISIC_0030733.jpg,E:\Mega project\MedvisionAi-\ML-Model\data\Test\FYP skin disease Dataset\Melanocytic Nevus (Nevus)\ISIC_0030733.jpg,Melanocytic Nevus (Nevus),Melanoma,0.5453413724899292,skin,skin_model.keras,False,False
ISIC_0030892.jpg,E:\Mega project\MedvisionAi-\ML-Model\data\Test\FYP skin disease Dataset\Melanocytic Nevus (Nevus)\ISIC_0030892.jpg,Melanocytic Nevus (Nevus),Melanoma,0.5963975191116333,skin,skin_model.keras,False,False
ISIC_0030894.jpg,E:\Mega project\MedvisionAi-\ML-Model\data\Test\FYP skin disease Dataset\Melanocytic Nevus (Nevus)\ISIC_0030894.jpg,Melanocytic Nevus (Nevus),Melanoma,0.4895625412464142,skin,skin_model.keras,False,True
ISIC_0030940.jpg,E:\Mega project\MedvisionAi-\ML-Model\data\Test\FYP skin disease Dataset\Melanocytic Nevus (Nevus)\ISIC_0030940.jpg,Melanocytic Nevus (Nevus),Basal Cell Carcinoma,0.7364524006843567,skin,skin_model.keras,False,False
ISIC_0030945.jpg,E:\Mega project\MedvisionAi-\ML-Model\data\Test\FYP skin disease Dataset\Melanocytic Nevus (Nevus)\ISIC_0030945.jpg,Melanocytic Nevus (Nevus),Melanoma,0.5004188418388367,skin,skin_model.keras,False,False
ISIC_0031019.jpg,E:\Mega project\MedvisionAi-\ML-Model\data\Test\FYP skin disease Dataset\Melanocytic Nevus (Nevus)\ISIC_0031019.jpg,Melanocytic Nevus (Nevus),Melanoma,0.8235968947410583,skin,skin_model.keras,True,False
ISIC_0031158.jpg,E:\Mega project\MedvisionAi-\ML-Model\data\Test\FYP skin disease Dataset\Melanocytic Nevus (Nevus)\ISIC_0031158.jpg,Melanocytic Nevus (Nevus),Basal Cell Carcinoma,0.31127703189849854,skin,skin_model.keras,False,True
ISIC_0031412.jpg,E:\Mega project\MedvisionAi-\ML-Model\data\Test\FYP skin disease Dataset\Melanocytic Nevus (Nevus)\ISIC_0031412.jpg,Melanocytic Nevus (Nevus),Melanoma,0.5125930905342102,skin,skin_model.keras,False,False
ISIC_0031440.jpg,E:\Mega project\MedvisionAi-\ML-Model\data\Test\FYP skin disease Dataset\Melanocytic Nevus (Nevus)\ISIC_0031440.jpg,Melanocytic Nevus (Nevus),Melanoma,0.6403080821037292,skin,skin_model.keras,False,False
ISIC_0031618.jpg,E:\Mega project\MedvisionAi-\ML-Model\data\Test\FYP skin disease Dataset\Melanocytic Nevus (Nevus)\ISIC_0031618.jpg,Melanocytic Nevus (Nevus),Melanoma,0.5199019312858582,skin,skin_model.keras,False,False
ISIC_0031676.jpg,E:\Mega project\MedvisionAi-\ML-Model\data\Test\FYP skin disease Dataset\Melanocytic Nevus (Nevus)\ISIC_0031676.jpg,Melanocytic Nevus (Nevus),Melanoma,0.5165591239929199,skin,skin_model.keras,False,False
ISIC_0031838.jpg,E:\Mega project\MedvisionAi-\ML-Model\data\Test\FYP skin disease Dataset\Melanocytic Nevus (Nevus)\ISIC_0031838.jpg,Melanocytic Nevus (Nevus),Melanoma,0.5171085596084595,skin,skin_model.keras,False,False
ISIC_0031913.jpg,E:\Mega project\MedvisionAi-\ML-Model\data\Test\FYP skin disease Dataset\Melanocytic Nevus (Nevus)\ISIC_0031913.jpg,Melanocytic Nevus (Nevus),Melanoma,0.5834112763404846,skin,skin_model.keras,False,False
ISIC_0031975.jpg,E:\Mega project\MedvisionAi-\ML-Model\data\Test\FYP skin disease Dataset\Melanocytic Nevus (Nevus)\ISIC_0031975.jpg,Melanocytic Nevus (Nevus),Melanoma,0.4416477680206299,skin,skin_model.keras,False,True
ISIC_0032974.jpg,E:\Mega project\MedvisionAi-\ML-Model\data\Test\FYP skin disease Dataset\Melanocytic Nevus (Nevus)\ISIC_0032974.jpg,Melanocytic Nevus (Nevus),Melanoma,0.5210158228874207,skin,skin_model.keras,False,False
ISIC_0033243.jpg,E:\Mega project\MedvisionAi-\ML-Model\data\Test\FYP skin disease Dataset\Melanocytic Nevus (Nevus)\ISIC_0033243.jpg,Melanocytic Nevus (Nevus),Melanoma,0.4956224262714386,skin,skin_model.keras,False,True
ISIC_0033489.jpg,E:\Mega project\MedvisionAi-\ML-Model\data\Test\FYP skin disease Dataset\Melanocytic Nevus (Nevus)\ISIC_0033489.jpg,Melanocytic Nevus (Nevus),Melanoma,0.6019514799118042,skin,skin_model.keras,False,False
ISIC_0033800.jpg,E:\Mega project\MedvisionAi-\ML-Model\data\Test\FYP skin disease Dataset\Melanocytic Nevus (Nevus)\ISIC_0033800.jpg,Melanocytic Nevus (Nevus),Melanoma,0.5127803683280945,skin,skin_model.keras,False,False
ISIC_0033803.jpg,E:\Mega project\MedvisionAi-\ML-Model\data\Test\FYP skin disease Dataset\Melanocytic Nevus (Nevus)\ISIC_0033803.jpg,Melanocytic Nevus (Nevus),Melanoma,0.3962663412094116,skin,skin_model.keras,False,True
ISIC_0033972.jpg,E:\Mega project\MedvisionAi-\ML-Model\data\Test\FYP skin disease Dataset\Melanocytic Nevus (Nevus)\ISIC_0033972.jpg,Melanocytic Nevus (Nevus),Basal Cell Carcinoma,0.21815377473831177,skin,skin_model.keras,False,True
ISIC_0034300.jpg,E:\Mega project\MedvisionAi-\ML-Model\data\Test\FYP skin disease Dataset\Melanocytic Nevus (Nevus)\ISIC_0034300.jpg,Melanocytic Nevus (Nevus),Melanoma,0.6621693968772888,skin,skin_model.keras,False,False
ISIC_0000026_downsampled.jpg,E:\Mega project\MedvisionAi-\ML-Model\data\Test\FYP skin disease Dataset\Melanoma\ISIC_0000026_downsampled.jpg,Melanoma,Melanocytic Nevus (Nevus),0.8477743268013,skin,skin_model.keras,True,False
ISIC_0000030_downsampled.jpg,E:\Mega project\MedvisionAi-\ML-Model\data\Test\FYP skin disease Dataset\Melanoma\ISIC_0000030_downsampled.jpg,Melanoma,Melanocytic Nevus (Nevus),0.4310785233974457,skin,skin_model.keras,False,True
ISIC_0000035_downsampled.jpg,E:\Mega project\MedvisionAi-\ML-Model\data\Test\FYP skin disease Dataset\Melanoma\ISIC_0000035_downsampled.jpg,Melanoma,Melanocytic Nevus (Nevus),0.8993597626686096,skin,skin_model.keras,True,False
ISIC_0000142_downsampled.jpg,E:\Mega project\MedvisionAi-\ML-Model\data\Test\FYP skin disease Dataset\Melanoma\ISIC_0000142_downsampled.jpg,Melanoma,Melanocytic Nevus (Nevus),0.4242139160633087,skin,skin_model.keras,False,True
ISIC_0000148_downsampled.jpg,E:\Mega project\MedvisionAi-\ML-Model\data\Test\FYP skin disease Dataset\Melanoma\ISIC_0000148_downsampled.jpg,Melanoma,Melanocytic Nevus (Nevus),0.5965174436569214,skin,skin_model.keras,False,False
ISIC_0000156_downsampled.jpg,E:\Mega project\MedvisionAi-\ML-Model\data\Test\FYP skin disease Dataset\Melanoma\ISIC_0000156_downsampled.jpg,Melanoma,Melanocytic Nevus (Nevus),0.501946210861206,skin,skin_model.keras,False,False
ISIC_0000167.jpg,E:\Mega project\MedvisionAi-\ML-Model\data\Test\FYP skin disease Dataset\Melanoma\ISIC_0000167.jpg,Melanoma,Melanocytic Nevus (Nevus),0.6076058149337769,skin,skin_model.keras,False,False
ISIC_0000176_downsampled.jpg,E:\Mega project\MedvisionAi-\ML-Model\data\Test\FYP skin disease Dataset\Melanoma\ISIC_0000176_downsampled.jpg,Melanoma,Melanocytic Nevus (Nevus),0.8705071210861206,skin,skin_model.keras,True,False
ISIC_0000287.jpg,E:\Mega project\MedvisionAi-\ML-Model\data\Test\FYP skin disease Dataset\Melanoma\ISIC_0000287.jpg,Melanoma,Melanocytic Nevus (Nevus),0.5517416596412659,skin,skin_model.keras,False,False
ISIC_0000290.jpg,E:\Mega project\MedvisionAi-\ML-Model\data\Test\FYP skin disease Dataset\Melanoma\ISIC_0000290.jpg,Melanoma,Basal Cell Carcinoma,0.964651346206665,skin,skin_model.keras,True,False
ISIC_0000311.jpg,E:\Mega project\MedvisionAi-\ML-Model\data\Test\FYP skin disease Dataset\Melanoma\ISIC_0000311.jpg,Melanoma,Melanocytic Nevus (Nevus),0.6207047700881958,skin,skin_model.keras,False,False
ISIC_0000482.jpg,E:\Mega project\MedvisionAi-\ML-Model\data\Test\FYP skin disease Dataset\Melanoma\ISIC_0000482.jpg,Melanoma,Melanocytic Nevus (Nevus),0.8899062871932983,skin,skin_model.keras,True,False
ISIC_0000552.jpg,E:\Mega project\MedvisionAi-\ML-Model\data\Test\FYP skin disease Dataset\Melanoma\ISIC_0000552.jpg,Melanoma,Melanocytic Nevus (Nevus),0.766035795211792,skin,skin_model.keras,True,False
ISIC_0001118_downsampled.jpg,E:\Mega project\MedvisionAi-\ML-Model\data\Test\FYP skin disease Dataset\Melanoma\ISIC_0001118_downsampled.jpg,Melanoma,Melanocytic Nevus (Nevus),0.4897153079509735,skin,skin_model.keras,False,True
ISIC_0001142_downsampled.jpg,E:\Mega project\MedvisionAi-\ML-Model\data\Test\FYP skin disease Dataset\Melanoma\ISIC_0001142_downsampled.jpg,Melanoma,Squamous Cell Carcinoma,0.29948747158050537,skin,skin_model.keras,False,True
ISIC_0010067.jpg,E:\Mega project\MedvisionAi-\ML-Model\data\Test\FYP skin disease Dataset\Melanoma\ISIC_0010067.jpg,Melanoma,Basal Cell Carcinoma,0.3717579245567322,skin,skin_model.keras,False,True
ISIC_0010207.jpg,E:\Mega project\MedvisionAi-\ML-Model\data\Test\FYP skin disease Dataset\Melanoma\ISIC_0010207.jpg,Melanoma,Melanocytic Nevus (Nevus),0.5791093111038208,skin,skin_model.keras,False,False
ISIC_0010576.jpg,E:\Mega project\MedvisionAi-\ML-Model\data\Test\FYP skin disease Dataset\Melanoma\ISIC_0010576.jpg,Melanoma,Melanocytic Nevus (Nevus),0.6042315363883972,skin,skin_model.keras,False,False
ISIC_0011387.jpg,E:\Mega project\MedvisionAi-\ML-Model\data\Test\FYP skin disease Dataset\Melanoma\ISIC_0011387.jpg,Melanoma,Melanocytic Nevus (Nevus),0.8237369656562805,skin,skin_model.keras,True,False
ISIC_0012369_downsampled.jpg,E:\Mega project\MedvisionAi-\ML-Model\data\Test\FYP skin disease Dataset\Melanoma\ISIC_0012369_downsampled.jpg,Melanoma,Melanocytic Nevus (Nevus),0.7281631827354431,skin,skin_model.keras,False,False
ISIC_0013072_downsampled.jpg,E:\Mega project\MedvisionAi-\ML-Model\data\Test\FYP skin disease Dataset\Melanoma\ISIC_0013072_downsampled.jpg,Melanoma,Melanocytic Nevus (Nevus),0.5289281010627747,skin,skin_model.keras,False,False
ISIC_0013073_downsampled.jpg,E:\Mega project\MedvisionAi-\ML-Model\data\Test\FYP skin disease Dataset\Melanoma\ISIC_0013073_downsampled.jpg,Melanoma,Melanocytic Nevus (Nevus),0.5341111421585083,skin,skin_model.keras,False,False
ISIC_0013459_downsampled.jpg,E:\Mega project\MedvisionAi-\ML-Model\data\Test\FYP skin disease Dataset\Melanoma\ISIC_0013459_downsampled.jpg,Melanoma,Seborrheic Keratosis,0.46646472811698914,skin,skin_model.keras,False,True
ISIC_0013678_downsampled.jpg,E:\Mega project\MedvisionAi-\ML-Model\data\Test\FYP skin disease Dataset\Melanoma\ISIC_0013678_downsampled.jpg,Melanoma,Melanocytic Nevus (Nevus),0.6471767425537109,skin,skin_model.keras,False,False
ISIC_0013840_downsampled.jpg,E:\Mega project\MedvisionAi-\ML-Model\data\Test\FYP skin disease Dataset\Melanoma\ISIC_0013840_downsampled.jpg,Melanoma,Seborrheic Keratosis,0.7534195184707642,skin,skin_model.keras,True,False
ISIC_0014099_downsampled.jpg,E:\Mega project\MedvisionAi-\ML-Model\data\Test\FYP skin disease Dataset\Melanoma\ISIC_0014099_downsampled.jpg,Melanoma,Seborrheic Keratosis,0.7232049107551575,skin,skin_model.keras,False,False
ISIC_0014136_downsampled.jpg,E:\Mega project\MedvisionAi-\ML-Model\data\Test\FYP skin disease Dataset\Melanoma\ISIC_0014136_downsampled.jpg,Melanoma,Seborrheic Keratosis,0.7253773212432861,skin,skin_model.keras,False,False
ISIC_0014219_downsampled.jpg,E:\Mega project\MedvisionAi-\ML-Model\data\Test\FYP skin disease Dataset\Melanoma\ISIC_0014219_downsampled.jpg,Melanoma,Seborrheic Keratosis,0.7804373502731323,skin,skin_model.keras,True,False
ISIC_0014238_downsampled.jpg,E:\Mega project\MedvisionAi-\ML-Model\data\Test\FYP skin disease Dataset\Melanoma\ISIC_0014238_downsampled.jpg,Melanoma,Melanocytic Nevus (Nevus),0.7398980855941772,skin,skin_model.keras,False,False
ISIC_0014290_downsampled.jpg,E:\Mega project\MedvisionAi-\ML-Model\data\Test\FYP skin disease Dataset\Melanoma\ISIC_0014290_downsampled.jpg,Melanoma,Melanocytic Nevus (Nevus),0.692815899848938,skin,skin_model.keras,False,False
ISIC_0014525_downsampled.jpg,E:\Mega project\MedvisionAi-\ML-Model\data\Test\FYP skin disease Dataset\Melanoma\ISIC_0014525_downsampled.jpg,Melanoma,Seborrheic Keratosis,0.5377514958381653,skin,skin_model.keras,False,False
ISIC_0014695_downsampled.jpg,E:\Mega project\MedvisionAi-\ML-Model\data\Test\FYP skin disease Dataset\Melanoma\ISIC_0014695_downsampled.jpg,Melanoma,Melanocytic Nevus (Nevus),0.3530391454696655,skin,skin_model.keras,False,True
ISIC_0014766_downsampled.jpg,E:\Mega project\MedvisionAi-\ML-Model\data\Test\FYP skin disease Dataset\Melanoma\ISIC_0014766_downsampled.jpg,Melanoma,Melanocytic Nevus (Nevus),0.39985984563827515,skin,skin_model.keras,False,True
ISIC_0014784_downsampled.jpg,E:\Mega project\MedvisionAi-\ML-Model\data\Test\FYP skin disease Dataset\Melanoma\ISIC_0014784_downsampled.jpg,Melanoma,Melanocytic Nevus (Nevus),0.43083471059799194,skin,skin_model.keras,False,True
ISIC_0014795_downsampled.jpg,E:\Mega project\MedvisionAi-\ML-Model\data\Test\FYP skin disease Dataset\Melanoma\ISIC_0014795_downsampled.jpg,Melanoma,Melanocytic Nevus (Nevus),0.6295589208602905,skin,skin_model.keras,False,False
ISIC_0014932_downsampled.jpg,E:\Mega project\MedvisionAi-\ML-Model\data\Test\FYP skin disease Dataset\Melanoma\ISIC_0014932_downsampled.jpg,Melanoma,Melanocytic Nevus (Nevus),0.6494200229644775,skin,skin_model.keras,False,False
ISIC_0014987_downsampled.jpg,E:\Mega project\MedvisionAi-\ML-Model\data\Test\FYP skin disease Dataset\Melanoma\ISIC_0014987_downsampled.jpg,Melanoma,Melanocytic Nevus (Nevus),0.8801398873329163,skin,skin_model.keras,True,False
ISIC_0024481.jpg,E:\Mega project\MedvisionAi-\ML-Model\data\Test\FYP skin disease Dataset\Melanoma\ISIC_0024481.jpg,Melanoma,Melanocytic Nevus (Nevus),0.7860597968101501,skin,skin_model.keras,True,False
ISIC_0024546.jpg,E:\Mega project\MedvisionAi-\ML-Model\data\Test\FYP skin disease Dataset\Melanoma\ISIC_0024546.jpg,Melanoma,Melanocytic Nevus (Nevus),0.5564910769462585,skin,skin_model.keras,False,False
ISIC_0025450.jpg,E:\Mega project\MedvisionAi-\ML-Model\data\Test\FYP skin disease Dataset\Melanoma\ISIC_0025450.jpg,Melanoma,Melanocytic Nevus (Nevus),0.8406606316566467,skin,skin_model.keras,True,False
ISIC_0025573.jpg,E:\Mega project\MedvisionAi-\ML-Model\data\Test\FYP skin disease Dataset\Melanoma\ISIC_0025573.jpg,Melanoma,Melanocytic Nevus (Nevus),0.865254819393158,skin,skin_model.keras,True,False
ISIC_0025592.jpg,E:\Mega project\MedvisionAi-\ML-Model\data\Test\FYP skin disease Dataset\Melanoma\ISIC_0025592.jpg,Melanoma,Melanocytic Nevus (Nevus),0.508425772190094,skin,skin_model.keras,False,False
ISIC_0025904.jpg,E:\Mega project\MedvisionAi-\ML-Model\data\Test\FYP skin disease Dataset\Melanoma\ISIC_0025904.jpg,Melanoma,Melanocytic Nevus (Nevus),0.44658881425857544,skin,skin_model.keras,False,True
ISIC_0025987.jpg,E:\Mega project\MedvisionAi-\ML-Model\data\Test\FYP skin disease Dataset\Melanoma\ISIC_0025987.jpg,Melanoma,Melanocytic Nevus (Nevus),0.7125848531723022,skin,skin_model.keras,False,False
ISIC_0026150.jpg,E:\Mega project\MedvisionAi-\ML-Model\data\Test\FYP skin disease Dataset\Melanoma\ISIC_0026150.jpg,Melanoma,Melanocytic Nevus (Nevus),0.5381616950035095,skin,skin_model.keras,False,False
ISIC_0026774.jpg,E:\Mega project\MedvisionAi-\ML-Model\data\Test\FYP skin disease Dataset\Melanoma\ISIC_0026774.jpg,Melanoma,Melanocytic Nevus (Nevus),0.8451360464096069,skin,skin_model.keras,True,False
ISIC_0027071.jpg,E:\Mega project\MedvisionAi-\ML-Model\data\Test\FYP skin disease Dataset\Melanoma\ISIC_0027071.jpg,Melanoma,Basal Cell Carcinoma,0.4130243957042694,skin,skin_model.keras,False,True
ISIC_0027101.jpg,E:\Mega project\MedvisionAi-\ML-Model\data\Test\FYP skin disease Dataset\Melanoma\ISIC_0027101.jpg,Melanoma,Melanocytic Nevus (Nevus),0.4007536768913269,skin,skin_model.keras,False,True
ISIC_0027620.jpg,E:\Mega project\MedvisionAi-\ML-Model\data\Test\FYP skin disease Dataset\Melanoma\ISIC_0027620.jpg,Melanoma,Melanocytic Nevus (Nevus),0.9569452404975891,skin,skin_model.keras,True,False
ISIC_0027956.jpg,E:\Mega project\MedvisionAi-\ML-Model\data\Test\FYP skin disease Dataset\Melanoma\ISIC_0027956.jpg,Melanoma,Melanocytic Nevus (Nevus),0.7402743101119995,skin,skin_model.keras,False,False
ISIC_0028126.jpg,E:\Mega project\MedvisionAi-\ML-Model\data\Test\FYP skin disease Dataset\Melanoma\ISIC_0028126.jpg,Melanoma,Melanocytic Nevus (Nevus),0.918594241142273,skin,skin_model.keras,True,False
ISIC_0028198.jpg,E:\Mega project\MedvisionAi-\ML-Model\data\Test\FYP skin disease Dataset\Melanoma\ISIC_0028198.jpg,Melanoma,Melanocytic Nevus (Nevus),0.5642903447151184,skin,skin_model.keras,False,False
ISIC_0028219.jpg,E:\Mega project\MedvisionAi-\ML-Model\data\Test\FYP skin disease Dataset\Melanoma\ISIC_0028219.jpg,Melanoma,Melanocytic Nevus (Nevus),0.8054506778717041,skin,skin_model.keras,True,False
ISIC_0028288.jpg,E:\Mega project\MedvisionAi-\ML-Model\data\Test\FYP skin disease Dataset\Melanoma\ISIC_0028288.jpg,Melanoma,Melanocytic Nevus (Nevus),0.5980864763259888,skin,skin_model.keras,False,False
ISIC_0028352.jpg,E:\Mega project\MedvisionAi-\ML-Model\data\Test\FYP skin disease Dataset\Melanoma\ISIC_0028352.jpg,Melanoma,Melanocytic Nevus (Nevus),0.4691566824913025,skin,skin_model.keras,False,True
ISIC_0028415.jpg,E:\Mega project\MedvisionAi-\ML-Model\data\Test\FYP skin disease Dataset\Melanoma\ISIC_0028415.jpg,Melanoma,Melanocytic Nevus (Nevus),0.8870354294776917,skin,skin_model.keras,True,False
ISIC_0028579.jpg,E:\Mega project\MedvisionAi-\ML-Model\data\Test\FYP skin disease Dataset\Melanoma\ISIC_0028579.jpg,Melanoma,Melanocytic Nevus (Nevus),0.7983551621437073,skin,skin_model.keras,True,False
ISIC_0029242.jpg,E:\Mega project\MedvisionAi-\ML-Model\data\Test\FYP skin disease Dataset\Melanoma\ISIC_0029242.jpg,Melanoma,Melanocytic Nevus (Nevus),0.6053948402404785,skin,skin_model.keras,False,False
ISIC_0029562.jpg,E:\Mega project\MedvisionAi-\ML-Model\data\Test\FYP skin disease Dataset\Melanoma\ISIC_0029562.jpg,Melanoma,Melanocytic Nevus (Nevus),0.5530756115913391,skin,skin_model.keras,False,False
ISIC_0029698.jpg,E:\Mega project\MedvisionAi-\ML-Model\data\Test\FYP skin disease Dataset\Melanoma\ISIC_0029698.jpg,Melanoma,Melanocytic Nevus (Nevus),0.4406578242778778,skin,skin_model.keras,False,True
ISIC_0029726.jpg,E:\Mega project\MedvisionAi-\ML-Model\data\Test\FYP skin disease Dataset\Melanoma\ISIC_0029726.jpg,Melanoma,Melanocytic Nevus (Nevus),0.4739631414413452,skin,skin_model.keras,False,True
ISIC_0029995.jpg,E:\Mega project\MedvisionAi-\ML-Model\data\Test\FYP skin disease Dataset\Melanoma\ISIC_0029995.jpg,Melanoma,Melanocytic Nevus (Nevus),0.45400291681289673,skin,skin_model.keras,False,True
ISIC_0030002.jpg,E:\Mega project\MedvisionAi-\ML-Model\data\Test\FYP skin disease Dataset\Melanoma\ISIC_0030002.jpg,Melanoma,Melanocytic Nevus (Nevus),0.6070588231086731,skin,skin_model.keras,False,False
ISIC_0030107.jpg,E:\Mega project\MedvisionAi-\ML-Model\data\Test\FYP skin disease Dataset\Melanoma\ISIC_0030107.jpg,Melanoma,Melanocytic Nevus (Nevus),0.6726453304290771,skin,skin_model.keras,False,False
ISIC_0030119.jpg,E:\Mega project\MedvisionAi-\ML-Model\data\Test\FYP skin disease Dataset\Melanoma\ISIC_0030119.jpg,Melanoma,Basal Cell Carcinoma,0.4097330868244171,skin,skin_model.keras,False,True
ISIC_0030818.jpg,E:\Mega project\MedvisionAi-\ML-Model\data\Test\FYP skin disease Dataset\Melanoma\ISIC_0030818.jpg,Melanoma,Melanocytic Nevus (Nevus),0.8894755244255066,skin,skin_model.keras,True,False
ISIC_0031406.jpg,E:\Mega project\MedvisionAi-\ML-Model\data\Test\FYP skin disease Dataset\Melanoma\ISIC_0031406.jpg,Melanoma,Melanocytic Nevus (Nevus),0.5214656591415405,skin,skin_model.keras,False,False
ISIC_0031642.jpg,E:\Mega project\MedvisionAi-\ML-Model\data\Test\FYP skin disease Dataset\Melanoma\ISIC_0031642.jpg,Melanoma,Melanocytic Nevus (Nevus),0.5365426540374756,skin,skin_model.keras,False,False
ISIC_0031795.jpg,E:\Mega project\MedvisionAi-\ML-Model\data\Test\FYP skin disease Dataset\Melanoma\ISIC_0031795.jpg,Melanoma,Melanocytic Nevus (Nevus),0.5600189566612244,skin,skin_model.keras,False,False
ISIC_0031915.jpg,E:\Mega project\MedvisionAi-\ML-Model\data\Test\FYP skin disease Dataset\Melanoma\ISIC_0031915.jpg,Melanoma,Melanocytic Nevus (Nevus),0.5642690062522888,skin,skin_model.keras,False,False
ISIC_0032044.jpg,E:\Mega project\MedvisionAi-\ML-Model\data\Test\FYP skin disease Dataset\Melanoma\ISIC_0032044.jpg,Melanoma,Melanocytic Nevus (Nevus),0.6132089495658875,skin,skin_model.keras,False,False
ISIC_0032187.jpg,E:\Mega project\MedvisionAi-\ML-Model\data\Test\FYP skin disease Dataset\Melanoma\ISIC_0032187.jpg,Melanoma,Melanocytic Nevus (Nevus),0.699660062789917,skin,skin_model.keras,False,False
ISIC_0032258.jpg,E:\Mega project\MedvisionAi-\ML-Model\data\Test\FYP skin disease Dataset\Melanoma\ISIC_0032258.jpg,Melanoma,Basal Cell Carcinoma,0.4365343749523163,skin,skin_model.keras,False,True
ISIC_0032265.jpg,E:\Mega project\MedvisionAi-\ML-Model\data\Test\FYP skin disease Dataset\Melanoma\ISIC_0032265.jpg,Melanoma,Melanocytic Nevus (Nevus),0.8259902000427246,skin,skin_model.keras,True,False
ISIC_0032462.jpg,E:\Mega project\MedvisionAi-\ML-Model\data\Test\FYP skin disease Dataset\Melanoma\ISIC_0032462.jpg,Melanoma,Melanocytic Nevus (Nevus),0.5875381827354431,skin,skin_model.keras,False,False
ISIC_0032466.jpg,E:\Mega project\MedvisionAi-\ML-Model\data\Test\FYP skin disease Dataset\Melanoma\ISIC_0032466.jpg,Melanoma,Melanocytic Nevus (Nevus),0.5875229239463806,skin,skin_model.keras,False,False
ISIC_0032699.jpg,E:\Mega project\MedvisionAi-\ML-Model\data\Test\FYP skin disease Dataset\Melanoma\ISIC_0032699.jpg,Melanoma,Melanocytic Nevus (Nevus),0.45211198925971985,skin,skin_model.keras,False,True
ISIC_0032750.jpg,E:\Mega project\MedvisionAi-\ML-Model\data\Test\FYP skin disease Dataset\Melanoma\ISIC_0032750.jpg,Melanoma,Melanocytic Nevus (Nevus),0.8247552514076233,skin,skin_model.keras,True,False
ISIC_0032790.jpg,E:\Mega project\MedvisionAi-\ML-Model\data\Test\FYP skin disease Dataset\Melanoma\ISIC_0032790.jpg,Melanoma,Melanocytic Nevus (Nevus),0.39067375659942627,skin,skin_model.keras,False,True
ISIC_0032812.jpg,E:\Mega project\MedvisionAi-\ML-Model\data\Test\FYP skin disease Dataset\Melanoma\ISIC_0032812.jpg,Melanoma,Melanocytic Nevus (Nevus),0.7849457263946533,skin,skin_model.keras,True,False
ISIC_0032845.jpg,E:\Mega project\MedvisionAi-\ML-Model\data\Test\FYP skin disease Dataset\Melanoma\ISIC_0032845.jpg,Melanoma,Melanocytic Nevus (Nevus),0.7888131141662598,skin,skin_model.keras,True,False
ISIC_0032856.jpg,E:\Mega project\MedvisionAi-\ML-Model\data\Test\FYP skin disease Dataset\Melanoma\ISIC_0032856.jpg,Melanoma,Melanocytic Nevus (Nevus),0.5783947110176086,skin,skin_model.keras,False,False
ISIC_0032984.jpg,E:\Mega project\MedvisionAi-\ML-Model\data\Test\FYP skin disease Dataset\Melanoma\ISIC_0032984.jpg,Melanoma,Basal Cell Carcinoma,0.7869098782539368,skin,skin_model.keras,True,False
ISIC_0032993.jpg,E:\Mega project\MedvisionAi-\ML-Model\data\Test\FYP skin disease Dataset\Melanoma\ISIC_0032993.jpg,Melanoma,Melanocytic Nevus (Nevus),0.569166362285614,skin,skin_model.keras,False,False
ISIC_0033024.jpg,E:\Mega project\MedvisionAi-\ML-Model\data\Test\FYP skin disease Dataset\Melanoma\ISIC_0033024.jpg,Melanoma,Melanocytic Nevus (Nevus),0.5245407223701477,skin,skin_model.keras,False,False
ISIC_0033061.jpg,E:\Mega project\MedvisionAi-\ML-Model\data\Test\FYP skin disease Dataset\Melanoma\ISIC_0033061.jpg,Melanoma,Seborrheic Keratosis,0.4204957187175751,skin,skin_model.keras,False,True
ISIC_0033073.jpg,E:\Mega project\MedvisionAi-\ML-Model\data\Test\FYP skin disease Dataset\Melanoma\ISIC_0033073.jpg,Melanoma,Melanocytic Nevus (Nevus),0.5428943037986755,skin,skin_model.keras,False,False
ISIC_0033114.jpg,E:\Mega project\MedvisionAi-\ML-Model\data\Test\FYP skin disease Dataset\Melanoma\ISIC_0033114.jpg,Melanoma,Melanocytic Nevus (Nevus),0.7008975744247437,skin,skin_model.keras,False,False
ISIC_0033186.jpg,E:\Mega project\MedvisionAi-\ML-Model\data\Test\FYP skin disease Dataset\Melanoma\ISIC_0033186.jpg,Melanoma,Melanocytic Nevus (Nevus),0.9149535298347473,skin,skin_model.keras,True,False
ISIC_0033206.jpg,E:\Mega project\MedvisionAi-\ML-Model\data\Test\FYP skin disease Dataset\Melanoma\ISIC_0033206.jpg,Melanoma,Melanocytic Nevus (Nevus),0.8370254635810852,skin,skin_model.keras,True,False
ISIC_0033300.jpg,E:\Mega project\MedvisionAi-\ML-Model\data\Test\FYP skin disease Dataset\Melanoma\ISIC_0033300.jpg,Melanoma,Melanocytic Nevus (Nevus),0.6733103394508362,skin,skin_model.keras,False,False
ISIC_0033431.jpg,E:\Mega project\MedvisionAi-\ML-Model\data\Test\FYP skin disease Dataset\Melanoma\ISIC_0033431.jpg,Melanoma,Basal Cell Carcinoma,0.45801669359207153,skin,skin_model.keras,False,True
ISIC_0033454.jpg,E:\Mega project\MedvisionAi-\ML-Model\data\Test\FYP skin disease Dataset\Melanoma\ISIC_0033454.jpg,Melanoma,Basal Cell Carcinoma,0.5483830571174622,skin,skin_model.keras,False,False
ISIC_0033476.jpg,E:\Mega project\MedvisionAi-\ML-Model\data\Test\FYP skin disease Dataset\Melanoma\ISIC_0033476.jpg,Melanoma,Melanocytic Nevus (Nevus),0.8561340570449829,skin,skin_model.keras,True,False
ISIC_0033611.jpg,E:\Mega project\MedvisionAi-\ML-Model\data\Test\FYP skin disease Dataset\Melanoma\ISIC_0033611.jpg,Melanoma,Melanocytic Nevus (Nevus),0.7269234657287598,skin,skin_model.keras,False,False
ISIC_0033616.jpg,E:\Mega project\MedvisionAi-\ML-Model\data\Test\FYP skin disease Dataset\Melanoma\ISIC_0033616.jpg,Melanoma,Melanocytic Nevus (Nevus),0.9040127396583557,skin,skin_model.keras,True,False
ISIC_0033653.jpg,E:\Mega project\MedvisionAi-\ML-Model\data\Test\FYP skin disease Dataset\Melanoma\ISIC_0033653.jpg,Melanoma,Melanocytic Nevus (Nevus),0.5501256585121155,skin,skin_model.keras,False,False
ISIC_0033654.jpg,E:\Mega project\MedvisionAi-\ML-Model\data\Test\FYP skin disease Dataset\Melanoma\ISIC_0033654.jpg,Melanoma,Melanocytic Nevus (Nevus),0.8870848417282104,skin,skin_model.keras,True,False
ISIC_0033834.jpg,E:\Mega project\MedvisionAi-\ML-Model\data\Test\FYP skin disease Dataset\Melanoma\ISIC_0033834.jpg,Melanoma,Melanocytic Nevus (Nevus),0.6372305154800415,skin,skin_model.keras,False,False
ISIC_0033901.jpg,E:\Mega project\MedvisionAi-\ML-Model\data\Test\FYP skin disease Dataset\Melanoma\ISIC_0033901.jpg,Melanoma,Melanocytic Nevus (Nevus),0.74201500415802,skin,skin_model.keras,False,False
ISIC_0033946.jpg,E:\Mega project\MedvisionAi-\ML-Model\data\Test\FYP skin disease Dataset\Melanoma\ISIC_0033946.jpg,Melanoma,Melanocytic Nevus (Nevus),0.6797446608543396,skin,skin_model.keras,False,False
ISIC_0034002.jpg,E:\Mega project\MedvisionAi-\ML-Model\data\Test\FYP skin disease Dataset\Melanoma\ISIC_0034002.jpg,Melanoma,Melanocytic Nevus (Nevus),0.6553367376327515,skin,skin_model.keras,False,False
ISIC_0034104.jpg,E:\Mega project\MedvisionAi-\ML-Model\data\Test\FYP skin disease Dataset\Melanoma\ISIC_0034104.jpg,Melanoma,Melanocytic Nevus (Nevus),0.6508762836456299,skin,skin_model.keras,False,False
ISIC_0034132.jpg,E:\Mega project\MedvisionAi-\ML-Model\data\Test\FYP skin disease Dataset\Melanoma\ISIC_0034132.jpg,Melanoma,Basal Cell Carcinoma,0.5264316201210022,skin,skin_model.keras,False,False
ISIC_0034134.jpg,E:\Mega project\MedvisionAi-\ML-Model\data\Test\FYP skin disease Dataset\Melanoma\ISIC_0034134.jpg,Melanoma,Melanocytic Nevus (Nevus),0.6023064851760864,skin,skin_model.keras,False,False
ISIC_0034172.jpg,E:\Mega project\MedvisionAi-\ML-Model\data\Test\FYP skin disease Dataset\Melanoma\ISIC_0034172.jpg,Melanoma,Melanocytic Nevus (Nevus),0.5428541302680969,skin,skin_model.keras,False,False
ISIC_0034218.jpg,E:\Mega project\MedvisionAi-\ML-Model\data\Test\FYP skin disease Dataset\Melanoma\ISIC_0034218.jpg,Melanoma,Melanocytic Nevus (Nevus),0.4826822280883789,skin,skin_model.keras,False,True
ISIC_0034242.jpg,E:\Mega project\MedvisionAi-\ML-Model\data\Test\FYP skin disease Dataset\Melanoma\ISIC_0034242.jpg,Melanoma,Melanocytic Nevus (Nevus),0.7896430492401123,skin,skin_model.keras,True,False
ISIC_0034246.jpg,E:\Mega project\MedvisionAi-\ML-Model\data\Test\FYP skin disease Dataset\Melanoma\ISIC_0034246.jpg,Melanoma,Melanocytic Nevus (Nevus),0.5934761166572571,skin,skin_model.keras,False,False
ISIC_0034287.jpg,E:\Mega project\MedvisionAi-\ML-Model\data\Test\FYP skin disease Dataset\Melanoma\ISIC_0034287.jpg,Melanoma,Melanocytic Nevus (Nevus),0.7486212253570557,skin,skin_model.keras,False,False
ISIC_0034317.jpg,E:\Mega project\MedvisionAi-\ML-Model\data\Test\FYP skin disease Dataset\Melanoma\ISIC_0034317.jpg,Melanoma,Melanocytic Nevus (Nevus),0.66792893409729,skin,skin_model.keras,False,False
ISIC_6689593.jpg,E:\Mega project\MedvisionAi-\ML-Model\data\Test\FYP skin disease Dataset\Melanoma\ISIC_6689593.jpg,Melanoma,Melanocytic Nevus (Nevus),0.5688095092773438,skin,skin_model.keras,False,False
ISIC_6712342.jpg,E:\Mega project\MedvisionAi-\ML-Model\data\Test\FYP skin disease Dataset\Melanoma\ISIC_6712342.jpg,Melanoma,Melanocytic Nevus (Nevus),0.9098864197731018,skin,skin_model.keras,True,False
ISIC_6725390.jpg,E:\Mega project\MedvisionAi-\ML-Model\data\Test\FYP skin disease Dataset\Melanoma\ISIC_6725390.jpg,Melanoma,Melanocytic Nevus (Nevus),0.8808070421218872,skin,skin_model.keras,True,False
ISIC_6734859.jpg,E:\Mega project\MedvisionAi-\ML-Model\data\Test\FYP skin disease Dataset\Melanoma\ISIC_6734859.jpg,Melanoma,Melanocytic Nevus (Nevus),0.6475405693054199,skin,skin_model.keras,False,False
ISIC_6759319.jpg,E:\Mega project\MedvisionAi-\ML-Model\data\Test\FYP skin disease Dataset\Melanoma\ISIC_6759319.jpg,Melanoma,Melanocytic Nevus (Nevus),0.6731846332550049,skin,skin_model.keras,False,False
ISIC_6761105.jpg,E:\Mega project\MedvisionAi-\ML-Model\data\Test\FYP skin disease Dataset\Melanoma\ISIC_6761105.jpg,Melanoma,Basal Cell Carcinoma,0.4306863844394684,skin,skin_model.keras,False,True
ISIC_6762061.jpg,E:\Mega project\MedvisionAi-\ML-Model\data\Test\FYP skin disease Dataset\Melanoma\ISIC_6762061.jpg,Melanoma,Actinic Keratosis,0.6750535368919373,skin,skin_model.keras,False,False
ISIC_6764541.jpg,E:\Mega project\MedvisionAi-\ML-Model\data\Test\FYP skin disease Dataset\Melanoma\ISIC_6764541.jpg,Melanoma,Melanocytic Nevus (Nevus),0.6846197843551636,skin,skin_model.keras,False,False
ISIC_6788130.jpg,E:\Mega project\MedvisionAi-\ML-Model\data\Test\FYP skin disease Dataset\Melanoma\ISIC_6788130.jpg,Melanoma,Melanocytic Nevus (Nevus),0.8787478804588318,skin,skin_model.keras,True,False
ISIC_6799255.jpg,E:\Mega project\MedvisionAi-\ML-Model\data\Test\FYP skin disease Dataset\Melanoma\ISIC_6799255.jpg,Melanoma,Melanocytic Nevus (Nevus),0.6811578273773193,skin,skin_model.keras,False,False
ISIC_6814478.jpg,E:\Mega project\MedvisionAi-\ML-Model\data\Test\FYP skin disease Dataset\Melanoma\ISIC_6814478.jpg,Melanoma,Melanocytic Nevus (Nevus),0.578406035900116,skin,skin_model.keras,False,False
ISIC_6817405.jpg,E:\Mega project\MedvisionAi-\ML-Model\data\Test\FYP skin disease Dataset\Melanoma\ISIC_6817405.jpg,Melanoma,Melanocytic Nevus (Nevus),0.6431176662445068,skin,skin_model.keras,False,False
ISIC_6837470.jpg,E:\Mega project\MedvisionAi-\ML-Model\data\Test\FYP skin disease Dataset\Melanoma\ISIC_6837470.jpg,Melanoma,Melanocytic Nevus (Nevus),0.48184460401535034,skin,skin_model.keras,False,True
ISIC_6853584.jpg,E:\Mega project\MedvisionAi-\ML-Model\data\Test\FYP skin disease Dataset\Melanoma\ISIC_6853584.jpg,Melanoma,Melanocytic Nevus (Nevus),0.5343043804168701,skin,skin_model.keras,False,False
ISIC_6869019.jpg,E:\Mega project\MedvisionAi-\ML-Model\data\Test\FYP skin disease Dataset\Melanoma\ISIC_6869019.jpg,Melanoma,Melanocytic Nevus (Nevus),0.7980795502662659,skin,skin_model.keras,True,False
ISIC_6893398.jpg,E:\Mega project\MedvisionAi-\ML-Model\data\Test\FYP skin disease Dataset\Melanoma\ISIC_6893398.jpg,Melanoma,Melanocytic Nevus (Nevus),0.46802818775177,skin,skin_model.keras,False,True
ISIC_6910316.jpg,E:\Mega project\MedvisionAi-\ML-Model\data\Test\FYP skin disease Dataset\Melanoma\ISIC_6910316.jpg,Melanoma,Melanocytic Nevus (Nevus),0.6798393726348877,skin,skin_model.keras,False,False
ISIC_6916987.jpg,E:\Mega project\MedvisionAi-\ML-Model\data\Test\FYP skin disease Dataset\Melanoma\ISIC_6916987.jpg,Melanoma,Actinic Keratosis,0.7245639562606812,skin,skin_model.keras,False,False
ISIC_6923820.jpg,E:\Mega project\MedvisionAi-\ML-Model\data\Test\FYP skin disease Dataset\Melanoma\ISIC_6923820.jpg,Melanoma,Melanocytic Nevus (Nevus),0.7886818647384644,skin,skin_model.keras,True,False
ISIC_6930612.jpg,E:\Mega project\MedvisionAi-\ML-Model\data\Test\FYP skin disease Dataset\Melanoma\ISIC_6930612.jpg,Melanoma,Melanocytic Nevus (Nevus),0.5369452834129333,skin,skin_model.keras,False,False
ISIC_6946260.jpg,E:\Mega project\MedvisionAi-\ML-Model\data\Test\FYP skin disease Dataset\Melanoma\ISIC_6946260.jpg,Melanoma,Melanocytic Nevus (Nevus),0.6416460871696472,skin,skin_model.keras,False,False
ISIC_6953334.jpg,E:\Mega project\MedvisionAi-\ML-Model\data\Test\FYP skin disease Dataset\Melanoma\ISIC_6953334.jpg,Melanoma,Melanocytic Nevus (Nevus),0.4844686686992645,skin,skin_model.keras,False,True
ISIC_6979462.jpg,E:\Mega project\MedvisionAi-\ML-Model\data\Test\FYP skin disease Dataset\Melanoma\ISIC_6979462.jpg,Melanoma,Melanocytic Nevus (Nevus),0.6115599870681763,skin,skin_model.keras,False,False
ISIC_7010552.jpg,E:\Mega project\MedvisionAi-\ML-Model\data\Test\FYP skin disease Dataset\Melanoma\ISIC_7010552.jpg,Melanoma,Melanocytic Nevus (Nevus),0.7260342836380005,skin,skin_model.keras,False,False
ISIC_7011753.jpg,E:\Mega project\MedvisionAi-\ML-Model\data\Test\FYP skin disease Dataset\Melanoma\ISIC_7011753.jpg,Melanoma,Melanocytic Nevus (Nevus),0.5534762144088745,skin,skin_model.keras,False,False
ISIC_7050122.jpg,E:\Mega project\MedvisionAi-\ML-Model\data\Test\FYP skin disease Dataset\Melanoma\ISIC_7050122.jpg,Melanoma,Melanocytic Nevus (Nevus),0.6814495921134949,skin,skin_model.keras,False,False
ISIC_7092287.jpg,E:\Mega project\MedvisionAi-\ML-Model\data\Test\FYP skin disease Dataset\Melanoma\ISIC_7092287.jpg,Melanoma,Melanocytic Nevus (Nevus),0.4878600835800171,skin,skin_model.keras,False,True
ISIC_7107303.jpg,E:\Mega project\MedvisionAi-\ML-Model\data\Test\FYP skin disease Dataset\Melanoma\ISIC_7107303.jpg,Melanoma,Melanocytic Nevus (Nevus),0.5734847187995911,skin,skin_model.keras,False,False
ISIC_7107941.jpg,E:\Mega project\MedvisionAi-\ML-Model\data\Test\FYP skin disease Dataset\Melanoma\ISIC_7107941.jpg,Melanoma,Seborrheic Keratosis,0.3891112804412842,skin,skin_model.keras,False,True
ISIC_7116091.jpg,E:\Mega project\MedvisionAi-\ML-Model\data\Test\FYP skin disease Dataset\Melanoma\ISIC_7116091.jpg,Melanoma,Melanocytic Nevus (Nevus),0.547261655330658,skin,skin_model.keras,False,False
ISIC_7138962.jpg,E:\Mega project\MedvisionAi-\ML-Model\data\Test\FYP skin disease Dataset\Melanoma\ISIC_7138962.jpg,Melanoma,Melanocytic Nevus (Nevus),0.7722876071929932,skin,skin_model.keras,True,False
ISIC_7143504.jpg,E:\Mega project\MedvisionAi-\ML-Model\data\Test\FYP skin disease Dataset\Melanoma\ISIC_7143504.jpg,Melanoma,Melanocytic Nevus (Nevus),0.5231155753135681,skin,skin_model.keras,False,False
ISIC_7147168.jpg,E:\Mega project\MedvisionAi-\ML-Model\data\Test\FYP skin disease Dataset\Melanoma\ISIC_7147168.jpg,Melanoma,Melanocytic Nevus (Nevus),0.7942457795143127,skin,skin_model.keras,True,False
ISIC_7151230.jpg,E:\Mega project\MedvisionAi-\ML-Model\data\Test\FYP skin disease Dataset\Melanoma\ISIC_7151230.jpg,Melanoma,Melanocytic Nevus (Nevus),0.4948998689651489,skin,skin_model.keras,False,True
ISIC_7178222.jpg,E:\Mega project\MedvisionAi-\ML-Model\data\Test\FYP skin disease Dataset\Melanoma\ISIC_7178222.jpg,Melanoma,Melanocytic Nevus (Nevus),0.8667992949485779,skin,skin_model.keras,True,False
ISIC_7207977.jpg,E:\Mega project\MedvisionAi-\ML-Model\data\Test\FYP skin disease Dataset\Melanoma\ISIC_7207977.jpg,Melanoma,Melanocytic Nevus (Nevus),0.6155563592910767,skin,skin_model.keras,False,False
ISIC_7212271.jpg,E:\Mega project\MedvisionAi-\ML-Model\data\Test\FYP skin disease Dataset\Melanoma\ISIC_7212271.jpg,Melanoma,Melanocytic Nevus (Nevus),0.7252967357635498,skin,skin_model.keras,False,False
ISIC_7225331.jpg,E:\Mega project\MedvisionAi-\ML-Model\data\Test\FYP skin disease Dataset\Melanoma\ISIC_7225331.jpg,Melanoma,Melanocytic Nevus (Nevus),0.40946561098098755,skin,skin_model.keras,False,True
ISIC_7233368.jpg,E:\Mega project\MedvisionAi-\ML-Model\data\Test\FYP skin disease Dataset\Melanoma\ISIC_7233368.jpg,Melanoma,Melanocytic Nevus (Nevus),0.874397337436676,skin,skin_model.keras,True,False
ISIC_7246096.jpg,E:\Mega project\MedvisionAi-\ML-Model\data\Test\FYP skin disease Dataset\Melanoma\ISIC_7246096.jpg,Melanoma,Melanocytic Nevus (Nevus),0.5383745431900024,skin,skin_model.keras,False,False
ISIC_7257671.jpg,E:\Mega project\MedvisionAi-\ML-Model\data\Test\FYP skin disease Dataset\Melanoma\ISIC_7257671.jpg,Melanoma,Melanocytic Nevus (Nevus),0.5182011723518372,skin,skin_model.keras,False,False
ISIC_7263013.jpg,E:\Mega project\MedvisionAi-\ML-Model\data\Test\FYP skin disease Dataset\Melanoma\ISIC_7263013.jpg,Melanoma,Melanocytic Nevus (Nevus),0.8289927244186401,skin,skin_model.keras,True,False
ISIC_7279098.jpg,E:\Mega project\MedvisionAi-\ML-Model\data\Test\FYP skin disease Dataset\Melanoma\ISIC_7279098.jpg,Melanoma,Melanocytic Nevus (Nevus),0.5818796157836914,skin,skin_model.keras,False,False
ISIC_7293761.jpg,E:\Mega project\MedvisionAi-\ML-Model\data\Test\FYP skin disease Dataset\Melanoma\ISIC_7293761.jpg,Melanoma,Melanocytic Nevus (Nevus),0.7272078990936279,skin,skin_model.keras,False,False
ISIC_7332135.jpg,E:\Mega project\MedvisionAi-\ML-Model\data\Test\FYP skin disease Dataset\Melanoma\ISIC_7332135.jpg,Melanoma,Melanocytic Nevus (Nevus),0.6324246525764465,skin,skin_model.keras,False,False
ISIC_7348343.jpg,E:\Mega project\MedvisionAi-\ML-Model\data\Test\FYP skin disease Dataset\Melanoma\ISIC_7348343.jpg,Melanoma,Melanocytic Nevus (Nevus),0.6910656690597534,skin,skin_model.keras,False,False
ISIC_7349772.jpg,E:\Mega project\MedvisionAi-\ML-Model\data\Test\FYP skin disease Dataset\Melanoma\ISIC_7349772.jpg,Melanoma,Melanocytic Nevus (Nevus),0.8002974987030029,skin,skin_model.keras,True,False
ISIC_7355316.jpg,E:\Mega project\MedvisionAi-\ML-Model\data\Test\FYP skin disease Dataset\Melanoma\ISIC_7355316.jpg,Melanoma,Melanocytic Nevus (Nevus),0.35996580123901367,skin,skin_model.keras,False,True
ISIC_7356954.jpg,E:\Mega project\MedvisionAi-\ML-Model\data\Test\FYP skin disease Dataset\Melanoma\ISIC_7356954.jpg,Melanoma,Melanocytic Nevus (Nevus),0.7808377146720886,skin,skin_model.keras,True,False
ISIC_7371801.jpg,E:\Mega project\MedvisionAi-\ML-Model\data\Test\FYP skin disease Dataset\Melanoma\ISIC_7371801.jpg,Melanoma,Melanocytic Nevus (Nevus),0.8225573897361755,skin,skin_model.keras,True,False
ISIC_7372081.jpg,E:\Mega project\MedvisionAi-\ML-Model\data\Test\FYP skin disease Dataset\Melanoma\ISIC_7372081.jpg,Melanoma,Melanocytic Nevus (Nevus),0.5158597826957703,skin,skin_model.keras,False,False
ISIC_7391160.jpg,E:\Mega project\MedvisionAi-\ML-Model\data\Test\FYP skin disease Dataset\Melanoma\ISIC_7391160.jpg,Melanoma,Melanocytic Nevus (Nevus),0.5423263311386108,skin,skin_model.keras,False,False
ISIC_7391200.jpg,E:\Mega project\MedvisionAi-\ML-Model\data\Test\FYP skin disease Dataset\Melanoma\ISIC_7391200.jpg,Melanoma,Melanocytic Nevus (Nevus),0.8649053573608398,skin,skin_model.keras,True,False
ISIC_7401893.jpg,E:\Mega project\MedvisionAi-\ML-Model\data\Test\FYP skin disease Dataset\Melanoma\ISIC_7401893.jpg,Melanoma,Melanocytic Nevus (Nevus),0.6345894932746887,skin,skin_model.keras,False,False
ISIC_7409085.jpg,E:\Mega project\MedvisionAi-\ML-Model\data\Test\FYP skin disease Dataset\Melanoma\ISIC_7409085.jpg,Melanoma,Melanocytic Nevus (Nevus),0.6475937366485596,skin,skin_model.keras,False,False
ISIC_7416783.jpg,E:\Mega project\MedvisionAi-\ML-Model\data\Test\FYP skin disease Dataset\Melanoma\ISIC_7416783.jpg,Melanoma,Melanocytic Nevus (Nevus),0.6573683619499207,skin,skin_model.keras,False,False
ISIC_7418441.jpg,E:\Mega project\MedvisionAi-\ML-Model\data\Test\FYP skin disease Dataset\Melanoma\ISIC_7418441.jpg,Melanoma,Melanocytic Nevus (Nevus),0.8704834580421448,skin,skin_model.keras,True,False
ISIC_7430481.jpg,E:\Mega project\MedvisionAi-\ML-Model\data\Test\FYP skin disease Dataset\Melanoma\ISIC_7430481.jpg,Melanoma,Melanocytic Nevus (Nevus),0.7097991704940796,skin,skin_model.keras,False,False
ISIC_7430916.jpg,E:\Mega project\MedvisionAi-\ML-Model\data\Test\FYP skin disease Dataset\Melanoma\ISIC_7430916.jpg,Melanoma,Melanocytic Nevus (Nevus),0.839613676071167,skin,skin_model.keras,True,False
ISIC_7434918.jpg,E:\Mega project\MedvisionAi-\ML-Model\data\Test\FYP skin disease Dataset\Melanoma\ISIC_7434918.jpg,Melanoma,Melanocytic Nevus (Nevus),0.7826288938522339,skin,skin_model.keras,True,False
ISIC_7446263.jpg,E:\Mega project\MedvisionAi-\ML-Model\data\Test\FYP skin disease Dataset\Melanoma\ISIC_7446263.jpg,Melanoma,Melanocytic Nevus (Nevus),0.6910936832427979,skin,skin_model.keras,False,False
ISIC_7452871.jpg,E:\Mega project\MedvisionAi-\ML-Model\data\Test\FYP skin disease Dataset\Melanoma\ISIC_7452871.jpg,Melanoma,Melanocytic Nevus (Nevus),0.7560474276542664,skin,skin_model.keras,True,False
ISIC_7465209.jpg,E:\Mega project\MedvisionAi-\ML-Model\data\Test\FYP skin disease Dataset\Melanoma\ISIC_7465209.jpg,Melanoma,Melanocytic Nevus (Nevus),0.7102559208869934,skin,skin_model.keras,False,False
ISIC_7489925.jpg,E:\Mega project\MedvisionAi-\ML-Model\data\Test\FYP skin disease Dataset\Melanoma\ISIC_7489925.jpg,Melanoma,Melanocytic Nevus (Nevus),0.6664018630981445,skin,skin_model.keras,False,False
ISIC_7491217.jpg,E:\Mega project\MedvisionAi-\ML-Model\data\Test\FYP skin disease Dataset\Melanoma\ISIC_7491217.jpg,Melanoma,Melanocytic Nevus (Nevus),0.702698826789856,skin,skin_model.keras,False,False
ISIC_7500420.jpg,E:\Mega project\MedvisionAi-\ML-Model\data\Test\FYP skin disease Dataset\Melanoma\ISIC_7500420.jpg,Melanoma,Melanocytic Nevus (Nevus),0.5992120504379272,skin,skin_model.keras,False,False
ISIC_7500665.jpg,E:\Mega project\MedvisionAi-\ML-Model\data\Test\FYP skin disease Dataset\Melanoma\ISIC_7500665.jpg,Melanoma,Melanocytic Nevus (Nevus),0.5119326114654541,skin,skin_model.keras,False,False
ISIC_7508320.jpg,E:\Mega project\MedvisionAi-\ML-Model\data\Test\FYP skin disease Dataset\Melanoma\ISIC_7508320.jpg,Melanoma,Melanocytic Nevus (Nevus),0.8089195489883423,skin,skin_model.keras,True,False
ISIC_7514880.jpg,E:\Mega project\MedvisionAi-\ML-Model\data\Test\FYP skin disease Dataset\Melanoma\ISIC_7514880.jpg,Melanoma,Melanocytic Nevus (Nevus),0.8666234016418457,skin,skin_model.keras,True,False
ISIC_7515794.jpg,E:\Mega project\MedvisionAi-\ML-Model\data\Test\FYP skin disease Dataset\Melanoma\ISIC_7515794.jpg,Melanoma,Melanocytic Nevus (Nevus),0.5650283694267273,skin,skin_model.keras,False,False
ISIC_7536649.jpg,E:\Mega project\MedvisionAi-\ML-Model\data\Test\FYP skin disease Dataset\Melanoma\ISIC_7536649.jpg,Melanoma,Melanocytic Nevus (Nevus),0.26283419132232666,skin,skin_model.keras,False,True
ISIC_7547714.jpg,E:\Mega project\MedvisionAi-\ML-Model\data\Test\FYP skin disease Dataset\Melanoma\ISIC_7547714.jpg,Melanoma,Melanocytic Nevus (Nevus),0.5518667101860046,skin,skin_model.keras,False,False
ISIC_7548630.jpg,E:\Mega project\MedvisionAi-\ML-Model\data\Test\FYP skin disease Dataset\Melanoma\ISIC_7548630.jpg,Melanoma,Melanocytic Nevus (Nevus),0.6079584360122681,skin,skin_model.keras,False,False
ISIC_7555812.jpg,E:\Mega project\MedvisionAi-\ML-Model\data\Test\FYP skin disease Dataset\Melanoma\ISIC_7555812.jpg,Melanoma,Melanocytic Nevus (Nevus),0.6253958940505981,skin,skin_model.keras,False,False
ISIC_7563920.jpg,E:\Mega project\MedvisionAi-\ML-Model\data\Test\FYP skin disease Dataset\Melanoma\ISIC_7563920.jpg,Melanoma,Melanocytic Nevus (Nevus),0.6514484882354736,skin,skin_model.keras,False,False
ISIC_7566258.jpg,E:\Mega project\MedvisionAi-\ML-Model\data\Test\FYP skin disease Dataset\Melanoma\ISIC_7566258.jpg,Melanoma,Melanocytic Nevus (Nevus),0.6113698482513428,skin,skin_model.keras,False,False
ISIC_7569537.jpg,E:\Mega project\MedvisionAi-\ML-Model\data\Test\FYP skin disease Dataset\Melanoma\ISIC_7569537.jpg,Melanoma,Melanocytic Nevus (Nevus),0.8341696262359619,skin,skin_model.keras,True,False
ISIC_7570120.jpg,E:\Mega project\MedvisionAi-\ML-Model\data\Test\FYP skin disease Dataset\Melanoma\ISIC_7570120.jpg,Melanoma,Melanocytic Nevus (Nevus),0.4277782440185547,skin,skin_model.keras,False,True
ISIC_7588047.jpg,E:\Mega project\MedvisionAi-\ML-Model\data\Test\FYP skin disease Dataset\Melanoma\ISIC_7588047.jpg,Melanoma,Melanocytic Nevus (Nevus),0.9036004543304443,skin,skin_model.keras,True,False
ISIC_7594350.jpg,E:\Mega project\MedvisionAi-\ML-Model\data\Test\FYP skin disease Dataset\Melanoma\ISIC_7594350.jpg,Melanoma,Melanocytic Nevus (Nevus),0.7373087406158447,skin,skin_model.keras,False,False
ISIC_7612417.jpg,E:\Mega project\MedvisionAi-\ML-Model\data\Test\FYP skin disease Dataset\Melanoma\ISIC_7612417.jpg,Melanoma,Melanocytic Nevus (Nevus),0.5141666531562805,skin,skin_model.keras,False,False
ISIC_7619467.jpg,E:\Mega project\MedvisionAi-\ML-Model\data\Test\FYP skin disease Dataset\Melanoma\ISIC_7619467.jpg,Melanoma,Melanocytic Nevus (Nevus),0.6954339742660522,skin,skin_model.keras,False,False
0014_Dermatoscopic (1).png,E:\Mega project\MedvisionAi-\ML-Model\data\Test\FYP skin disease Dataset\Seborrheic Keratosis\0014_Dermatoscopic (1).png,Seborrheic Keratosis,Melanoma,0.6052799224853516,skin,skin_model.keras,False,False
0085_Dermatoscopica.png,E:\Mega project\MedvisionAi-\ML-Model\data\Test\FYP skin disease Dataset\Seborrheic Keratosis\0085_Dermatoscopica.png,Seborrheic Keratosis,Melanocytic Nevus (Nevus),0.4139154851436615,skin,skin_model.keras,False,True
accessory-trachus-3.jpg,E:\Mega project\MedvisionAi-\ML-Model\data\Test\FYP skin disease Dataset\Seborrheic Keratosis\accessory-trachus-3.jpg,Seborrheic Keratosis,Melanocytic Nevus (Nevus),0.35197898745536804,skin,skin_model.keras,False,True
acquired-digital-fibrokeratoma-3.jpg,E:\Mega project\MedvisionAi-\ML-Model\data\Test\FYP skin disease Dataset\Seborrheic Keratosis\acquired-digital-fibrokeratoma-3.jpg,Seborrheic Keratosis,Melanoma,0.2786063849925995,skin,skin_model.keras,False,True
chondrodermatitis-nodularis-4.jpg,E:\Mega project\MedvisionAi-\ML-Model\data\Test\FYP skin disease Dataset\Seborrheic Keratosis\chondrodermatitis-nodularis-4.jpg,Seborrheic Keratosis,Melanoma,0.5416861772537231,skin,skin_model.keras,False,False
chondrodermatitis-nodularis-43.jpg,E:\Mega project\MedvisionAi-\ML-Model\data\Test\FYP skin disease Dataset\Seborrheic Keratosis\chondrodermatitis-nodularis-43.jpg,Seborrheic Keratosis,Melanocytic Nevus (Nevus),0.5574997067451477,skin,skin_model.keras,False,False
chondrodermatitis-nodularis-44.jpg,E:\Mega project\MedvisionAi-\ML-Model\data\Test\FYP skin disease Dataset\Seborrheic Keratosis\chondrodermatitis-nodularis-44.jpg,Seborrheic Keratosis,Basal Cell Carcinoma,0.3680095672607422,skin,skin_model.keras,False,True
chondrodermatitis-nodularis-5.jpg,E:\Mega project\MedvisionAi-\ML-Model\data\Test\FYP skin disease Dataset\Seborrheic Keratosis\chondrodermatitis-nodularis-5.jpg,Seborrheic Keratosis,Melanoma,0.5796902775764465,skin,skin_model.keras,False,False
chondrodermatitis-nodularis-58.jpg,E:\Mega project\MedvisionAi-\ML-Model\data\Test\FYP skin disease Dataset\Seborrheic Keratosis\chondrodermatitis-nodularis-58.jpg,Seborrheic Keratosis,Melanoma,0.5153555870056152,skin,skin_model.keras,False,False
chondrodermatitis-nodularis-61.jpg,E:\Mega project\MedvisionAi-\ML-Model\data\Test\FYP skin disease Dataset\Seborrheic Keratosis\chondrodermatitis-nodularis-61.jpg,Seborrheic Keratosis,Melanoma,0.7422321438789368,skin,skin_model.keras,False,False
cylindroma-1.jpg,E:\Mega project\MedvisionAi-\ML-Model\data\Test\FYP skin disease Dataset\Seborrheic Keratosis\cylindroma-1.jpg,Seborrheic Keratosis,Melanoma,0.4740721881389618,skin,skin_model.keras,False,True
dermatofibroma-10.jpg,E:\Mega project\MedvisionAi-\ML-Model\data\Test\FYP skin disease Dataset\Seborrheic Keratosis\dermatofibroma-10.jpg,Seborrheic Keratosis,Melanocytic Nevus (Nevus),0.4117761552333832,skin,skin_model.keras,False,True
dermatofibroma-102.jpg,E:\Mega project\MedvisionAi-\ML-Model\data\Test\FYP skin disease Dataset\Seborrheic Keratosis\dermatofibroma-102.jpg,Seborrheic Keratosis,Melanocytic Nevus (Nevus),0.3759815990924835,skin,skin_model.keras,False,True
dermatofibroma-121.jpg,E:\Mega project\MedvisionAi-\ML-Model\data\Test\FYP skin disease Dataset\Seborrheic Keratosis\dermatofibroma-121.jpg,Seborrheic Keratosis,Melanocytic Nevus (Nevus),0.47841373085975647,skin,skin_model.keras,False,True
dermatofibroma-125.jpg,E:\Mega project\MedvisionAi-\ML-Model\data\Test\FYP skin disease Dataset\Seborrheic Keratosis\dermatofibroma-125.jpg,Seborrheic Keratosis,Melanocytic Nevus (Nevus),0.6414574384689331,skin,skin_model.keras,False,False
dermatofibroma-136.jpg,E:\Mega project\MedvisionAi-\ML-Model\data\Test\FYP skin disease Dataset\Seborrheic Keratosis\dermatofibroma-136.jpg,Seborrheic Keratosis,Melanoma,0.5536152720451355,skin,skin_model.keras,False,False
dermatofibroma-55.jpg,E:\Mega project\MedvisionAi-\ML-Model\data\Test\FYP skin disease Dataset\Seborrheic Keratosis\dermatofibroma-55.jpg,Seborrheic Keratosis,Melanocytic Nevus (Nevus),0.3630552589893341,skin,skin_model.keras,False,True
dermatofibroma-66.jpg,E:\Mega project\MedvisionAi-\ML-Model\data\Test\FYP skin disease Dataset\Seborrheic Keratosis\dermatofibroma-66.jpg,Seborrheic Keratosis,Melanocytic Nevus (Nevus),0.5599074959754944,skin,skin_model.keras,False,False
dermatosis-papulosa-nigra-7.jpg,E:\Mega project\MedvisionAi-\ML-Model\data\Test\FYP skin disease Dataset\Seborrheic Keratosis\dermatosis-papulosa-nigra-7.jpg,Seborrheic Keratosis,Melanoma,0.3584148585796356,skin,skin_model.keras,False,True
eccrine-spiradenoma-1.jpg,E:\Mega project\MedvisionAi-\ML-Model\data\Test\FYP skin disease Dataset\Seborrheic Keratosis\eccrine-spiradenoma-1.jpg,Seborrheic Keratosis,Melanoma,0.388664573431015,skin,skin_model.keras,False,True
epidermal-cyst-179.jpg,E:\Mega project\MedvisionAi-\ML-Model\data\Test\FYP skin disease Dataset\Seborrheic Keratosis\epidermal-cyst-179.jpg,Seborrheic Keratosis,Melanoma,0.47840577363967896,skin,skin_model.keras,False,True
epidermal-cyst-93.jpg,E:\Mega project\MedvisionAi-\ML-Model\data\Test\FYP skin disease Dataset\Seborrheic Keratosis\epidermal-cyst-93.jpg,Seborrheic Keratosis,Melanoma,0.4914834499359131,skin,skin_model.keras,False,True
epidermal-cyst-99.jpg,E:\Mega project\MedvisionAi-\ML-Model\data\Test\FYP skin disease Dataset\Seborrheic Keratosis\epidermal-cyst-99.jpg,Seborrheic Keratosis,Melanocytic Nevus (Nevus),0.7700636386871338,skin,skin_model.keras,True,False
epidermal-nevus-26.jpg,E:\Mega project\MedvisionAi-\ML-Model\data\Test\FYP skin disease Dataset\Seborrheic Keratosis\epidermal-nevus-26.jpg,Seborrheic Keratosis,Melanocytic Nevus (Nevus),0.9019284248352051,skin,skin_model.keras,True,False
epidermal-nevus-3.jpg,E:\Mega project\MedvisionAi-\ML-Model\data\Test\FYP skin disease Dataset\Seborrheic Keratosis\epidermal-nevus-3.jpg,Seborrheic Keratosis,Melanoma,0.45472684502601624,skin,skin_model.keras,False,True
epidermal-nevus-44.jpg,E:\Mega project\MedvisionAi-\ML-Model\data\Test\FYP skin disease Dataset\Seborrheic Keratosis\epidermal-nevus-44.jpg,Seborrheic Keratosis,Basal Cell Carcinoma,0.5032188296318054,skin,skin_model.keras,False,False
epidermal-nevus-56.jpg,E:\Mega project\MedvisionAi-\ML-Model\data\Test\FYP skin disease Dataset\Seborrheic Keratosis\epidermal-nevus-56.jpg,Seborrheic Keratosis,Actinic Keratosis,0.29952558875083923,skin,skin_model.keras,False,True
epidermal-nevus-65.jpg,E:\Mega project\MedvisionAi-\ML-Model\data\Test\FYP skin disease Dataset\Seborrheic Keratosis\epidermal-nevus-65.jpg,Seborrheic Keratosis,Basal Cell Carcinoma,0.4830596446990967,skin,skin_model.keras,False,True
hydrocystoma-6.jpg,E:\Mega project\MedvisionAi-\ML-Model\data\Test\FYP skin disease Dataset\Seborrheic Keratosis\hydrocystoma-6.jpg,Seborrheic Keratosis,Actinic Keratosis,0.43699824810028076,skin,skin_model.keras,False,True
ISIC_0012143.jpg,E:\Mega project\MedvisionAi-\ML-Model\data\Test\FYP skin disease Dataset\Seborrheic Keratosis\ISIC_0012143.jpg,Seborrheic Keratosis,Basal Cell Carcinoma,0.5525776147842407,skin,skin_model.keras,False,False
ISIC_0012223.jpg,E:\Mega project\MedvisionAi-\ML-Model\data\Test\FYP skin disease Dataset\Seborrheic Keratosis\ISIC_0012223.jpg,Seborrheic Keratosis,Basal Cell Carcinoma,0.8742460012435913,skin,skin_model.keras,True,False
ISIC_0012245.jpg,E:\Mega project\MedvisionAi-\ML-Model\data\Test\FYP skin disease Dataset\Seborrheic Keratosis\ISIC_0012245.jpg,Seborrheic Keratosis,Melanocytic Nevus (Nevus),0.6478649377822876,skin,skin_model.keras,False,False
ISIC_0012323.jpg,E:\Mega project\MedvisionAi-\ML-Model\data\Test\FYP skin disease Dataset\Seborrheic Keratosis\ISIC_0012323.jpg,Seborrheic Keratosis,Basal Cell Carcinoma,0.4874321520328522,skin,skin_model.keras,False,True
ISIC_0012388.jpg,E:\Mega project\MedvisionAi-\ML-Model\data\Test\FYP skin disease Dataset\Seborrheic Keratosis\ISIC_0012388.jpg,Seborrheic Keratosis,Melanoma,0.4506087899208069,skin,skin_model.keras,False,True
ISIC_0014554.jpg,E:\Mega project\MedvisionAi-\ML-Model\data\Test\FYP skin disease Dataset\Seborrheic Keratosis\ISIC_0014554.jpg,Seborrheic Keratosis,Dermatofibroma,0.6259274482727051,skin,skin_model.keras,False,False
ISIC_0014607.jpg,E:\Mega project\MedvisionAi-\ML-Model\data\Test\FYP skin disease Dataset\Seborrheic Keratosis\ISIC_0014607.jpg,Seborrheic Keratosis,Dermatofibroma,0.3919297158718109,skin,skin_model.keras,False,True
ISIC_0014622.jpg,E:\Mega project\MedvisionAi-\ML-Model\data\Test\FYP skin disease Dataset\Seborrheic Keratosis\ISIC_0014622.jpg,Seborrheic Keratosis,Dermatofibroma,0.44730401039123535,skin,skin_model.keras,False,True
ISIC_0014641.jpg,E:\Mega project\MedvisionAi-\ML-Model\data\Test\FYP skin disease Dataset\Seborrheic Keratosis\ISIC_0014641.jpg,Seborrheic Keratosis,Dermatofibroma,0.7485048174858093,skin,skin_model.keras,False,False
ISIC_0014831.jpg,E:\Mega project\MedvisionAi-\ML-Model\data\Test\FYP skin disease Dataset\Seborrheic Keratosis\ISIC_0014831.jpg,Seborrheic Keratosis,Dermatofibroma,0.9329100847244263,skin,skin_model.keras,True,False
ISIC_0015006.jpg,E:\Mega project\MedvisionAi-\ML-Model\data\Test\FYP skin disease Dataset\Seborrheic Keratosis\ISIC_0015006.jpg,Seborrheic Keratosis,Dermatofibroma,0.7384950518608093,skin,skin_model.keras,False,False
ISIC_0015170.jpg,E:\Mega project\MedvisionAi-\ML-Model\data\Test\FYP skin disease Dataset\Seborrheic Keratosis\ISIC_0015170.jpg,Seborrheic Keratosis,Actinic Keratosis,0.5046533942222595,skin,skin_model.keras,False,False
keloids-13.jpg,E:\Mega project\MedvisionAi-\ML-Model\data\Test\FYP skin disease Dataset\Seborrheic Keratosis\keloids-13.jpg,Seborrheic Keratosis,Dermatofibroma,0.780009388923645,skin,skin_model.keras,True,False
keloids-18.jpg,E:\Mega project\MedvisionAi-\ML-Model\data\Test\FYP skin disease Dataset\Seborrheic Keratosis\keloids-18.jpg,Seborrheic Keratosis,Dermatofibroma,0.5337252020835876,skin,skin_model.keras,False,False
keloids-38.jpg,E:\Mega project\MedvisionAi-\ML-Model\data\Test\FYP skin disease Dataset\Seborrheic Keratosis\keloids-38.jpg,Seborrheic Keratosis,Acne,0.757460355758667,skin,skin_model.keras,True,False
PAT_1306_1086_762.png,E:\Mega project\MedvisionAi-\ML-Model\data\Test\FYP skin disease Dataset\Seborrheic Keratosis\PAT_1306_1086_762.png,Seborrheic Keratosis,Dermatofibroma,0.5544683933258057,skin,skin_model.keras,False,False
PAT_1312_1102_578.png,E:\Mega project\MedvisionAi-\ML-Model\data\Test\FYP skin disease Dataset\Seborrheic Keratosis\PAT_1312_1102_578.png,Seborrheic Keratosis,Actinic Keratosis,0.5090184807777405,skin,skin_model.keras,False,False
PAT_1619_2774_616.png,E:\Mega project\MedvisionAi-\ML-Model\data\Test\FYP skin disease Dataset\Seborrheic Keratosis\PAT_1619_2774_616.png,Seborrheic Keratosis,Dermatofibroma,0.47102317214012146,skin,skin_model.keras,False,True
skin-tags-polyps-31.jpg,E:\Mega project\MedvisionAi-\ML-Model\data\Test\FYP skin disease Dataset\Seborrheic Keratosis\skin-tags-polyps-31.jpg,Seborrheic Keratosis,Acne,0.5574483871459961,skin,skin_model.keras,False,False
ISIC_0024517.jpg,E:\Mega project\MedvisionAi-\ML-Model\data\Test\FYP skin disease Dataset\Squamous Cell Carcinoma\ISIC_0024517.jpg,Squamous Cell Carcinoma,Melanocytic Nevus (Nevus),0.4118666350841522,skin,skin_model.keras,False,True
ISIC_0024575.jpg,E:\Mega project\MedvisionAi-\ML-Model\data\Test\FYP skin disease Dataset\Squamous Cell Carcinoma\ISIC_0024575.jpg,Squamous Cell Carcinoma,Melanoma,0.45059120655059814,skin,skin_model.keras,False,True
ISIC_0025029.jpg,E:\Mega project\MedvisionAi-\ML-Model\data\Test\FYP skin disease Dataset\Squamous Cell Carcinoma\ISIC_0025029.jpg,Squamous Cell Carcinoma,Melanoma,0.7531614303588867,skin,skin_model.keras,True,False
ISIC_0026203.jpg,E:\Mega project\MedvisionAi-\ML-Model\data\Test\FYP skin disease Dataset\Squamous Cell Carcinoma\ISIC_0026203.jpg,Squamous Cell Carcinoma,Melanoma,0.5864042043685913,skin,skin_model.keras,False,False
ISIC_0026327.jpg,E:\Mega project\MedvisionAi-\ML-Model\data\Test\FYP skin disease Dataset\Squamous Cell Carcinoma\ISIC_0026327.jpg,Squamous Cell Carcinoma,Melanoma,0.7148834466934204,skin,skin_model.keras,False,False
ISIC_0026388.jpg,E:\Mega project\MedvisionAi-\ML-Model\data\Test\FYP skin disease Dataset\Squamous Cell Carcinoma\ISIC_0026388.jpg,Squamous Cell Carcinoma,Melanoma,0.8278306722640991,skin,skin_model.keras,True,False
ISIC_0026981.jpg,E:\Mega project\MedvisionAi-\ML-Model\data\Test\FYP skin disease Dataset\Squamous Cell Carcinoma\ISIC_0026981.jpg,Squamous Cell Carcinoma,Melanocytic Nevus (Nevus),0.6148458123207092,skin,skin_model.keras,False,False
ISIC_0028224.jpg,E:\Mega project\MedvisionAi-\ML-Model\data\Test\FYP skin disease Dataset\Squamous Cell Carcinoma\ISIC_0028224.jpg,Squamous Cell Carcinoma,Basal Cell Carcinoma,0.378785103559494,skin,skin_model.keras,False,True
ISIC_0028795.jpg,E:\Mega project\MedvisionAi-\ML-Model\data\Test\FYP skin disease Dataset\Squamous Cell Carcinoma\ISIC_0028795.jpg,Squamous Cell Carcinoma,Melanoma,0.5590340495109558,skin,skin_model.keras,False,False
ISIC_0029067.jpg,E:\Mega project\MedvisionAi-\ML-Model\data\Test\FYP skin disease Dataset\Squamous Cell Carcinoma\ISIC_0029067.jpg,Squamous Cell Carcinoma,Melanocytic Nevus (Nevus),0.40975815057754517,skin,skin_model.keras,False,True
ISIC_0029279.jpg,E:\Mega project\MedvisionAi-\ML-Model\data\Test\FYP skin disease Dataset\Squamous Cell Carcinoma\ISIC_0029279.jpg,Squamous Cell Carcinoma,Melanoma,0.5201748609542847,skin,skin_model.keras,False,False
ISIC_0030280.jpg,E:\Mega project\MedvisionAi-\ML-Model\data\Test\FYP skin disease Dataset\Squamous Cell Carcinoma\ISIC_0030280.jpg,Squamous Cell Carcinoma,Melanoma,0.33259326219558716,skin,skin_model.keras,False,True
ISIC_0030844.jpg,E:\Mega project\MedvisionAi-\ML-Model\data\Test\FYP skin disease Dataset\Squamous Cell Carcinoma\ISIC_0030844.jpg,Squamous Cell Carcinoma,Melanocytic Nevus (Nevus),0.3981357216835022,skin,skin_model.keras,False,True
ISIC_0031852.jpg,E:\Mega project\MedvisionAi-\ML-Model\data\Test\FYP skin disease Dataset\Squamous Cell Carcinoma\ISIC_0031852.jpg,Squamous Cell Carcinoma,Melanoma,0.7168911099433899,skin,skin_model.keras,False,False
ISIC_0031929.jpg,E:\Mega project\MedvisionAi-\ML-Model\data\Test\FYP skin disease Dataset\Squamous Cell Carcinoma\ISIC_0031929.jpg,Squamous Cell Carcinoma,Basal Cell Carcinoma,0.3684965670108795,skin,skin_model.keras,False,True
ISIC_0032277.jpg,E:\Mega project\MedvisionAi-\ML-Model\data\Test\FYP skin disease Dataset\Squamous Cell Carcinoma\ISIC_0032277.jpg,Squamous Cell Carcinoma,Melanoma,0.6003648638725281,skin,skin_model.keras,False,False
ISIC_0032329.jpg,E:\Mega project\MedvisionAi-\ML-Model\data\Test\FYP skin disease Dataset\Squamous Cell Carcinoma\ISIC_0032329.jpg,Squamous Cell Carcinoma,Melanocytic Nevus (Nevus),0.4462053179740906,skin,skin_model.keras,False,True
ISIC_0053475.jpg,E:\Mega project\MedvisionAi-\ML-Model\data\Test\FYP skin disease Dataset\Squamous Cell Carcinoma\ISIC_0053475.jpg,Squamous Cell Carcinoma,Melanoma,0.3228420615196228,skin,skin_model.keras,False,True
ISIC_0053561.jpg,E:\Mega project\MedvisionAi-\ML-Model\data\Test\FYP skin disease Dataset\Squamous Cell Carcinoma\ISIC_0053561.jpg,Squamous Cell Carcinoma,Basal Cell Carcinoma,0.38927215337753296,skin,skin_model.keras,False,True
ISIC_0053573.jpg,E:\Mega project\MedvisionAi-\ML-Model\data\Test\FYP skin disease Dataset\Squamous Cell Carcinoma\ISIC_0053573.jpg,Squamous Cell Carcinoma,Basal Cell Carcinoma,0.7094451189041138,skin,skin_model.keras,False,False
ISIC_0054342.jpg,E:\Mega project\MedvisionAi-\ML-Model\data\Test\FYP skin disease Dataset\Squamous Cell Carcinoma\ISIC_0054342.jpg,Squamous Cell Carcinoma,Melanocytic Nevus (Nevus),0.374036580324173,skin,skin_model.keras,False,True
ISIC_0055102.jpg,E:\Mega project\MedvisionAi-\ML-Model\data\Test\FYP skin disease Dataset\Squamous Cell Carcinoma\ISIC_0055102.jpg,Squamous Cell Carcinoma,Melanoma,0.3437998592853546,skin,skin_model.keras,False,True
ISIC_0055116.jpg,E:\Mega project\MedvisionAi-\ML-Model\data\Test\FYP skin disease Dataset\Squamous Cell Carcinoma\ISIC_0055116.jpg,Squamous Cell Carcinoma,Melanoma,0.3948109745979309,skin,skin_model.keras,False,True
ISIC_0057224.jpg,E:\Mega project\MedvisionAi-\ML-Model\data\Test\FYP skin disease Dataset\Squamous Cell Carcinoma\ISIC_0057224.jpg,Squamous Cell Carcinoma,Basal Cell Carcinoma,0.7307943105697632,skin,skin_model.keras,False,False
ISIC_0057510.jpg,E:\Mega project\MedvisionAi-\ML-Model\data\Test\FYP skin disease Dataset\Squamous Cell Carcinoma\ISIC_0057510.jpg,Squamous Cell Carcinoma,Basal Cell Carcinoma,0.8390204906463623,skin,skin_model.keras,True,False
ISIC_0061181.jpg,E:\Mega project\MedvisionAi-\ML-Model\data\Test\FYP skin disease Dataset\Squamous Cell Carcinoma\ISIC_0061181.jpg,Squamous Cell Carcinoma,Basal Cell Carcinoma,0.5405941605567932,skin,skin_model.keras,False,False
ISIC_0061240.jpg,E:\Mega project\MedvisionAi-\ML-Model\data\Test\FYP skin disease Dataset\Squamous Cell Carcinoma\ISIC_0061240.jpg,Squamous Cell Carcinoma,Basal Cell Carcinoma,0.7522875666618347,skin,skin_model.keras,True,False
ISIC_0062156.jpg,E:\Mega project\MedvisionAi-\ML-Model\data\Test\FYP skin disease Dataset\Squamous Cell Carcinoma\ISIC_0062156.jpg,Squamous Cell Carcinoma,Basal Cell Carcinoma,0.57940673828125,skin,skin_model.keras,False,False
ISIC_0062493.jpg,E:\Mega project\MedvisionAi-\ML-Model\data\Test\FYP skin disease Dataset\Squamous Cell Carcinoma\ISIC_0062493.jpg,Squamous Cell Carcinoma,Basal Cell Carcinoma,0.6254773736000061,skin,skin_model.keras,False,False
ISIC_0064169.jpg,E:\Mega project\MedvisionAi-\ML-Model\data\Test\FYP skin disease Dataset\Squamous Cell Carcinoma\ISIC_0064169.jpg,Squamous Cell Carcinoma,Melanoma,0.44394487142562866,skin,skin_model.keras,False,True
ISIC_0064338.jpg,E:\Mega project\MedvisionAi-\ML-Model\data\Test\FYP skin disease Dataset\Squamous Cell Carcinoma\ISIC_0064338.jpg,Squamous Cell Carcinoma,Basal Cell Carcinoma,0.4544236660003662,skin,skin_model.keras,False,True
ISIC_0064985.jpg,E:\Mega project\MedvisionAi-\ML-Model\data\Test\FYP skin disease Dataset\Squamous Cell Carcinoma\ISIC_0064985.jpg,Squamous Cell Carcinoma,Basal Cell Carcinoma,0.46562644839286804,skin,skin_model.keras,False,True
ISIC_0066781.jpg,E:\Mega project\MedvisionAi-\ML-Model\data\Test\FYP skin disease Dataset\Squamous Cell Carcinoma\ISIC_0066781.jpg,Squamous Cell Carcinoma,Basal Cell Carcinoma,0.6070150136947632,skin,skin_model.keras,False,False
ISIC_0068498.jpg,E:\Mega project\MedvisionAi-\ML-Model\data\Test\FYP skin disease Dataset\Squamous Cell Carcinoma\ISIC_0068498.jpg,Squamous Cell Carcinoma,Basal Cell Carcinoma,0.6188732385635376,skin,skin_model.keras,False,False
ISIC_0070213.jpg,E:\Mega project\MedvisionAi-\ML-Model\data\Test\FYP skin disease Dataset\Squamous Cell Carcinoma\ISIC_0070213.jpg,Squamous Cell Carcinoma,Basal Cell Carcinoma,0.6450949311256409,skin,skin_model.keras,False,False
ISIC_0070863.jpg,E:\Mega project\MedvisionAi-\ML-Model\data\Test\FYP skin disease Dataset\Squamous Cell Carcinoma\ISIC_0070863.jpg,Squamous Cell Carcinoma,Basal Cell Carcinoma,0.519723117351532,skin,skin_model.keras,False,False
ISIC_0072347.jpg,E:\Mega project\MedvisionAi-\ML-Model\data\Test\FYP skin disease Dataset\Squamous Cell Carcinoma\ISIC_0072347.jpg,Squamous Cell Carcinoma,Basal Cell Carcinoma,0.8587602376937866,skin,skin_model.keras,True,False
ISIC_0072911.jpg,E:\Mega project\MedvisionAi-\ML-Model\data\Test\FYP skin disease Dataset\Squamous Cell Carcinoma\ISIC_0072911.jpg,Squamous Cell Carcinoma,Melanocytic Nevus (Nevus),0.4981551468372345,skin,skin_model.keras,False,True
ISIC_0073195.jpg,E:\Mega project\MedvisionAi-\ML-Model\data\Test\FYP skin disease Dataset\Squamous Cell Carcinoma\ISIC_0073195.jpg,Squamous Cell Carcinoma,Basal Cell Carcinoma,0.4889928102493286,skin,skin_model.keras,False,True
